solid OpenSCAD_Model
  facet normal 1 -0 0
    outer loop
      vertex -38.1 2.25 1.7
      vertex -38.1 3.95 0.0199995
      vertex -38.1 3.95 1.7
    endloop
  endfacet
  facet normal 1 0 0
    outer loop
      vertex -38.1 2.25 0
      vertex -38.1 3.95 0.0199995
      vertex -38.1 2.25 1.7
    endloop
  endfacet
  facet normal 1 0 0
    outer loop
      vertex -38.1 3.95 0.0199995
      vertex -38.1 2.25 0
      vertex -38.1 3.95 0
    endloop
  endfacet
  facet normal -0 0 1
    outer loop
      vertex -39.85 3.95 1.7
      vertex -38.1 2.25 1.7
      vertex -38.1 3.95 1.7
    endloop
  endfacet
  facet normal 0 0 1
    outer loop
      vertex -38.1 2.25 1.7
      vertex -39.85 3.95 1.7
      vertex -39.85 2.25 1.7
    endloop
  endfacet
  facet normal -1 0 0
    outer loop
      vertex -39.85 2.25 -0.00999928
      vertex -39.85 3.95 0.0199995
      vertex -39.85 3.95 -0.00999928
    endloop
  endfacet
  facet normal -1 0 0
    outer loop
      vertex -39.85 2.25 1.7
      vertex -39.85 3.95 0.0199995
      vertex -39.85 2.25 -0.00999928
    endloop
  endfacet
  facet normal -1 0 0
    outer loop
      vertex -39.85 3.95 0.0199995
      vertex -39.85 2.25 1.7
      vertex -39.85 3.95 1.7
    endloop
  endfacet
  facet normal 0 1 -0
    outer loop
      vertex -38.1 3.95 0.0199995
      vertex -39.85 3.95 1.7
      vertex -38.1 3.95 1.7
    endloop
  endfacet
  facet normal 0 1 0
    outer loop
      vertex -39.85 3.95 1.7
      vertex -38.1 3.95 0.0199995
      vertex -39.85 3.95 0.0199995
    endloop
  endfacet
  facet normal 0 1 0
    outer loop
      vertex 39.85 3.95 0.0199995
      vertex 36.6 3.95 0
      vertex 36.6 3.95 0.0199995
    endloop
  endfacet
  facet normal 0 1 0
    outer loop
      vertex 39.85 3.95 0.0199995
      vertex 39.85 3.95 -0.00999928
      vertex 36.6 3.95 0
    endloop
  endfacet
  facet normal 0 1 -0
    outer loop
      vertex -38.1 3.95 0
      vertex -39.85 3.95 0.0199995
      vertex -38.1 3.95 0.0199995
    endloop
  endfacet
  facet normal 0 1 -0
    outer loop
      vertex 39.85 3.95 -0.299999
      vertex 36.6 3.95 0
      vertex 39.85 3.95 -0.00999928
    endloop
  endfacet
  facet normal 0 1 0
    outer loop
      vertex -39.85 3.95 -0.299999
      vertex 36.6 3.95 0
      vertex 39.85 3.95 -0.299999
    endloop
  endfacet
  facet normal 0 1 0
    outer loop
      vertex -39.85 3.95 -0.00999928
      vertex -39.85 3.95 0.0199995
      vertex -38.1 3.95 0
    endloop
  endfacet
  facet normal 0 1 0
    outer loop
      vertex 36.6 3.95 0
      vertex -39.85 3.95 -0.299999
      vertex -38.1 3.95 0
    endloop
  endfacet
  facet normal 0 1 0
    outer loop
      vertex -38.1 3.95 0
      vertex -39.85 3.95 -0.299999
      vertex -39.85 3.95 -0.00999928
    endloop
  endfacet
  facet normal 0 1 -0
    outer loop
      vertex 39.85 3.95 0.0199995
      vertex 36.6 3.95 1.7
      vertex 39.85 3.95 1.7
    endloop
  endfacet
  facet normal 0 1 0
    outer loop
      vertex 36.6 3.95 1.7
      vertex 39.85 3.95 0.0199995
      vertex 36.6 3.95 0.0199995
    endloop
  endfacet
  facet normal 0 -1 0
    outer loop
      vertex -39.85 2.25 1.7
      vertex -38.1 2.25 0
      vertex -38.1 2.25 1.7
    endloop
  endfacet
  facet normal 0 -1 0
    outer loop
      vertex -39.85 2.25 1.7
      vertex -39.85 2.25 -0.00999928
      vertex -38.1 2.25 0
    endloop
  endfacet
  facet normal 0 -1 0
    outer loop
      vertex 36.6 2.25 0
      vertex 39.85 2.25 1.7
      vertex 36.6 2.25 1.7
    endloop
  endfacet
  facet normal 0 -1 0
    outer loop
      vertex -39.85 2.25 -1.8
      vertex -38.1 2.25 0
      vertex -39.85 2.25 -0.00999928
    endloop
  endfacet
  facet normal 0 -1 -0
    outer loop
      vertex -38.1 2.25 0
      vertex -39.85 2.25 -1.8
      vertex 36.6 2.25 0
    endloop
  endfacet
  facet normal 0 -1 0
    outer loop
      vertex 39.85 2.25 -0.00999928
      vertex 39.85 2.25 1.7
      vertex 36.6 2.25 0
    endloop
  endfacet
  facet normal 0 -1 0
    outer loop
      vertex 39.85 2.25 -1.8
      vertex 36.6 2.25 0
      vertex -39.85 2.25 -1.8
    endloop
  endfacet
  facet normal 0 -1 0
    outer loop
      vertex 36.6 2.25 0
      vertex 39.85 2.25 -1.8
      vertex 39.85 2.25 -0.00999928
    endloop
  endfacet
  facet normal 1 0 0
    outer loop
      vertex -38.1 5.45 0.0199995
      vertex -38.1 7.2 1.7
      vertex -38.1 5.45 1.7
    endloop
  endfacet
  facet normal 1 0 0
    outer loop
      vertex -38.1 7.2 1.7
      vertex -38.1 5.45 0.0199995
      vertex -38.1 7.2 0
    endloop
  endfacet
  facet normal 1 0 0
    outer loop
      vertex -38.1 7.2 0
      vertex -38.1 5.45 0.0199995
      vertex -38.1 5.45 0
    endloop
  endfacet
  facet normal -0 0 1
    outer loop
      vertex -39.85 7.2 1.7
      vertex -38.1 5.45 1.7
      vertex -38.1 7.2 1.7
    endloop
  endfacet
  facet normal 0 0 1
    outer loop
      vertex -38.1 5.45 1.7
      vertex -39.85 7.2 1.7
      vertex -39.85 5.45 1.7
    endloop
  endfacet
  facet normal -1 0 0
    outer loop
      vertex -39.85 5.45 0.0199995
      vertex -39.85 7.2 -0.00999928
      vertex -39.85 5.45 -0.00999928
    endloop
  endfacet
  facet normal -1 0 0
    outer loop
      vertex -39.85 7.2 -0.00999928
      vertex -39.85 5.45 0.0199995
      vertex -39.85 7.2 1.7
    endloop
  endfacet
  facet normal -1 -0 0
    outer loop
      vertex -39.85 7.2 1.7
      vertex -39.85 5.45 0.0199995
      vertex -39.85 5.45 1.7
    endloop
  endfacet
  facet normal 0 1 -0
    outer loop
      vertex -38.1 7.2 0
      vertex -39.85 7.2 1.7
      vertex -38.1 7.2 1.7
    endloop
  endfacet
  facet normal 0 1 0
    outer loop
      vertex -39.85 7.2 0
      vertex -39.85 7.2 1.7
      vertex -38.1 7.2 0
    endloop
  endfacet
  facet normal 0 -0 0
    outer loop
      vertex -39.85 7.2 0
      vertex -39.85 7.2 -0.00999928
      vertex -39.85 7.2 1.7
    endloop
  endfacet
  facet normal 0 -1 0
    outer loop
      vertex -39.85 5.45 0.0199995
      vertex -38.1 5.45 1.7
      vertex -39.85 5.45 1.7
    endloop
  endfacet
  facet normal 0 -1 -0
    outer loop
      vertex -38.1 5.45 1.7
      vertex -39.85 5.45 0.0199995
      vertex -38.1 5.45 0.0199995
    endloop
  endfacet
  facet normal 0 -1 0
    outer loop
      vertex -39.85 5.45 0.0199995
      vertex -38.1 5.45 0
      vertex -38.1 5.45 0.0199995
    endloop
  endfacet
  facet normal 0 -1 0
    outer loop
      vertex -39.85 5.45 0.0199995
      vertex -39.85 5.45 -0.00999928
      vertex -38.1 5.45 0
    endloop
  endfacet
  facet normal 0 -1 0
    outer loop
      vertex 36.6 5.45 0
      vertex 39.85 5.45 0.0199995
      vertex 36.6 5.45 0.0199995
    endloop
  endfacet
  facet normal 0 -1 0
    outer loop
      vertex -39.85 5.45 -0.299999
      vertex -38.1 5.45 0
      vertex -39.85 5.45 -0.00999928
    endloop
  endfacet
  facet normal 0 -1 -0
    outer loop
      vertex -38.1 5.45 0
      vertex -39.85 5.45 -0.299999
      vertex 36.6 5.45 0
    endloop
  endfacet
  facet normal 0 -1 0
    outer loop
      vertex 39.85 5.45 -0.00999928
      vertex 39.85 5.45 0.0199995
      vertex 36.6 5.45 0
    endloop
  endfacet
  facet normal 0 -1 0
    outer loop
      vertex 39.85 5.45 -0.299999
      vertex 36.6 5.45 0
      vertex -39.85 5.45 -0.299999
    endloop
  endfacet
  facet normal 0 -1 0
    outer loop
      vertex 36.6 5.45 0
      vertex 39.85 5.45 -0.299999
      vertex 39.85 5.45 -0.00999928
    endloop
  endfacet
  facet normal 0 -1 0
    outer loop
      vertex 36.6 5.45 0.0199995
      vertex 39.85 5.45 1.7
      vertex 36.6 5.45 1.7
    endloop
  endfacet
  facet normal 0 -1 -0
    outer loop
      vertex 39.85 5.45 1.7
      vertex 36.6 5.45 0.0199995
      vertex 39.85 5.45 0.0199995
    endloop
  endfacet
  facet normal 1 -0 0
    outer loop
      vertex 39.85 2.25 1.7
      vertex 39.85 3.95 0.0199995
      vertex 39.85 3.95 1.7
    endloop
  endfacet
  facet normal 1 0 0
    outer loop
      vertex 39.85 2.25 -0.00999928
      vertex 39.85 3.95 0.0199995
      vertex 39.85 2.25 1.7
    endloop
  endfacet
  facet normal 1 0 0
    outer loop
      vertex 39.85 3.95 0.0199995
      vertex 39.85 2.25 -0.00999928
      vertex 39.85 3.95 -0.00999928
    endloop
  endfacet
  facet normal -0 0 1
    outer loop
      vertex 36.6 3.95 1.7
      vertex 39.85 2.25 1.7
      vertex 39.85 3.95 1.7
    endloop
  endfacet
  facet normal 0 0 1
    outer loop
      vertex 39.85 2.25 1.7
      vertex 36.6 3.95 1.7
      vertex 36.6 2.25 1.7
    endloop
  endfacet
  facet normal -1 0 0
    outer loop
      vertex 36.6 2.25 0
      vertex 36.6 3.95 0.0199995
      vertex 36.6 3.95 0
    endloop
  endfacet
  facet normal -1 0 0
    outer loop
      vertex 36.6 2.25 1.7
      vertex 36.6 3.95 0.0199995
      vertex 36.6 2.25 0
    endloop
  endfacet
  facet normal -1 0 0
    outer loop
      vertex 36.6 3.95 0.0199995
      vertex 36.6 2.25 1.7
      vertex 36.6 3.95 1.7
    endloop
  endfacet
  facet normal 1 0 0
    outer loop
      vertex 39.85 5.45 0.0199995
      vertex 39.85 7.2 1.7
      vertex 39.85 5.45 1.7
    endloop
  endfacet
  facet normal 1 0 0
    outer loop
      vertex 39.85 7.2 1.7
      vertex 39.85 5.45 0.0199995
      vertex 39.85 7.2 -0.00999928
    endloop
  endfacet
  facet normal 1 0 0
    outer loop
      vertex 39.85 7.2 -0.00999928
      vertex 39.85 5.45 0.0199995
      vertex 39.85 5.45 -0.00999928
    endloop
  endfacet
  facet normal -0 0 1
    outer loop
      vertex 36.6 7.2 1.7
      vertex 39.85 5.45 1.7
      vertex 39.85 7.2 1.7
    endloop
  endfacet
  facet normal 0 0 1
    outer loop
      vertex 39.85 5.45 1.7
      vertex 36.6 7.2 1.7
      vertex 36.6 5.45 1.7
    endloop
  endfacet
  facet normal -1 0 0
    outer loop
      vertex 36.6 5.45 0.0199995
      vertex 36.6 7.2 0
      vertex 36.6 5.45 0
    endloop
  endfacet
  facet normal -1 0 0
    outer loop
      vertex 36.6 7.2 0
      vertex 36.6 5.45 0.0199995
      vertex 36.6 7.2 1.7
    endloop
  endfacet
  facet normal -1 -0 0
    outer loop
      vertex 36.6 7.2 1.7
      vertex 36.6 5.45 0.0199995
      vertex 36.6 5.45 1.7
    endloop
  endfacet
  facet normal 0 1 0
    outer loop
      vertex 39.85 7.2 1.7
      vertex 39.85 7.2 0
      vertex 36.6 7.2 1.7
    endloop
  endfacet
  facet normal 0 0 0
    outer loop
      vertex 39.85 7.2 -0.00999928
      vertex 39.85 7.2 0
      vertex 39.85 7.2 1.7
    endloop
  endfacet
  facet normal 0 1 0
    outer loop
      vertex 36.6 7.2 1.7
      vertex 39.85 7.2 0
      vertex 36.6 7.2 0
    endloop
  endfacet
  facet normal 1 -0 0
    outer loop
      vertex 11 24.8041 2.5
      vertex 11 38.8041 0
      vertex 11 38.8041 2.5
    endloop
  endfacet
  facet normal 1 0 0
    outer loop
      vertex 11 38.8041 0
      vertex 11 24.8041 2.5
      vertex 11 24.8041 0
    endloop
  endfacet
  facet normal 0 0 1
    outer loop
      vertex 6.87553 28.3054 2.5
      vertex 7 27.8041 2.5
      vertex 7.03574 28.267 2.5
    endloop
  endfacet
  facet normal 0 0 1
    outer loop
      vertex 6.72331 28.3685 2.5
      vertex 7 27.8041 2.5
      vertex 6.87553 28.3054 2.5
    endloop
  endfacet
  facet normal 0 0 1
    outer loop
      vertex 6.58282 28.4546 2.5
      vertex 7 27.8041 2.5
      vertex 6.72331 28.3685 2.5
    endloop
  endfacet
  facet normal 0 0 1
    outer loop
      vertex 6.45754 28.5616 2.5
      vertex 7 27.8041 2.5
      vertex 6.58282 28.4546 2.5
    endloop
  endfacet
  facet normal 0 0 1
    outer loop
      vertex 6.35053 28.6869 2.5
      vertex 7 27.8041 2.5
      vertex 6.45754 28.5616 2.5
    endloop
  endfacet
  facet normal -0 0 1
    outer loop
      vertex -6.15 29.3041 2.5
      vertex 6.16293 29.1398 2.5
      vertex 6.15 29.3041 2.5
    endloop
  endfacet
  facet normal 0 0 1
    outer loop
      vertex -6.16293 29.1398 2.5
      vertex 6.16293 29.1398 2.5
      vertex -6.15 29.3041 2.5
    endloop
  endfacet
  facet normal 0 0 1
    outer loop
      vertex 6.16293 29.1398 2.5
      vertex -6.16293 29.1398 2.5
      vertex 6.20139 28.9796 2.5
    endloop
  endfacet
  facet normal 0 0 1
    outer loop
      vertex -6.20139 28.9796 2.5
      vertex 6.20139 28.9796 2.5
      vertex -6.16293 29.1398 2.5
    endloop
  endfacet
  facet normal 0 0 1
    outer loop
      vertex 6.20139 28.9796 2.5
      vertex -6.20139 28.9796 2.5
      vertex 6.26444 28.8274 2.5
    endloop
  endfacet
  facet normal 0 0 1
    outer loop
      vertex -6.26444 28.8274 2.5
      vertex 6.26444 28.8274 2.5
      vertex -6.20139 28.9796 2.5
    endloop
  endfacet
  facet normal 0 0 1
    outer loop
      vertex 6.26444 28.8274 2.5
      vertex -6.26444 28.8274 2.5
      vertex 6.35053 28.6869 2.5
    endloop
  endfacet
  facet normal 0 0 1
    outer loop
      vertex -6.35053 28.6869 2.5
      vertex 6.35053 28.6869 2.5
      vertex -6.26444 28.8274 2.5
    endloop
  endfacet
  facet normal 0 0 1
    outer loop
      vertex 6.35053 28.6869 2.5
      vertex -6.35053 28.6869 2.5
      vertex 7 27.8041 2.5
    endloop
  endfacet
  facet normal 0 0 1
    outer loop
      vertex -7 27.8041 2.5
      vertex -6.35053 28.6869 2.5
      vertex -6.45754 28.5616 2.5
    endloop
  endfacet
  facet normal 0 0 1
    outer loop
      vertex -7 27.8041 2.5
      vertex -6.45754 28.5616 2.5
      vertex -6.58282 28.4546 2.5
    endloop
  endfacet
  facet normal 0 0 1
    outer loop
      vertex -7 27.8041 2.5
      vertex -6.58282 28.4546 2.5
      vertex -6.72331 28.3685 2.5
    endloop
  endfacet
  facet normal 0 0 1
    outer loop
      vertex -7 27.8041 2.5
      vertex -6.72331 28.3685 2.5
      vertex -6.87553 28.3054 2.5
    endloop
  endfacet
  facet normal 0 0 1
    outer loop
      vertex -6.35053 28.6869 2.5
      vertex -7 27.8041 2.5
      vertex 7 27.8041 2.5
    endloop
  endfacet
  facet normal -0 0 1
    outer loop
      vertex -7.03574 28.267 2.5
      vertex -7 27.8041 2.5
      vertex -6.87553 28.3054 2.5
    endloop
  endfacet
  facet normal -0 0 1
    outer loop
      vertex -7.2 28.254 2.5
      vertex -7 27.8041 2.5
      vertex -7.03574 28.267 2.5
    endloop
  endfacet
  facet normal 0 0 1
    outer loop
      vertex -7.36426 28.267 2.5
      vertex -7 27.8041 2.5
      vertex -7.2 28.254 2.5
    endloop
  endfacet
  facet normal 0 0 1
    outer loop
      vertex -7.52447 28.3054 2.5
      vertex -7 27.8041 2.5
      vertex -7.36426 28.267 2.5
    endloop
  endfacet
  facet normal 0 0 1
    outer loop
      vertex -7.67669 28.3685 2.5
      vertex -7 27.8041 2.5
      vertex -7.52447 28.3054 2.5
    endloop
  endfacet
  facet normal 0 0 1
    outer loop
      vertex -7 27.8041 2.5
      vertex -7.67669 28.3685 2.5
      vertex -7 24.8041 2.5
    endloop
  endfacet
  facet normal 0 0 1
    outer loop
      vertex -11 24.8041 2.5
      vertex -7.67669 28.3685 2.5
      vertex -7.81717 28.4546 2.5
    endloop
  endfacet
  facet normal 0 0 1
    outer loop
      vertex -11 24.8041 2.5
      vertex -7.81717 28.4546 2.5
      vertex -7.94246 28.5616 2.5
    endloop
  endfacet
  facet normal 0 0 1
    outer loop
      vertex -11 24.8041 2.5
      vertex -7.94246 28.5616 2.5
      vertex -8.04947 28.6869 2.5
    endloop
  endfacet
  facet normal 0 0 1
    outer loop
      vertex -11 24.8041 2.5
      vertex -8.04947 28.6869 2.5
      vertex -8.13556 28.8274 2.5
    endloop
  endfacet
  facet normal 0 0 1
    outer loop
      vertex -11 24.8041 2.5
      vertex -8.13556 28.8274 2.5
      vertex -8.19861 28.9796 2.5
    endloop
  endfacet
  facet normal 0 0 1
    outer loop
      vertex -8.23707 29.4683 2.5
      vertex -11 24.8041 2.5
      vertex -8.25 29.3041 2.5
    endloop
  endfacet
  facet normal 0 0 1
    outer loop
      vertex -8.25 29.3041 2.5
      vertex -11 24.8041 2.5
      vertex -8.23707 29.1398 2.5
    endloop
  endfacet
  facet normal 0 0 1
    outer loop
      vertex -7.67669 28.3685 2.5
      vertex -11 24.8041 2.5
      vertex -7 24.8041 2.5
    endloop
  endfacet
  facet normal 0 0 1
    outer loop
      vertex -8.23707 29.1398 2.5
      vertex -11 24.8041 2.5
      vertex -8.19861 28.9796 2.5
    endloop
  endfacet
  facet normal -0 0 1
    outer loop
      vertex 8.23707 29.4683 2.5
      vertex 11 24.8041 2.5
      vertex 11 38.8041 2.5
    endloop
  endfacet
  facet normal 0 0 1
    outer loop
      vertex 11 24.8041 2.5
      vertex 8.23707 29.4683 2.5
      vertex 8.25 29.3041 2.5
    endloop
  endfacet
  facet normal 0 0 1
    outer loop
      vertex 11 38.8041 2.5
      vertex 8.19861 29.6285 2.5
      vertex 8.23707 29.4683 2.5
    endloop
  endfacet
  facet normal 0 0 1
    outer loop
      vertex 11 38.8041 2.5
      vertex 8.13556 29.7807 2.5
      vertex 8.19861 29.6285 2.5
    endloop
  endfacet
  facet normal 0 0 1
    outer loop
      vertex 11 38.8041 2.5
      vertex 8.04947 29.9212 2.5
      vertex 8.13556 29.7807 2.5
    endloop
  endfacet
  facet normal 0 0 1
    outer loop
      vertex 11 38.8041 2.5
      vertex 7.94246 30.0465 2.5
      vertex 8.04947 29.9212 2.5
    endloop
  endfacet
  facet normal 0 0 1
    outer loop
      vertex 11 38.8041 2.5
      vertex 7.81717 30.1535 2.5
      vertex 7.94246 30.0465 2.5
    endloop
  endfacet
  facet normal 0 0 1
    outer loop
      vertex 11 38.8041 2.5
      vertex 7.67669 30.2396 2.5
      vertex 7.81717 30.1535 2.5
    endloop
  endfacet
  facet normal 0 0 1
    outer loop
      vertex 11 38.8041 2.5
      vertex 7.52447 30.3027 2.5
      vertex 7.67669 30.2396 2.5
    endloop
  endfacet
  facet normal 0 0 1
    outer loop
      vertex 11 38.8041 2.5
      vertex 7.36426 30.3411 2.5
      vertex 7.52447 30.3027 2.5
    endloop
  endfacet
  facet normal 0 0 1
    outer loop
      vertex 11 38.8041 2.5
      vertex 7.2 30.354 2.5
      vertex 7.36426 30.3411 2.5
    endloop
  endfacet
  facet normal 0 0 1
    outer loop
      vertex 11 38.8041 2.5
      vertex 7.03574 30.3411 2.5
      vertex 7.2 30.354 2.5
    endloop
  endfacet
  facet normal 0 0 1
    outer loop
      vertex 11 38.8041 2.5
      vertex 6.87553 30.3027 2.5
      vertex 7.03574 30.3411 2.5
    endloop
  endfacet
  facet normal 0 0 1
    outer loop
      vertex 11 38.8041 2.5
      vertex 6.72331 30.2396 2.5
      vertex 6.87553 30.3027 2.5
    endloop
  endfacet
  facet normal 0 0 1
    outer loop
      vertex 11 38.8041 2.5
      vertex 6.58282 30.1535 2.5
      vertex 6.72331 30.2396 2.5
    endloop
  endfacet
  facet normal 0 0 1
    outer loop
      vertex -6.58282 30.1535 2.5
      vertex 6.58282 30.1535 2.5
      vertex 11 38.8041 2.5
    endloop
  endfacet
  facet normal 0 0 1
    outer loop
      vertex 6.58282 30.1535 2.5
      vertex -6.58282 30.1535 2.5
      vertex 6.45754 30.0465 2.5
    endloop
  endfacet
  facet normal 0 -0 1
    outer loop
      vertex -6.45754 30.0465 2.5
      vertex 6.45754 30.0465 2.5
      vertex -6.58282 30.1535 2.5
    endloop
  endfacet
  facet normal 0 0 1
    outer loop
      vertex 6.16293 29.4683 2.5
      vertex -6.15 29.3041 2.5
      vertex 6.15 29.3041 2.5
    endloop
  endfacet
  facet normal 0 0 1
    outer loop
      vertex -6.16293 29.4683 2.5
      vertex 6.16293 29.4683 2.5
      vertex 6.20139 29.6285 2.5
    endloop
  endfacet
  facet normal 0 0 1
    outer loop
      vertex -6.20139 29.6285 2.5
      vertex 6.20139 29.6285 2.5
      vertex 6.26444 29.7807 2.5
    endloop
  endfacet
  facet normal 0 0 1
    outer loop
      vertex 6.45754 30.0465 2.5
      vertex -6.45754 30.0465 2.5
      vertex 6.35053 29.9212 2.5
    endloop
  endfacet
  facet normal 0 0 1
    outer loop
      vertex 6.16293 29.4683 2.5
      vertex -6.16293 29.4683 2.5
      vertex -6.15 29.3041 2.5
    endloop
  endfacet
  facet normal 0 0 1
    outer loop
      vertex 6.20139 29.6285 2.5
      vertex -6.20139 29.6285 2.5
      vertex -6.16293 29.4683 2.5
    endloop
  endfacet
  facet normal 0 0 1
    outer loop
      vertex 6.26444 29.7807 2.5
      vertex -6.26444 29.7807 2.5
      vertex -6.20139 29.6285 2.5
    endloop
  endfacet
  facet normal 0 0 1
    outer loop
      vertex 6.26444 29.7807 2.5
      vertex -6.35053 29.9212 2.5
      vertex -6.26444 29.7807 2.5
    endloop
  endfacet
  facet normal 0 0 1
    outer loop
      vertex 6.35053 29.9212 2.5
      vertex -6.35053 29.9212 2.5
      vertex 6.26444 29.7807 2.5
    endloop
  endfacet
  facet normal 0 -0 1
    outer loop
      vertex -6.35053 29.9212 2.5
      vertex 6.35053 29.9212 2.5
      vertex -6.45754 30.0465 2.5
    endloop
  endfacet
  facet normal -0 0 1
    outer loop
      vertex -11 38.8041 2.5
      vertex -6.58282 30.1535 2.5
      vertex 11 38.8041 2.5
    endloop
  endfacet
  facet normal 0 0 1
    outer loop
      vertex -6.58282 30.1535 2.5
      vertex -11 38.8041 2.5
      vertex -6.72331 30.2396 2.5
    endloop
  endfacet
  facet normal 0 0 1
    outer loop
      vertex -6.72331 30.2396 2.5
      vertex -11 38.8041 2.5
      vertex -6.87553 30.3027 2.5
    endloop
  endfacet
  facet normal 0 0 1
    outer loop
      vertex -6.87553 30.3027 2.5
      vertex -11 38.8041 2.5
      vertex -7.03574 30.3411 2.5
    endloop
  endfacet
  facet normal 0 0 1
    outer loop
      vertex -7.03574 30.3411 2.5
      vertex -11 38.8041 2.5
      vertex -7.2 30.354 2.5
    endloop
  endfacet
  facet normal 0 0 1
    outer loop
      vertex -7.2 30.354 2.5
      vertex -11 38.8041 2.5
      vertex -7.36426 30.3411 2.5
    endloop
  endfacet
  facet normal 0 0 1
    outer loop
      vertex -7.36426 30.3411 2.5
      vertex -11 38.8041 2.5
      vertex -7.52447 30.3027 2.5
    endloop
  endfacet
  facet normal 0 0 1
    outer loop
      vertex -11 24.8041 2.5
      vertex -8.23707 29.4683 2.5
      vertex -11 38.8041 2.5
    endloop
  endfacet
  facet normal 0 0 1
    outer loop
      vertex -8.19861 29.6285 2.5
      vertex -11 38.8041 2.5
      vertex -8.23707 29.4683 2.5
    endloop
  endfacet
  facet normal 0 0 1
    outer loop
      vertex -8.13556 29.7807 2.5
      vertex -11 38.8041 2.5
      vertex -8.19861 29.6285 2.5
    endloop
  endfacet
  facet normal 0 0 1
    outer loop
      vertex -8.04947 29.9212 2.5
      vertex -11 38.8041 2.5
      vertex -8.13556 29.7807 2.5
    endloop
  endfacet
  facet normal 0 0 1
    outer loop
      vertex -7.94246 30.0465 2.5
      vertex -11 38.8041 2.5
      vertex -8.04947 29.9212 2.5
    endloop
  endfacet
  facet normal 0 0 1
    outer loop
      vertex -7.81717 30.1535 2.5
      vertex -11 38.8041 2.5
      vertex -7.94246 30.0465 2.5
    endloop
  endfacet
  facet normal 0 0 1
    outer loop
      vertex -7.67669 30.2396 2.5
      vertex -11 38.8041 2.5
      vertex -7.81717 30.1535 2.5
    endloop
  endfacet
  facet normal 0 0 1
    outer loop
      vertex -7.52447 30.3027 2.5
      vertex -11 38.8041 2.5
      vertex -7.67669 30.2396 2.5
    endloop
  endfacet
  facet normal -0 0 1
    outer loop
      vertex 8.23707 29.1398 2.5
      vertex 11 24.8041 2.5
      vertex 8.25 29.3041 2.5
    endloop
  endfacet
  facet normal -0 0 1
    outer loop
      vertex 8.19861 28.9796 2.5
      vertex 11 24.8041 2.5
      vertex 8.23707 29.1398 2.5
    endloop
  endfacet
  facet normal -0 0 1
    outer loop
      vertex 8.13556 28.8274 2.5
      vertex 11 24.8041 2.5
      vertex 8.19861 28.9796 2.5
    endloop
  endfacet
  facet normal -0 0 1
    outer loop
      vertex 8.04947 28.6869 2.5
      vertex 11 24.8041 2.5
      vertex 8.13556 28.8274 2.5
    endloop
  endfacet
  facet normal -0 0 1
    outer loop
      vertex 7.94246 28.5616 2.5
      vertex 11 24.8041 2.5
      vertex 8.04947 28.6869 2.5
    endloop
  endfacet
  facet normal -0 0 1
    outer loop
      vertex 7.81717 28.4546 2.5
      vertex 11 24.8041 2.5
      vertex 7.94246 28.5616 2.5
    endloop
  endfacet
  facet normal -0 0 1
    outer loop
      vertex 7.67669 28.3685 2.5
      vertex 11 24.8041 2.5
      vertex 7.81717 28.4546 2.5
    endloop
  endfacet
  facet normal 0 0 1
    outer loop
      vertex 7 27.8041 2.5
      vertex 7.67669 28.3685 2.5
      vertex 7.52447 28.3054 2.5
    endloop
  endfacet
  facet normal 0 0 1
    outer loop
      vertex 7 27.8041 2.5
      vertex 7.52447 28.3054 2.5
      vertex 7.36426 28.267 2.5
    endloop
  endfacet
  facet normal 0 0 1
    outer loop
      vertex 7 27.8041 2.5
      vertex 7.36426 28.267 2.5
      vertex 7.2 28.254 2.5
    endloop
  endfacet
  facet normal 0 0 1
    outer loop
      vertex 7 27.8041 2.5
      vertex 7.2 28.254 2.5
      vertex 7.03574 28.267 2.5
    endloop
  endfacet
  facet normal 0 0 1
    outer loop
      vertex 7.67669 28.3685 2.5
      vertex 7 27.8041 2.5
      vertex 7 24.8041 2.5
    endloop
  endfacet
  facet normal 0 0 1
    outer loop
      vertex 7.67669 28.3685 2.5
      vertex 7 24.8041 2.5
      vertex 11 24.8041 2.5
    endloop
  endfacet
  facet normal -1 0 0
    outer loop
      vertex -11 24.8041 0
      vertex -11 38.8041 2.5
      vertex -11 38.8041 0
    endloop
  endfacet
  facet normal -1 -0 0
    outer loop
      vertex -11 38.8041 2.5
      vertex -11 24.8041 0
      vertex -11 24.8041 2.5
    endloop
  endfacet
  facet normal 0 1 -0
    outer loop
      vertex 11 38.8041 0
      vertex -11 38.8041 2.5
      vertex 11 38.8041 2.5
    endloop
  endfacet
  facet normal 0 1 0
    outer loop
      vertex -11 38.8041 2.5
      vertex 11 38.8041 0
      vertex -11 38.8041 0
    endloop
  endfacet
  facet normal 0 -1 0
    outer loop
      vertex -11 24.8041 2.5
      vertex -7 24.8041 1
      vertex -7 24.8041 2.5
    endloop
  endfacet
  facet normal 0 -1 -0
    outer loop
      vertex -7 24.8041 1
      vertex -11 24.8041 0
      vertex 7 24.8041 1
    endloop
  endfacet
  facet normal 0 -1 0
    outer loop
      vertex -11 24.8041 0
      vertex -7 24.8041 1
      vertex -11 24.8041 2.5
    endloop
  endfacet
  facet normal 0 -1 0
    outer loop
      vertex 7 24.8041 1
      vertex 11 24.8041 2.5
      vertex 7 24.8041 2.5
    endloop
  endfacet
  facet normal 0 -1 0
    outer loop
      vertex 7 24.8041 1
      vertex 11 24.8041 0
      vertex 11 24.8041 2.5
    endloop
  endfacet
  facet normal 0 -1 0
    outer loop
      vertex 11 24.8041 0
      vertex 7 24.8041 1
      vertex -11 24.8041 0
    endloop
  endfacet
  facet normal -1 0 0
    outer loop
      vertex 7 24.8041 1
      vertex 7 27.8041 2.5
      vertex 7 27.8041 1
    endloop
  endfacet
  facet normal -1 -0 0
    outer loop
      vertex 7 27.8041 2.5
      vertex 7 24.8041 1
      vertex 7 24.8041 2.5
    endloop
  endfacet
  facet normal -0 0 1
    outer loop
      vertex -7 27.8041 1
      vertex 7 24.8041 1
      vertex 7 27.8041 1
    endloop
  endfacet
  facet normal 0 0 1
    outer loop
      vertex 7 24.8041 1
      vertex -7 27.8041 1
      vertex -7 24.8041 1
    endloop
  endfacet
  facet normal 1 -0 0
    outer loop
      vertex -7 24.8041 2.5
      vertex -7 27.8041 1
      vertex -7 27.8041 2.5
    endloop
  endfacet
  facet normal 1 0 0
    outer loop
      vertex -7 27.8041 1
      vertex -7 24.8041 2.5
      vertex -7 24.8041 1
    endloop
  endfacet
  facet normal 0 -1 0
    outer loop
      vertex -7 27.8041 1
      vertex 7 27.8041 2.5
      vertex -7 27.8041 2.5
    endloop
  endfacet
  facet normal 0 -1 -0
    outer loop
      vertex 7 27.8041 2.5
      vertex -7 27.8041 1
      vertex 7 27.8041 1
    endloop
  endfacet
  facet normal -0.972357 -0.233498 0
    outer loop
      vertex -36.3776 8.22746 -5.5
      vertex -36.4692 8.60891 -2.5
      vertex -36.4692 8.60891 -5.5
    endloop
  endfacet
  facet normal -0.972357 -0.233498 0
    outer loop
      vertex -36.4692 8.60891 -2.5
      vertex -36.3776 8.22746 -5.5
      vertex -36.3776 8.22746 -2.5
    endloop
  endfacet
  facet normal 0.972357 0.233498 0
    outer loop
      vertex -31.5308 9.39109 -2.5
      vertex -31.6224 9.77254 -5.5
      vertex -31.6224 9.77254 -2.5
    endloop
  endfacet
  facet normal 0.972357 0.233498 0
    outer loop
      vertex -31.6224 9.77254 -5.5
      vertex -31.5308 9.39109 -2.5
      vertex -31.5308 9.39109 -5.5
    endloop
  endfacet
  facet normal 0.996913 0.0785112 0
    outer loop
      vertex -31.5 9 -2.5
      vertex -31.5308 9.39109 -5.5
      vertex -31.5308 9.39109 -2.5
    endloop
  endfacet
  facet normal 0.996913 0.0785112 0
    outer loop
      vertex -31.5308 9.39109 -5.5
      vertex -31.5 9 -2.5
      vertex -31.5 9 -5.5
    endloop
  endfacet
  facet normal 0.923912 0.382605 0
    outer loop
      vertex -31.6224 9.77254 -2.5
      vertex -31.7725 10.135 -5.5
      vertex -31.7725 10.135 -2.5
    endloop
  endfacet
  facet normal 0.923912 0.382605 0
    outer loop
      vertex -31.7725 10.135 -5.5
      vertex -31.6224 9.77254 -2.5
      vertex -31.6224 9.77254 -5.5
    endloop
  endfacet
  facet normal 0.382613 -0.923909 0
    outer loop
      vertex -33.2275 6.62236 -5.5
      vertex -32.865 6.77248 -2.5
      vertex -33.2275 6.62236 -2.5
    endloop
  endfacet
  facet normal 0.382613 -0.923909 0
    outer loop
      vertex -32.865 6.77248 -2.5
      vertex -33.2275 6.62236 -5.5
      vertex -32.865 6.77248 -5.5
    endloop
  endfacet
  facet normal 0.852606 -0.522555 0
    outer loop
      vertex -31.9775 7.53054 -2.5
      vertex -31.7725 7.86502 -5.5
      vertex -31.7725 7.86502 -2.5
    endloop
  endfacet
  facet normal 0.852606 -0.522555 0
    outer loop
      vertex -31.7725 7.86502 -5.5
      vertex -31.9775 7.53054 -2.5
      vertex -31.9775 7.53054 -5.5
    endloop
  endfacet
  facet normal -0.649342 0.760497 0
    outer loop
      vertex -35.4695 11.0225 -5.5
      vertex -35.7678 10.7678 -2.5
      vertex -35.4695 11.0225 -2.5
    endloop
  endfacet
  facet normal -0.649342 0.760497 0
    outer loop
      vertex -35.7678 10.7678 -2.5
      vertex -35.4695 11.0225 -5.5
      vertex -35.7678 10.7678 -5.5
    endloop
  endfacet
  facet normal -0.382569 0.923927 0
    outer loop
      vertex -34.7725 11.3776 -5.5
      vertex -35.135 11.2275 -2.5
      vertex -34.7725 11.3776 -2.5
    endloop
  endfacet
  facet normal -0.382569 0.923927 0
    outer loop
      vertex -35.135 11.2275 -2.5
      vertex -34.7725 11.3776 -5.5
      vertex -35.135 11.2275 -5.5
    endloop
  endfacet
  facet normal 0.760508 -0.649329 0
    outer loop
      vertex -32.2322 7.23223 -2.5
      vertex -31.9775 7.53054 -5.5
      vertex -31.9775 7.53054 -2.5
    endloop
  endfacet
  facet normal 0.760508 -0.649329 0
    outer loop
      vertex -31.9775 7.53054 -5.5
      vertex -32.2322 7.23223 -2.5
      vertex -32.2322 7.23223 -5.5
    endloop
  endfacet
  facet normal 0.996913 -0.0785112 0
    outer loop
      vertex -31.5308 8.60891 -2.5
      vertex -31.5 9 -5.5
      vertex -31.5 9 -2.5
    endloop
  endfacet
  facet normal 0.996913 -0.0785112 0
    outer loop
      vertex -31.5 9 -5.5
      vertex -31.5308 8.60891 -2.5
      vertex -31.5308 8.60891 -5.5
    endloop
  endfacet
  facet normal 0.923904 -0.382623 0
    outer loop
      vertex -31.7725 7.86502 -2.5
      vertex -31.6224 8.22746 -5.5
      vertex -31.6224 8.22746 -2.5
    endloop
  endfacet
  facet normal 0.923904 -0.382623 0
    outer loop
      vertex -31.6224 8.22746 -5.5
      vertex -31.7725 7.86502 -2.5
      vertex -31.7725 7.86502 -5.5
    endloop
  endfacet
  facet normal -0.923904 -0.382623 0
    outer loop
      vertex -36.2275 7.86502 -5.5
      vertex -36.3776 8.22746 -2.5
      vertex -36.3776 8.22746 -5.5
    endloop
  endfacet
  facet normal -0.923904 -0.382623 0
    outer loop
      vertex -36.3776 8.22746 -2.5
      vertex -36.2275 7.86502 -5.5
      vertex -36.2275 7.86502 -2.5
    endloop
  endfacet
  facet normal -0.996913 0.0785112 0
    outer loop
      vertex -36.5 9 -5.5
      vertex -36.4692 9.39109 -2.5
      vertex -36.4692 9.39109 -5.5
    endloop
  endfacet
  facet normal -0.996913 0.0785112 0
    outer loop
      vertex -36.4692 9.39109 -2.5
      vertex -36.5 9 -5.5
      vertex -36.5 9 -2.5
    endloop
  endfacet
  facet normal -0.972357 0.233498 0
    outer loop
      vertex -36.4692 9.39109 -5.5
      vertex -36.3776 9.77254 -2.5
      vertex -36.3776 9.77254 -5.5
    endloop
  endfacet
  facet normal -0.972357 0.233498 0
    outer loop
      vertex -36.3776 9.77254 -2.5
      vertex -36.4692 9.39109 -5.5
      vertex -36.4692 9.39109 -2.5
    endloop
  endfacet
  facet normal 0.233527 0.97235 -0
    outer loop
      vertex -33.2275 11.3776 -5.5
      vertex -33.6089 11.4692 -2.5
      vertex -33.2275 11.3776 -2.5
    endloop
  endfacet
  facet normal 0.233527 0.97235 0
    outer loop
      vertex -33.6089 11.4692 -2.5
      vertex -33.2275 11.3776 -5.5
      vertex -33.6089 11.4692 -5.5
    endloop
  endfacet
  facet normal -0.0785092 0.996913 0
    outer loop
      vertex -34 11.5 -5.5
      vertex -34.3911 11.4692 -2.5
      vertex -34 11.5 -2.5
    endloop
  endfacet
  facet normal -0.0785092 0.996913 0
    outer loop
      vertex -34.3911 11.4692 -2.5
      vertex -34 11.5 -5.5
      vertex -34.3911 11.4692 -5.5
    endloop
  endfacet
  facet normal -0.760508 -0.649329 0
    outer loop
      vertex -35.7678 7.23223 -5.5
      vertex -36.0225 7.53054 -2.5
      vertex -36.0225 7.53054 -5.5
    endloop
  endfacet
  facet normal -0.760508 -0.649329 0
    outer loop
      vertex -36.0225 7.53054 -2.5
      vertex -35.7678 7.23223 -5.5
      vertex -35.7678 7.23223 -2.5
    endloop
  endfacet
  facet normal -0.233479 -0.972362 0
    outer loop
      vertex -34.7725 6.62236 -5.5
      vertex -34.3911 6.53078 -2.5
      vertex -34.7725 6.62236 -2.5
    endloop
  endfacet
  facet normal -0.233479 -0.972362 -0
    outer loop
      vertex -34.3911 6.53078 -2.5
      vertex -34.7725 6.62236 -5.5
      vertex -34.3911 6.53078 -5.5
    endloop
  endfacet
  facet normal -0.649445 -0.760409 0
    outer loop
      vertex -35.7678 7.23223 -5.5
      vertex -35.4695 6.97746 -2.5
      vertex -35.7678 7.23223 -2.5
    endloop
  endfacet
  facet normal -0.649445 -0.760409 -0
    outer loop
      vertex -35.4695 6.97746 -2.5
      vertex -35.7678 7.23223 -5.5
      vertex -35.4695 6.97746 -5.5
    endloop
  endfacet
  facet normal 0.85262 0.522532 0
    outer loop
      vertex -31.7725 10.135 -2.5
      vertex -31.9775 10.4695 -5.5
      vertex -31.9775 10.4695 -2.5
    endloop
  endfacet
  facet normal 0.85262 0.522532 0
    outer loop
      vertex -31.9775 10.4695 -5.5
      vertex -31.7725 10.135 -2.5
      vertex -31.7725 10.135 -5.5
    endloop
  endfacet
  facet normal -0.923912 0.382605 0
    outer loop
      vertex -36.3776 9.77254 -5.5
      vertex -36.2275 10.135 -2.5
      vertex -36.2275 10.135 -5.5
    endloop
  endfacet
  facet normal -0.923912 0.382605 0
    outer loop
      vertex -36.2275 10.135 -2.5
      vertex -36.3776 9.77254 -5.5
      vertex -36.3776 9.77254 -2.5
    endloop
  endfacet
  facet normal -0.522532 0.85262 0
    outer loop
      vertex -35.135 11.2275 -5.5
      vertex -35.4695 11.0225 -2.5
      vertex -35.135 11.2275 -2.5
    endloop
  endfacet
  facet normal -0.522532 0.85262 0
    outer loop
      vertex -35.4695 11.0225 -2.5
      vertex -35.135 11.2275 -5.5
      vertex -35.4695 11.0225 -5.5
    endloop
  endfacet
  facet normal -0.0784585 -0.996917 0
    outer loop
      vertex -34.3911 6.53078 -5.5
      vertex -34 6.5 -2.5
      vertex -34.3911 6.53078 -2.5
    endloop
  endfacet
  facet normal -0.0784585 -0.996917 -0
    outer loop
      vertex -34 6.5 -2.5
      vertex -34.3911 6.53078 -5.5
      vertex -34 6.5 -5.5
    endloop
  endfacet
  facet normal 0.522532 0.85262 -0
    outer loop
      vertex -32.5305 11.0225 -5.5
      vertex -32.865 11.2275 -2.5
      vertex -32.5305 11.0225 -2.5
    endloop
  endfacet
  facet normal 0.522532 0.85262 0
    outer loop
      vertex -32.865 11.2275 -2.5
      vertex -32.5305 11.0225 -5.5
      vertex -32.865 11.2275 -5.5
    endloop
  endfacet
  facet normal 0.522495 -0.852642 0
    outer loop
      vertex -32.865 6.77248 -5.5
      vertex -32.5305 6.97746 -2.5
      vertex -32.865 6.77248 -2.5
    endloop
  endfacet
  facet normal 0.522495 -0.852642 0
    outer loop
      vertex -32.5305 6.97746 -2.5
      vertex -32.865 6.77248 -5.5
      vertex -32.5305 6.97746 -5.5
    endloop
  endfacet
  facet normal -0.760497 0.649342 0
    outer loop
      vertex -36.0225 10.4695 -5.5
      vertex -35.7678 10.7678 -2.5
      vertex -35.7678 10.7678 -5.5
    endloop
  endfacet
  facet normal -0.760497 0.649342 0
    outer loop
      vertex -35.7678 10.7678 -2.5
      vertex -36.0225 10.4695 -5.5
      vertex -36.0225 10.4695 -2.5
    endloop
  endfacet
  facet normal -0.233527 0.97235 0
    outer loop
      vertex -34.3911 11.4692 -5.5
      vertex -34.7725 11.3776 -2.5
      vertex -34.3911 11.4692 -2.5
    endloop
  endfacet
  facet normal -0.233527 0.97235 0
    outer loop
      vertex -34.7725 11.3776 -2.5
      vertex -34.3911 11.4692 -5.5
      vertex -34.7725 11.3776 -5.5
    endloop
  endfacet
  facet normal 0 0 -1
    outer loop
      vertex -32.2 9 -5.5
      vertex -31.5 9 -5.5
      vertex -31.5308 8.60891 -5.5
    endloop
  endfacet
  facet normal 0 0 -1
    outer loop
      vertex -32.2222 8.71842 -5.5
      vertex -31.5308 8.60891 -5.5
      vertex -31.6224 8.22746 -5.5
    endloop
  endfacet
  facet normal 0 0 -1
    outer loop
      vertex -31.5 9 -5.5
      vertex -32.2 9 -5.5
      vertex -31.5308 9.39109 -5.5
    endloop
  endfacet
  facet normal 0 0 -1
    outer loop
      vertex -32.2881 8.44377 -5.5
      vertex -31.6224 8.22746 -5.5
      vertex -31.7725 7.86502 -5.5
    endloop
  endfacet
  facet normal 0 0 -1
    outer loop
      vertex -32.2222 9.28158 -5.5
      vertex -31.5308 9.39109 -5.5
      vertex -32.2 9 -5.5
    endloop
  endfacet
  facet normal 0 0 -1
    outer loop
      vertex -32.3962 8.18282 -5.5
      vertex -31.7725 7.86502 -5.5
      vertex -31.9775 7.53054 -5.5
    endloop
  endfacet
  facet normal -0 0 -1
    outer loop
      vertex -31.5308 9.39109 -5.5
      vertex -32.2222 9.28158 -5.5
      vertex -31.6224 9.77254 -5.5
    endloop
  endfacet
  facet normal 0 0 -1
    outer loop
      vertex -32.2881 9.55623 -5.5
      vertex -31.6224 9.77254 -5.5
      vertex -32.2222 9.28158 -5.5
    endloop
  endfacet
  facet normal 0 0 -1
    outer loop
      vertex -31.5308 8.60891 -5.5
      vertex -32.2222 8.71842 -5.5
      vertex -32.2 9 -5.5
    endloop
  endfacet
  facet normal 0 0 -1
    outer loop
      vertex -32.5438 7.94199 -5.5
      vertex -31.9775 7.53054 -5.5
      vertex -32.2322 7.23223 -5.5
    endloop
  endfacet
  facet normal 0 0 -1
    outer loop
      vertex -31.6224 8.22746 -5.5
      vertex -32.2881 8.44377 -5.5
      vertex -32.2222 8.71842 -5.5
    endloop
  endfacet
  facet normal 0 0 -1
    outer loop
      vertex -31.7725 7.86502 -5.5
      vertex -32.3962 8.18282 -5.5
      vertex -32.2881 8.44377 -5.5
    endloop
  endfacet
  facet normal 0 0 -1
    outer loop
      vertex -32.7272 7.72721 -5.5
      vertex -32.2322 7.23223 -5.5
      vertex -32.5305 6.97746 -5.5
    endloop
  endfacet
  facet normal 0 0 -1
    outer loop
      vertex -31.9775 7.53054 -5.5
      vertex -32.5438 7.94199 -5.5
      vertex -32.3962 8.18282 -5.5
    endloop
  endfacet
  facet normal 0 0 -1
    outer loop
      vertex -32.2322 7.23223 -5.5
      vertex -32.7272 7.72721 -5.5
      vertex -32.5438 7.94199 -5.5
    endloop
  endfacet
  facet normal 0 0 -1
    outer loop
      vertex -32.942 7.54377 -5.5
      vertex -32.5305 6.97746 -5.5
      vertex -32.865 6.77248 -5.5
    endloop
  endfacet
  facet normal 0 0 -1
    outer loop
      vertex -32.5305 6.97746 -5.5
      vertex -32.942 7.54377 -5.5
      vertex -32.7272 7.72721 -5.5
    endloop
  endfacet
  facet normal 0 0 -1
    outer loop
      vertex -32.865 6.77248 -5.5
      vertex -33.1828 7.39619 -5.5
      vertex -32.942 7.54377 -5.5
    endloop
  endfacet
  facet normal 0 0 -1
    outer loop
      vertex -33.2275 6.62236 -5.5
      vertex -33.1828 7.39619 -5.5
      vertex -32.865 6.77248 -5.5
    endloop
  endfacet
  facet normal 0 0 -1
    outer loop
      vertex -33.2275 6.62236 -5.5
      vertex -33.4438 7.2881 -5.5
      vertex -33.1828 7.39619 -5.5
    endloop
  endfacet
  facet normal 0 0 -1
    outer loop
      vertex -33.6089 6.53078 -5.5
      vertex -33.4438 7.2881 -5.5
      vertex -33.2275 6.62236 -5.5
    endloop
  endfacet
  facet normal 0 0 -1
    outer loop
      vertex -33.6089 6.53078 -5.5
      vertex -33.7184 7.22216 -5.5
      vertex -33.4438 7.2881 -5.5
    endloop
  endfacet
  facet normal 0 0 -1
    outer loop
      vertex -34 6.5 -5.5
      vertex -33.7184 7.22216 -5.5
      vertex -33.6089 6.53078 -5.5
    endloop
  endfacet
  facet normal 0 0 -1
    outer loop
      vertex -34 6.5 -5.5
      vertex -34 7.2 -5.5
      vertex -33.7184 7.22216 -5.5
    endloop
  endfacet
  facet normal 0 0 -1
    outer loop
      vertex -34 6.5 -5.5
      vertex -34.2816 7.22216 -5.5
      vertex -34 7.2 -5.5
    endloop
  endfacet
  facet normal 0 0 -1
    outer loop
      vertex -34.3911 6.53078 -5.5
      vertex -34.2816 7.22216 -5.5
      vertex -34 6.5 -5.5
    endloop
  endfacet
  facet normal 0 0 -1
    outer loop
      vertex -34.3911 6.53078 -5.5
      vertex -34.5562 7.2881 -5.5
      vertex -34.2816 7.22216 -5.5
    endloop
  endfacet
  facet normal 0 0 -1
    outer loop
      vertex -34.7725 6.62236 -5.5
      vertex -34.5562 7.2881 -5.5
      vertex -34.3911 6.53078 -5.5
    endloop
  endfacet
  facet normal 0 0 -1
    outer loop
      vertex -34.7725 6.62236 -5.5
      vertex -34.8172 7.39619 -5.5
      vertex -34.5562 7.2881 -5.5
    endloop
  endfacet
  facet normal 0 0 -1
    outer loop
      vertex -35.135 6.77248 -5.5
      vertex -34.8172 7.39619 -5.5
      vertex -34.7725 6.62236 -5.5
    endloop
  endfacet
  facet normal -0 0 -1
    outer loop
      vertex -34.8172 7.39619 -5.5
      vertex -35.135 6.77248 -5.5
      vertex -35.058 7.54377 -5.5
    endloop
  endfacet
  facet normal 0 0 -1
    outer loop
      vertex -35.4695 6.97746 -5.5
      vertex -35.058 7.54377 -5.5
      vertex -35.135 6.77248 -5.5
    endloop
  endfacet
  facet normal -0 0 -1
    outer loop
      vertex -35.058 7.54377 -5.5
      vertex -35.4695 6.97746 -5.5
      vertex -35.2728 7.72721 -5.5
    endloop
  endfacet
  facet normal 0 0 -1
    outer loop
      vertex -35.7678 7.23223 -5.5
      vertex -35.2728 7.72721 -5.5
      vertex -35.4695 6.97746 -5.5
    endloop
  endfacet
  facet normal -0 0 -1
    outer loop
      vertex -35.2728 7.72721 -5.5
      vertex -35.7678 7.23223 -5.5
      vertex -35.4562 7.94199 -5.5
    endloop
  endfacet
  facet normal 0 0 -1
    outer loop
      vertex -36.0225 7.53054 -5.5
      vertex -35.4562 7.94199 -5.5
      vertex -35.7678 7.23223 -5.5
    endloop
  endfacet
  facet normal -0 0 -1
    outer loop
      vertex -35.4562 7.94199 -5.5
      vertex -36.0225 7.53054 -5.5
      vertex -35.6038 8.18282 -5.5
    endloop
  endfacet
  facet normal 0 0 -1
    outer loop
      vertex -36.2275 7.86502 -5.5
      vertex -35.6038 8.18282 -5.5
      vertex -36.0225 7.53054 -5.5
    endloop
  endfacet
  facet normal -0 0 -1
    outer loop
      vertex -35.6038 8.18282 -5.5
      vertex -36.2275 7.86502 -5.5
      vertex -35.7119 8.44377 -5.5
    endloop
  endfacet
  facet normal 0 0 -1
    outer loop
      vertex -36.3776 8.22746 -5.5
      vertex -35.7119 8.44377 -5.5
      vertex -36.2275 7.86502 -5.5
    endloop
  endfacet
  facet normal -0 0 -1
    outer loop
      vertex -31.6224 9.77254 -5.5
      vertex -32.2881 9.55623 -5.5
      vertex -31.7725 10.135 -5.5
    endloop
  endfacet
  facet normal 0 0 -1
    outer loop
      vertex -32.3962 9.81718 -5.5
      vertex -31.7725 10.135 -5.5
      vertex -32.2881 9.55623 -5.5
    endloop
  endfacet
  facet normal -0 0 -1
    outer loop
      vertex -31.7725 10.135 -5.5
      vertex -32.3962 9.81718 -5.5
      vertex -31.9775 10.4695 -5.5
    endloop
  endfacet
  facet normal 0 0 -1
    outer loop
      vertex -32.5438 10.058 -5.5
      vertex -31.9775 10.4695 -5.5
      vertex -32.3962 9.81718 -5.5
    endloop
  endfacet
  facet normal -0 0 -1
    outer loop
      vertex -31.9775 10.4695 -5.5
      vertex -32.5438 10.058 -5.5
      vertex -32.2322 10.7678 -5.5
    endloop
  endfacet
  facet normal 0 0 -1
    outer loop
      vertex -32.7272 10.2728 -5.5
      vertex -32.2322 10.7678 -5.5
      vertex -32.5438 10.058 -5.5
    endloop
  endfacet
  facet normal -0 0 -1
    outer loop
      vertex -32.2322 10.7678 -5.5
      vertex -32.7272 10.2728 -5.5
      vertex -32.5305 11.0225 -5.5
    endloop
  endfacet
  facet normal 0 0 -1
    outer loop
      vertex -32.942 10.4562 -5.5
      vertex -32.5305 11.0225 -5.5
      vertex -32.7272 10.2728 -5.5
    endloop
  endfacet
  facet normal -0 0 -1
    outer loop
      vertex -32.5305 11.0225 -5.5
      vertex -32.942 10.4562 -5.5
      vertex -32.865 11.2275 -5.5
    endloop
  endfacet
  facet normal 0 0 -1
    outer loop
      vertex -33.1828 10.6038 -5.5
      vertex -32.865 11.2275 -5.5
      vertex -32.942 10.4562 -5.5
    endloop
  endfacet
  facet normal 0 0 -1
    outer loop
      vertex -33.1828 10.6038 -5.5
      vertex -33.2275 11.3776 -5.5
      vertex -32.865 11.2275 -5.5
    endloop
  endfacet
  facet normal 0 0 -1
    outer loop
      vertex -33.4438 10.7119 -5.5
      vertex -33.2275 11.3776 -5.5
      vertex -33.1828 10.6038 -5.5
    endloop
  endfacet
  facet normal 0 0 -1
    outer loop
      vertex -33.4438 10.7119 -5.5
      vertex -33.6089 11.4692 -5.5
      vertex -33.2275 11.3776 -5.5
    endloop
  endfacet
  facet normal 0 0 -1
    outer loop
      vertex -33.7184 10.7778 -5.5
      vertex -33.6089 11.4692 -5.5
      vertex -33.4438 10.7119 -5.5
    endloop
  endfacet
  facet normal 0 0 -1
    outer loop
      vertex -34 10.8 -5.5
      vertex -33.6089 11.4692 -5.5
      vertex -33.7184 10.7778 -5.5
    endloop
  endfacet
  facet normal 0 0 -1
    outer loop
      vertex -34 10.8 -5.5
      vertex -34 11.5 -5.5
      vertex -33.6089 11.4692 -5.5
    endloop
  endfacet
  facet normal 0 0 -1
    outer loop
      vertex -34.2816 10.7778 -5.5
      vertex -34 11.5 -5.5
      vertex -34 10.8 -5.5
    endloop
  endfacet
  facet normal 0 0 -1
    outer loop
      vertex -34.2816 10.7778 -5.5
      vertex -34.3911 11.4692 -5.5
      vertex -34 11.5 -5.5
    endloop
  endfacet
  facet normal 0 0 -1
    outer loop
      vertex -34.5562 10.7119 -5.5
      vertex -34.3911 11.4692 -5.5
      vertex -34.2816 10.7778 -5.5
    endloop
  endfacet
  facet normal 0 0 -1
    outer loop
      vertex -34.5562 10.7119 -5.5
      vertex -34.7725 11.3776 -5.5
      vertex -34.3911 11.4692 -5.5
    endloop
  endfacet
  facet normal 0 0 -1
    outer loop
      vertex -34.8172 10.6038 -5.5
      vertex -34.7725 11.3776 -5.5
      vertex -34.5562 10.7119 -5.5
    endloop
  endfacet
  facet normal 0 0 -1
    outer loop
      vertex -35.135 11.2275 -5.5
      vertex -34.8172 10.6038 -5.5
      vertex -35.058 10.4562 -5.5
    endloop
  endfacet
  facet normal 0 0 -1
    outer loop
      vertex -34.8172 10.6038 -5.5
      vertex -35.135 11.2275 -5.5
      vertex -34.7725 11.3776 -5.5
    endloop
  endfacet
  facet normal 0 0 -1
    outer loop
      vertex -35.4695 11.0225 -5.5
      vertex -35.058 10.4562 -5.5
      vertex -35.2728 10.2728 -5.5
    endloop
  endfacet
  facet normal 0 0 -1
    outer loop
      vertex -35.7678 10.7678 -5.5
      vertex -35.2728 10.2728 -5.5
      vertex -35.4562 10.058 -5.5
    endloop
  endfacet
  facet normal 0 0 -1
    outer loop
      vertex -35.058 10.4562 -5.5
      vertex -35.4695 11.0225 -5.5
      vertex -35.135 11.2275 -5.5
    endloop
  endfacet
  facet normal 0 0 -1
    outer loop
      vertex -36.0225 10.4695 -5.5
      vertex -35.4562 10.058 -5.5
      vertex -35.6038 9.81718 -5.5
    endloop
  endfacet
  facet normal 0 0 -1
    outer loop
      vertex -36.2275 10.135 -5.5
      vertex -35.6038 9.81718 -5.5
      vertex -35.7119 9.55623 -5.5
    endloop
  endfacet
  facet normal 0 0 -1
    outer loop
      vertex -35.2728 10.2728 -5.5
      vertex -35.7678 10.7678 -5.5
      vertex -35.4695 11.0225 -5.5
    endloop
  endfacet
  facet normal 0 0 -1
    outer loop
      vertex -36.3776 9.77254 -5.5
      vertex -35.7119 9.55623 -5.5
      vertex -35.7778 9.28158 -5.5
    endloop
  endfacet
  facet normal 0 0 -1
    outer loop
      vertex -36.4692 9.39109 -5.5
      vertex -35.7778 9.28158 -5.5
      vertex -35.8 9 -5.5
    endloop
  endfacet
  facet normal -0 0 -1
    outer loop
      vertex -35.7119 8.44377 -5.5
      vertex -36.3776 8.22746 -5.5
      vertex -35.7778 8.71842 -5.5
    endloop
  endfacet
  facet normal 0 0 -1
    outer loop
      vertex -35.4562 10.058 -5.5
      vertex -36.0225 10.4695 -5.5
      vertex -35.7678 10.7678 -5.5
    endloop
  endfacet
  facet normal 0 0 -1
    outer loop
      vertex -36.4692 8.60891 -5.5
      vertex -35.7778 8.71842 -5.5
      vertex -36.3776 8.22746 -5.5
    endloop
  endfacet
  facet normal 0 0 -1
    outer loop
      vertex -35.6038 9.81718 -5.5
      vertex -36.2275 10.135 -5.5
      vertex -36.0225 10.4695 -5.5
    endloop
  endfacet
  facet normal -0 0 -1
    outer loop
      vertex -35.7778 8.71842 -5.5
      vertex -36.4692 8.60891 -5.5
      vertex -35.8 9 -5.5
    endloop
  endfacet
  facet normal 0 0 -1
    outer loop
      vertex -35.7119 9.55623 -5.5
      vertex -36.3776 9.77254 -5.5
      vertex -36.2275 10.135 -5.5
    endloop
  endfacet
  facet normal 0 0 -1
    outer loop
      vertex -36.5 9 -5.5
      vertex -35.8 9 -5.5
      vertex -36.4692 8.60891 -5.5
    endloop
  endfacet
  facet normal 0 0 -1
    outer loop
      vertex -35.7778 9.28158 -5.5
      vertex -36.4692 9.39109 -5.5
      vertex -36.3776 9.77254 -5.5
    endloop
  endfacet
  facet normal 0 0 -1
    outer loop
      vertex -35.8 9 -5.5
      vertex -36.5 9 -5.5
      vertex -36.4692 9.39109 -5.5
    endloop
  endfacet
  facet normal -0.522495 -0.852642 0
    outer loop
      vertex -35.4695 6.97746 -5.5
      vertex -35.135 6.77248 -2.5
      vertex -35.4695 6.97746 -2.5
    endloop
  endfacet
  facet normal -0.522495 -0.852642 -0
    outer loop
      vertex -35.135 6.77248 -2.5
      vertex -35.4695 6.97746 -5.5
      vertex -35.135 6.77248 -5.5
    endloop
  endfacet
  facet normal 0.760497 0.649342 0
    outer loop
      vertex -31.9775 10.4695 -2.5
      vertex -32.2322 10.7678 -5.5
      vertex -32.2322 10.7678 -2.5
    endloop
  endfacet
  facet normal 0.760497 0.649342 0
    outer loop
      vertex -32.2322 10.7678 -5.5
      vertex -31.9775 10.4695 -2.5
      vertex -31.9775 10.4695 -5.5
    endloop
  endfacet
  facet normal 0.649342 0.760497 -0
    outer loop
      vertex -32.2322 10.7678 -5.5
      vertex -32.5305 11.0225 -2.5
      vertex -32.2322 10.7678 -2.5
    endloop
  endfacet
  facet normal 0.649342 0.760497 0
    outer loop
      vertex -32.5305 11.0225 -2.5
      vertex -32.2322 10.7678 -5.5
      vertex -32.5305 11.0225 -5.5
    endloop
  endfacet
  facet normal 0.0784585 -0.996917 0
    outer loop
      vertex -34 6.5 -5.5
      vertex -33.6089 6.53078 -2.5
      vertex -34 6.5 -2.5
    endloop
  endfacet
  facet normal 0.0784585 -0.996917 0
    outer loop
      vertex -33.6089 6.53078 -2.5
      vertex -34 6.5 -5.5
      vertex -33.6089 6.53078 -5.5
    endloop
  endfacet
  facet normal -0.852606 -0.522555 0
    outer loop
      vertex -36.0225 7.53054 -5.5
      vertex -36.2275 7.86502 -2.5
      vertex -36.2275 7.86502 -5.5
    endloop
  endfacet
  facet normal -0.852606 -0.522555 0
    outer loop
      vertex -36.2275 7.86502 -2.5
      vertex -36.0225 7.53054 -5.5
      vertex -36.0225 7.53054 -2.5
    endloop
  endfacet
  facet normal 0.233479 -0.972362 0
    outer loop
      vertex -33.6089 6.53078 -5.5
      vertex -33.2275 6.62236 -2.5
      vertex -33.6089 6.53078 -2.5
    endloop
  endfacet
  facet normal 0.233479 -0.972362 0
    outer loop
      vertex -33.2275 6.62236 -2.5
      vertex -33.6089 6.53078 -5.5
      vertex -33.2275 6.62236 -5.5
    endloop
  endfacet
  facet normal 0.649445 -0.760409 0
    outer loop
      vertex -32.5305 6.97746 -5.5
      vertex -32.2322 7.23223 -2.5
      vertex -32.5305 6.97746 -2.5
    endloop
  endfacet
  facet normal 0.649445 -0.760409 0
    outer loop
      vertex -32.2322 7.23223 -2.5
      vertex -32.5305 6.97746 -5.5
      vertex -32.2322 7.23223 -5.5
    endloop
  endfacet
  facet normal -0.996913 -0.0785112 0
    outer loop
      vertex -36.4692 8.60891 -5.5
      vertex -36.5 9 -2.5
      vertex -36.5 9 -5.5
    endloop
  endfacet
  facet normal -0.996913 -0.0785112 0
    outer loop
      vertex -36.5 9 -2.5
      vertex -36.4692 8.60891 -5.5
      vertex -36.4692 8.60891 -2.5
    endloop
  endfacet
  facet normal 0.972357 -0.233498 0
    outer loop
      vertex -31.6224 8.22746 -2.5
      vertex -31.5308 8.60891 -5.5
      vertex -31.5308 8.60891 -2.5
    endloop
  endfacet
  facet normal 0.972357 -0.233498 0
    outer loop
      vertex -31.5308 8.60891 -5.5
      vertex -31.6224 8.22746 -2.5
      vertex -31.6224 8.22746 -5.5
    endloop
  endfacet
  facet normal 0.382569 0.923927 -0
    outer loop
      vertex -32.865 11.2275 -5.5
      vertex -33.2275 11.3776 -2.5
      vertex -32.865 11.2275 -2.5
    endloop
  endfacet
  facet normal 0.382569 0.923927 0
    outer loop
      vertex -33.2275 11.3776 -2.5
      vertex -32.865 11.2275 -5.5
      vertex -33.2275 11.3776 -5.5
    endloop
  endfacet
  facet normal -0.382613 -0.923909 0
    outer loop
      vertex -35.135 6.77248 -5.5
      vertex -34.7725 6.62236 -2.5
      vertex -35.135 6.77248 -2.5
    endloop
  endfacet
  facet normal -0.382613 -0.923909 -0
    outer loop
      vertex -34.7725 6.62236 -2.5
      vertex -35.135 6.77248 -5.5
      vertex -34.7725 6.62236 -5.5
    endloop
  endfacet
  facet normal 0.0785092 0.996913 -0
    outer loop
      vertex -33.6089 11.4692 -5.5
      vertex -34 11.5 -2.5
      vertex -33.6089 11.4692 -2.5
    endloop
  endfacet
  facet normal 0.0785092 0.996913 0
    outer loop
      vertex -34 11.5 -2.5
      vertex -33.6089 11.4692 -5.5
      vertex -34 11.5 -5.5
    endloop
  endfacet
  facet normal -0.85262 0.522532 0
    outer loop
      vertex -36.2275 10.135 -5.5
      vertex -36.0225 10.4695 -2.5
      vertex -36.0225 10.4695 -5.5
    endloop
  endfacet
  facet normal -0.85262 0.522532 0
    outer loop
      vertex -36.0225 10.4695 -2.5
      vertex -36.2275 10.135 -5.5
      vertex -36.2275 10.135 -2.5
    endloop
  endfacet
  facet normal -0.9724 -0.233319 0
    outer loop
      vertex -32.2222 9.28158 -5.5
      vertex -32.2881 9.55623 -4.91
      vertex -32.2881 9.55623 -5.5
    endloop
  endfacet
  facet normal -0.9724 -0.233319 0
    outer loop
      vertex -32.2881 9.55623 -4.91
      vertex -32.2222 9.28158 -5.5
      vertex -32.2222 9.28158 -4.91
    endloop
  endfacet
  facet normal -0.996906 -0.0785969 0
    outer loop
      vertex -32.2 9 -5.5
      vertex -32.2222 9.28158 -4.91
      vertex -32.2222 9.28158 -5.5
    endloop
  endfacet
  facet normal -0.996906 -0.0785969 0
    outer loop
      vertex -32.2222 9.28158 -4.91
      vertex -32.2 9 -5.5
      vertex -32.2 9 -4.91
    endloop
  endfacet
  facet normal -0.760505 -0.649332 0
    outer loop
      vertex -32.5438 10.058 -5.5
      vertex -32.7272 10.2728 -4.91
      vertex -32.7272 10.2728 -5.5
    endloop
  endfacet
  facet normal -0.760505 -0.649332 0
    outer loop
      vertex -32.7272 10.2728 -4.91
      vertex -32.5438 10.058 -5.5
      vertex -32.5438 10.058 -4.91
    endloop
  endfacet
  facet normal 0.923866 0.382717 0
    outer loop
      vertex -35.6038 8.18282 -4.91
      vertex -35.7119 8.44377 -5.5
      vertex -35.7119 8.44377 -4.91
    endloop
  endfacet
  facet normal 0.923866 0.382717 0
    outer loop
      vertex -35.7119 8.44377 -5.5
      vertex -35.6038 8.18282 -4.91
      vertex -35.6038 8.18282 -5.5
    endloop
  endfacet
  facet normal 0.760475 0.649367 0
    outer loop
      vertex -35.2728 7.72721 -4.91
      vertex -35.4562 7.94199 -5.5
      vertex -35.4562 7.94199 -4.91
    endloop
  endfacet
  facet normal 0.760475 0.649367 0
    outer loop
      vertex -35.4562 7.94199 -5.5
      vertex -35.2728 7.72721 -4.91
      vertex -35.2728 7.72721 -5.5
    endloop
  endfacet
  facet normal -0.996906 0.0785969 0
    outer loop
      vertex -32.2222 8.71842 -5.5
      vertex -32.2 9 -4.91
      vertex -32.2 9 -5.5
    endloop
  endfacet
  facet normal -0.996906 0.0785969 0
    outer loop
      vertex -32.2 9 -4.91
      vertex -32.2222 8.71842 -5.5
      vertex -32.2222 8.71842 -4.91
    endloop
  endfacet
  facet normal 0.760505 -0.649332 0
    outer loop
      vertex -35.4562 10.058 -4.91
      vertex -35.2728 10.2728 -5.5
      vertex -35.2728 10.2728 -4.91
    endloop
  endfacet
  facet normal 0.760505 -0.649332 0
    outer loop
      vertex -35.2728 10.2728 -5.5
      vertex -35.4562 10.058 -4.91
      vertex -35.4562 10.058 -5.5
    endloop
  endfacet
  facet normal 0.9724 0.233319 0
    outer loop
      vertex -35.7119 8.44377 -4.91
      vertex -35.7778 8.71842 -5.5
      vertex -35.7778 8.71842 -4.91
    endloop
  endfacet
  facet normal 0.9724 0.233319 0
    outer loop
      vertex -35.7778 8.71842 -5.5
      vertex -35.7119 8.44377 -4.91
      vertex -35.7119 8.44377 -5.5
    endloop
  endfacet
  facet normal 0.9724 -0.233319 0
    outer loop
      vertex -35.7778 9.28158 -4.91
      vertex -35.7119 9.55623 -5.5
      vertex -35.7119 9.55623 -4.91
    endloop
  endfacet
  facet normal 0.9724 -0.233319 0
    outer loop
      vertex -35.7119 9.55623 -5.5
      vertex -35.7778 9.28158 -4.91
      vertex -35.7778 9.28158 -5.5
    endloop
  endfacet
  facet normal -0.23336 -0.972391 0
    outer loop
      vertex -33.7184 10.7778 -5.5
      vertex -33.4438 10.7119 -4.91
      vertex -33.7184 10.7778 -4.91
    endloop
  endfacet
  facet normal -0.23336 -0.972391 -0
    outer loop
      vertex -33.4438 10.7119 -4.91
      vertex -33.7184 10.7778 -5.5
      vertex -33.4438 10.7119 -5.5
    endloop
  endfacet
  facet normal 0.382654 -0.923892 0
    outer loop
      vertex -34.8172 10.6038 -5.5
      vertex -34.5562 10.7119 -4.91
      vertex -34.8172 10.6038 -4.91
    endloop
  endfacet
  facet normal 0.382654 -0.923892 0
    outer loop
      vertex -34.5562 10.7119 -4.91
      vertex -34.8172 10.6038 -5.5
      vertex -34.5562 10.7119 -5.5
    endloop
  endfacet
  facet normal -0.522544 0.852612 0
    outer loop
      vertex -32.942 7.54377 -5.5
      vertex -33.1828 7.39619 -4.91
      vertex -32.942 7.54377 -4.91
    endloop
  endfacet
  facet normal -0.522544 0.852612 0
    outer loop
      vertex -33.1828 7.39619 -4.91
      vertex -32.942 7.54377 -5.5
      vertex -33.1828 7.39619 -5.5
    endloop
  endfacet
  facet normal -0.382654 -0.923892 0
    outer loop
      vertex -33.4438 10.7119 -5.5
      vertex -33.1828 10.6038 -4.91
      vertex -33.4438 10.7119 -4.91
    endloop
  endfacet
  facet normal -0.382654 -0.923892 -0
    outer loop
      vertex -33.1828 10.6038 -4.91
      vertex -33.4438 10.7119 -5.5
      vertex -33.1828 10.6038 -5.5
    endloop
  endfacet
  facet normal -0.760475 0.649367 0
    outer loop
      vertex -32.7272 7.72721 -5.5
      vertex -32.5438 7.94199 -4.91
      vertex -32.5438 7.94199 -5.5
    endloop
  endfacet
  facet normal -0.760475 0.649367 0
    outer loop
      vertex -32.5438 7.94199 -4.91
      vertex -32.7272 7.72721 -5.5
      vertex -32.7272 7.72721 -4.91
    endloop
  endfacet
  facet normal 0.522595 -0.852581 0
    outer loop
      vertex -35.058 10.4562 -5.5
      vertex -34.8172 10.6038 -4.91
      vertex -35.058 10.4562 -4.91
    endloop
  endfacet
  facet normal 0.522595 -0.852581 0
    outer loop
      vertex -34.8172 10.6038 -4.91
      vertex -35.058 10.4562 -5.5
      vertex -34.8172 10.6038 -5.5
    endloop
  endfacet
  facet normal -0.0784506 0.996918 0
    outer loop
      vertex -33.7184 7.22216 -5.5
      vertex -34 7.2 -4.91
      vertex -33.7184 7.22216 -4.91
    endloop
  endfacet
  facet normal -0.0784506 0.996918 0
    outer loop
      vertex -34 7.2 -4.91
      vertex -33.7184 7.22216 -5.5
      vertex -34 7.2 -5.5
    endloop
  endfacet
  facet normal -0.233493 0.972358 0
    outer loop
      vertex -33.4438 7.2881 -5.5
      vertex -33.7184 7.22216 -4.91
      vertex -33.4438 7.2881 -4.91
    endloop
  endfacet
  facet normal -0.233493 0.972358 0
    outer loop
      vertex -33.7184 7.22216 -4.91
      vertex -33.4438 7.2881 -5.5
      vertex -33.7184 7.22216 -5.5
    endloop
  endfacet
  facet normal 0.382624 0.923904 -0
    outer loop
      vertex -34.5562 7.2881 -5.5
      vertex -34.8172 7.39619 -4.91
      vertex -34.5562 7.2881 -4.91
    endloop
  endfacet
  facet normal 0.382624 0.923904 0
    outer loop
      vertex -34.8172 7.39619 -4.91
      vertex -34.5562 7.2881 -5.5
      vertex -34.8172 7.39619 -5.5
    endloop
  endfacet
  facet normal -0.923866 0.382717 0
    outer loop
      vertex -32.3962 8.18282 -5.5
      vertex -32.2881 8.44377 -4.91
      vertex -32.2881 8.44377 -5.5
    endloop
  endfacet
  facet normal -0.923866 0.382717 0
    outer loop
      vertex -32.2881 8.44377 -4.91
      vertex -32.3962 8.18282 -5.5
      vertex -32.3962 8.18282 -4.91
    endloop
  endfacet
  facet normal -0.85261 0.522548 0
    outer loop
      vertex -32.5438 7.94199 -5.5
      vertex -32.3962 8.18282 -4.91
      vertex -32.3962 8.18282 -5.5
    endloop
  endfacet
  facet normal -0.85261 0.522548 0
    outer loop
      vertex -32.3962 8.18282 -4.91
      vertex -32.5438 7.94199 -5.5
      vertex -32.5438 7.94199 -4.91
    endloop
  endfacet
  facet normal 0.233493 0.972358 -0
    outer loop
      vertex -34.2816 7.22216 -5.5
      vertex -34.5562 7.2881 -4.91
      vertex -34.2816 7.22216 -4.91
    endloop
  endfacet
  facet normal 0.233493 0.972358 0
    outer loop
      vertex -34.5562 7.2881 -4.91
      vertex -34.2816 7.22216 -5.5
      vertex -34.5562 7.2881 -5.5
    endloop
  endfacet
  facet normal -0.9724 0.233319 0
    outer loop
      vertex -32.2881 8.44377 -5.5
      vertex -32.2222 8.71842 -4.91
      vertex -32.2222 8.71842 -5.5
    endloop
  endfacet
  facet normal -0.9724 0.233319 0
    outer loop
      vertex -32.2222 8.71842 -4.91
      vertex -32.2881 8.44377 -5.5
      vertex -32.2881 8.44377 -4.91
    endloop
  endfacet
  facet normal 0.0784506 0.996918 -0
    outer loop
      vertex -34 7.2 -5.5
      vertex -34.2816 7.22216 -4.91
      vertex -34 7.2 -4.91
    endloop
  endfacet
  facet normal 0.0784506 0.996918 0
    outer loop
      vertex -34.2816 7.22216 -4.91
      vertex -34 7.2 -5.5
      vertex -34.2816 7.22216 -5.5
    endloop
  endfacet
  facet normal -0.8526 -0.522564 0
    outer loop
      vertex -32.3962 9.81718 -5.5
      vertex -32.5438 10.058 -4.91
      vertex -32.5438 10.058 -5.5
    endloop
  endfacet
  facet normal -0.8526 -0.522564 0
    outer loop
      vertex -32.5438 10.058 -4.91
      vertex -32.3962 9.81718 -5.5
      vertex -32.3962 9.81718 -4.91
    endloop
  endfacet
  facet normal -0.649414 0.760435 0
    outer loop
      vertex -32.7272 7.72721 -5.5
      vertex -32.942 7.54377 -4.91
      vertex -32.7272 7.72721 -4.91
    endloop
  endfacet
  facet normal -0.649414 0.760435 0
    outer loop
      vertex -32.942 7.54377 -4.91
      vertex -32.7272 7.72721 -5.5
      vertex -32.942 7.54377 -5.5
    endloop
  endfacet
  facet normal 0.996906 -0.0785969 0
    outer loop
      vertex -35.8 9 -4.91
      vertex -35.7778 9.28158 -5.5
      vertex -35.7778 9.28158 -4.91
    endloop
  endfacet
  facet normal 0.996906 -0.0785969 0
    outer loop
      vertex -35.7778 9.28158 -5.5
      vertex -35.8 9 -4.91
      vertex -35.8 9 -5.5
    endloop
  endfacet
  facet normal 0.649332 -0.760505 0
    outer loop
      vertex -35.2728 10.2728 -5.5
      vertex -35.058 10.4562 -4.91
      vertex -35.2728 10.2728 -4.91
    endloop
  endfacet
  facet normal 0.649332 -0.760505 0
    outer loop
      vertex -35.058 10.4562 -4.91
      vertex -35.2728 10.2728 -5.5
      vertex -35.058 10.4562 -5.5
    endloop
  endfacet
  facet normal -0.649332 -0.760505 0
    outer loop
      vertex -32.942 10.4562 -5.5
      vertex -32.7272 10.2728 -4.91
      vertex -32.942 10.4562 -4.91
    endloop
  endfacet
  facet normal -0.649332 -0.760505 -0
    outer loop
      vertex -32.7272 10.2728 -4.91
      vertex -32.942 10.4562 -5.5
      vertex -32.7272 10.2728 -5.5
    endloop
  endfacet
  facet normal -0.382624 0.923904 0
    outer loop
      vertex -33.1828 7.39619 -5.5
      vertex -33.4438 7.2881 -4.91
      vertex -33.1828 7.39619 -4.91
    endloop
  endfacet
  facet normal -0.382624 0.923904 0
    outer loop
      vertex -33.4438 7.2881 -4.91
      vertex -33.1828 7.39619 -5.5
      vertex -33.4438 7.2881 -5.5
    endloop
  endfacet
  facet normal -0.522595 -0.852581 0
    outer loop
      vertex -33.1828 10.6038 -5.5
      vertex -32.942 10.4562 -4.91
      vertex -33.1828 10.6038 -4.91
    endloop
  endfacet
  facet normal -0.522595 -0.852581 -0
    outer loop
      vertex -32.942 10.4562 -4.91
      vertex -33.1828 10.6038 -5.5
      vertex -32.942 10.4562 -5.5
    endloop
  endfacet
  facet normal 0.23336 -0.972391 0
    outer loop
      vertex -34.5562 10.7119 -5.5
      vertex -34.2816 10.7778 -4.91
      vertex -34.5562 10.7119 -4.91
    endloop
  endfacet
  facet normal 0.23336 -0.972391 0
    outer loop
      vertex -34.2816 10.7778 -4.91
      vertex -34.5562 10.7119 -5.5
      vertex -34.2816 10.7778 -5.5
    endloop
  endfacet
  facet normal 0.0785914 -0.996907 0
    outer loop
      vertex -34.2816 10.7778 -5.5
      vertex -34 10.8 -4.91
      vertex -34.2816 10.7778 -4.91
    endloop
  endfacet
  facet normal 0.0785914 -0.996907 0
    outer loop
      vertex -34 10.8 -4.91
      vertex -34.2816 10.7778 -5.5
      vertex -34 10.8 -5.5
    endloop
  endfacet
  facet normal 0 0 -1
    outer loop
      vertex -32.2222 8.71842 -4.91
      vertex -32.2222 9.28158 -4.91
      vertex -32.2 9 -4.91
    endloop
  endfacet
  facet normal 0 0 -1
    outer loop
      vertex -32.2881 8.44377 -4.91
      vertex -32.2222 9.28158 -4.91
      vertex -32.2222 8.71842 -4.91
    endloop
  endfacet
  facet normal 0 0 -1
    outer loop
      vertex -32.2881 8.44377 -4.91
      vertex -32.2881 9.55623 -4.91
      vertex -32.2222 9.28158 -4.91
    endloop
  endfacet
  facet normal 0 0 -1
    outer loop
      vertex -32.3962 8.18282 -4.91
      vertex -32.2881 9.55623 -4.91
      vertex -32.2881 8.44377 -4.91
    endloop
  endfacet
  facet normal 0 0 -1
    outer loop
      vertex -32.3962 8.18282 -4.91
      vertex -32.3962 9.81718 -4.91
      vertex -32.2881 9.55623 -4.91
    endloop
  endfacet
  facet normal 0 0 -1
    outer loop
      vertex -32.5438 7.94199 -4.91
      vertex -32.3962 9.81718 -4.91
      vertex -32.3962 8.18282 -4.91
    endloop
  endfacet
  facet normal 0 0 -1
    outer loop
      vertex -32.5438 7.94199 -4.91
      vertex -32.5438 10.058 -4.91
      vertex -32.3962 9.81718 -4.91
    endloop
  endfacet
  facet normal 0 0 -1
    outer loop
      vertex -32.7272 7.72721 -4.91
      vertex -32.5438 10.058 -4.91
      vertex -32.5438 7.94199 -4.91
    endloop
  endfacet
  facet normal 0 0 -1
    outer loop
      vertex -32.7272 7.72721 -4.91
      vertex -32.7272 10.2728 -4.91
      vertex -32.5438 10.058 -4.91
    endloop
  endfacet
  facet normal 0 0 -1
    outer loop
      vertex -32.942 7.54377 -4.91
      vertex -32.7272 10.2728 -4.91
      vertex -32.7272 7.72721 -4.91
    endloop
  endfacet
  facet normal 0 0 -1
    outer loop
      vertex -32.942 7.54377 -4.91
      vertex -32.942 10.4562 -4.91
      vertex -32.7272 10.2728 -4.91
    endloop
  endfacet
  facet normal 0 0 -1
    outer loop
      vertex -33.1828 7.39619 -4.91
      vertex -32.942 10.4562 -4.91
      vertex -32.942 7.54377 -4.91
    endloop
  endfacet
  facet normal 0 0 -1
    outer loop
      vertex -33.1828 7.39619 -4.91
      vertex -33.1828 10.6038 -4.91
      vertex -32.942 10.4562 -4.91
    endloop
  endfacet
  facet normal 0 0 -1
    outer loop
      vertex -33.4438 7.2881 -4.91
      vertex -33.1828 10.6038 -4.91
      vertex -33.1828 7.39619 -4.91
    endloop
  endfacet
  facet normal 0 0 -1
    outer loop
      vertex -33.4438 7.2881 -4.91
      vertex -33.4438 10.7119 -4.91
      vertex -33.1828 10.6038 -4.91
    endloop
  endfacet
  facet normal 0 0 -1
    outer loop
      vertex -33.7184 7.22216 -4.91
      vertex -33.4438 10.7119 -4.91
      vertex -33.4438 7.2881 -4.91
    endloop
  endfacet
  facet normal 0 0 -1
    outer loop
      vertex -33.7184 7.22216 -4.91
      vertex -33.7184 10.7778 -4.91
      vertex -33.4438 10.7119 -4.91
    endloop
  endfacet
  facet normal 0 0 -1
    outer loop
      vertex -34 7.2 -4.91
      vertex -33.7184 10.7778 -4.91
      vertex -33.7184 7.22216 -4.91
    endloop
  endfacet
  facet normal 0 0 -1
    outer loop
      vertex -34 7.2 -4.91
      vertex -34 10.8 -4.91
      vertex -33.7184 10.7778 -4.91
    endloop
  endfacet
  facet normal 0 0 -1
    outer loop
      vertex -34.2816 7.22216 -4.91
      vertex -34 10.8 -4.91
      vertex -34 7.2 -4.91
    endloop
  endfacet
  facet normal 0 0 -1
    outer loop
      vertex -34.2816 7.22216 -4.91
      vertex -34.2816 10.7778 -4.91
      vertex -34 10.8 -4.91
    endloop
  endfacet
  facet normal 0 0 -1
    outer loop
      vertex -34.5562 7.2881 -4.91
      vertex -34.2816 10.7778 -4.91
      vertex -34.2816 7.22216 -4.91
    endloop
  endfacet
  facet normal 0 0 -1
    outer loop
      vertex -34.5562 7.2881 -4.91
      vertex -34.5562 10.7119 -4.91
      vertex -34.2816 10.7778 -4.91
    endloop
  endfacet
  facet normal 0 0 -1
    outer loop
      vertex -34.8172 7.39619 -4.91
      vertex -34.5562 10.7119 -4.91
      vertex -34.5562 7.2881 -4.91
    endloop
  endfacet
  facet normal 0 0 -1
    outer loop
      vertex -34.8172 7.39619 -4.91
      vertex -34.8172 10.6038 -4.91
      vertex -34.5562 10.7119 -4.91
    endloop
  endfacet
  facet normal 0 0 -1
    outer loop
      vertex -35.058 7.54377 -4.91
      vertex -34.8172 10.6038 -4.91
      vertex -34.8172 7.39619 -4.91
    endloop
  endfacet
  facet normal 0 0 -1
    outer loop
      vertex -35.058 7.54377 -4.91
      vertex -35.058 10.4562 -4.91
      vertex -34.8172 10.6038 -4.91
    endloop
  endfacet
  facet normal 0 0 -1
    outer loop
      vertex -35.2728 7.72721 -4.91
      vertex -35.058 10.4562 -4.91
      vertex -35.058 7.54377 -4.91
    endloop
  endfacet
  facet normal 0 0 -1
    outer loop
      vertex -35.2728 7.72721 -4.91
      vertex -35.2728 10.2728 -4.91
      vertex -35.058 10.4562 -4.91
    endloop
  endfacet
  facet normal 0 0 -1
    outer loop
      vertex -35.4562 7.94199 -4.91
      vertex -35.2728 10.2728 -4.91
      vertex -35.2728 7.72721 -4.91
    endloop
  endfacet
  facet normal 0 0 -1
    outer loop
      vertex -35.4562 7.94199 -4.91
      vertex -35.4562 10.058 -4.91
      vertex -35.2728 10.2728 -4.91
    endloop
  endfacet
  facet normal 0 0 -1
    outer loop
      vertex -35.6038 8.18282 -4.91
      vertex -35.4562 10.058 -4.91
      vertex -35.4562 7.94199 -4.91
    endloop
  endfacet
  facet normal 0 0 -1
    outer loop
      vertex -35.6038 8.18282 -4.91
      vertex -35.6038 9.81718 -4.91
      vertex -35.4562 10.058 -4.91
    endloop
  endfacet
  facet normal 0 0 -1
    outer loop
      vertex -35.7119 8.44377 -4.91
      vertex -35.6038 9.81718 -4.91
      vertex -35.6038 8.18282 -4.91
    endloop
  endfacet
  facet normal 0 0 -1
    outer loop
      vertex -35.7119 8.44377 -4.91
      vertex -35.7119 9.55623 -4.91
      vertex -35.6038 9.81718 -4.91
    endloop
  endfacet
  facet normal 0 0 -1
    outer loop
      vertex -35.7778 8.71842 -4.91
      vertex -35.7119 9.55623 -4.91
      vertex -35.7119 8.44377 -4.91
    endloop
  endfacet
  facet normal 0 0 -1
    outer loop
      vertex -35.7778 8.71842 -4.91
      vertex -35.7778 9.28158 -4.91
      vertex -35.7119 9.55623 -4.91
    endloop
  endfacet
  facet normal 0 -0 -1
    outer loop
      vertex -35.7778 9.28158 -4.91
      vertex -35.7778 8.71842 -4.91
      vertex -35.8 9 -4.91
    endloop
  endfacet
  facet normal 0.996906 0.0785969 0
    outer loop
      vertex -35.7778 8.71842 -4.91
      vertex -35.8 9 -5.5
      vertex -35.8 9 -4.91
    endloop
  endfacet
  facet normal 0.996906 0.0785969 0
    outer loop
      vertex -35.8 9 -5.5
      vertex -35.7778 8.71842 -4.91
      vertex -35.7778 8.71842 -5.5
    endloop
  endfacet
  facet normal -0.923866 -0.382717 0
    outer loop
      vertex -32.2881 9.55623 -5.5
      vertex -32.3962 9.81718 -4.91
      vertex -32.3962 9.81718 -5.5
    endloop
  endfacet
  facet normal -0.923866 -0.382717 0
    outer loop
      vertex -32.3962 9.81718 -4.91
      vertex -32.2881 9.55623 -5.5
      vertex -32.2881 9.55623 -4.91
    endloop
  endfacet
  facet normal 0.8526 -0.522564 0
    outer loop
      vertex -35.6038 9.81718 -4.91
      vertex -35.4562 10.058 -5.5
      vertex -35.4562 10.058 -4.91
    endloop
  endfacet
  facet normal 0.8526 -0.522564 0
    outer loop
      vertex -35.4562 10.058 -5.5
      vertex -35.6038 9.81718 -4.91
      vertex -35.6038 9.81718 -5.5
    endloop
  endfacet
  facet normal -0.0785914 -0.996907 0
    outer loop
      vertex -34 10.8 -5.5
      vertex -33.7184 10.7778 -4.91
      vertex -34 10.8 -4.91
    endloop
  endfacet
  facet normal -0.0785914 -0.996907 -0
    outer loop
      vertex -33.7184 10.7778 -4.91
      vertex -34 10.8 -5.5
      vertex -33.7184 10.7778 -5.5
    endloop
  endfacet
  facet normal 0.85261 0.522548 0
    outer loop
      vertex -35.4562 7.94199 -4.91
      vertex -35.6038 8.18282 -5.5
      vertex -35.6038 8.18282 -4.91
    endloop
  endfacet
  facet normal 0.85261 0.522548 0
    outer loop
      vertex -35.6038 8.18282 -5.5
      vertex -35.4562 7.94199 -4.91
      vertex -35.4562 7.94199 -5.5
    endloop
  endfacet
  facet normal 0.649414 0.760435 -0
    outer loop
      vertex -35.058 7.54377 -5.5
      vertex -35.2728 7.72721 -4.91
      vertex -35.058 7.54377 -4.91
    endloop
  endfacet
  facet normal 0.649414 0.760435 0
    outer loop
      vertex -35.2728 7.72721 -4.91
      vertex -35.058 7.54377 -5.5
      vertex -35.2728 7.72721 -5.5
    endloop
  endfacet
  facet normal 0.923866 -0.382717 0
    outer loop
      vertex -35.7119 9.55623 -4.91
      vertex -35.6038 9.81718 -5.5
      vertex -35.6038 9.81718 -4.91
    endloop
  endfacet
  facet normal 0.923866 -0.382717 0
    outer loop
      vertex -35.6038 9.81718 -5.5
      vertex -35.7119 9.55623 -4.91
      vertex -35.7119 9.55623 -5.5
    endloop
  endfacet
  facet normal 0.522544 0.852612 -0
    outer loop
      vertex -34.8172 7.39619 -5.5
      vertex -35.058 7.54377 -4.91
      vertex -34.8172 7.39619 -4.91
    endloop
  endfacet
  facet normal 0.522544 0.852612 0
    outer loop
      vertex -35.058 7.54377 -4.91
      vertex -34.8172 7.39619 -5.5
      vertex -35.058 7.54377 -5.5
    endloop
  endfacet
  facet normal -0.97235 -0.233527 0
    outer loop
      vertex -36.3776 27.2275 -4.5
      vertex -36.4692 27.6089 -2.5
      vertex -36.4692 27.6089 -4.5
    endloop
  endfacet
  facet normal -0.97235 -0.233527 0
    outer loop
      vertex -36.4692 27.6089 -2.5
      vertex -36.3776 27.2275 -4.5
      vertex -36.3776 27.2275 -2.5
    endloop
  endfacet
  facet normal 0.97235 0.233527 0
    outer loop
      vertex -31.5308 28.3911 -2.5
      vertex -31.6224 28.7725 -4.5
      vertex -31.6224 28.7725 -2.5
    endloop
  endfacet
  facet normal 0.97235 0.233527 0
    outer loop
      vertex -31.6224 28.7725 -4.5
      vertex -31.5308 28.3911 -2.5
      vertex -31.5308 28.3911 -4.5
    endloop
  endfacet
  facet normal 0.996913 0.0785092 0
    outer loop
      vertex -31.5 28 -2.5
      vertex -31.5308 28.3911 -4.5
      vertex -31.5308 28.3911 -2.5
    endloop
  endfacet
  facet normal 0.996913 0.0785092 0
    outer loop
      vertex -31.5308 28.3911 -4.5
      vertex -31.5 28 -2.5
      vertex -31.5 28 -4.5
    endloop
  endfacet
  facet normal 0.923927 0.382569 0
    outer loop
      vertex -31.6224 28.7725 -2.5
      vertex -31.7725 29.135 -4.5
      vertex -31.7725 29.135 -2.5
    endloop
  endfacet
  facet normal 0.923927 0.382569 0
    outer loop
      vertex -31.7725 29.135 -4.5
      vertex -31.6224 28.7725 -2.5
      vertex -31.6224 28.7725 -4.5
    endloop
  endfacet
  facet normal 0.382569 -0.923927 0
    outer loop
      vertex -33.2275 25.6224 -4.5
      vertex -32.865 25.7725 -2.5
      vertex -33.2275 25.6224 -2.5
    endloop
  endfacet
  facet normal 0.382569 -0.923927 0
    outer loop
      vertex -32.865 25.7725 -2.5
      vertex -33.2275 25.6224 -4.5
      vertex -32.865 25.7725 -4.5
    endloop
  endfacet
  facet normal 0.85262 -0.522532 0
    outer loop
      vertex -31.9775 26.5305 -2.5
      vertex -31.7725 26.865 -4.5
      vertex -31.7725 26.865 -2.5
    endloop
  endfacet
  facet normal 0.85262 -0.522532 0
    outer loop
      vertex -31.7725 26.865 -4.5
      vertex -31.9775 26.5305 -2.5
      vertex -31.9775 26.5305 -4.5
    endloop
  endfacet
  facet normal -0.649342 0.760497 0
    outer loop
      vertex -35.4695 30.0225 -4.5
      vertex -35.7678 29.7678 -2.5
      vertex -35.4695 30.0225 -2.5
    endloop
  endfacet
  facet normal -0.649342 0.760497 0
    outer loop
      vertex -35.7678 29.7678 -2.5
      vertex -35.4695 30.0225 -4.5
      vertex -35.7678 29.7678 -4.5
    endloop
  endfacet
  facet normal -0.382569 0.923927 0
    outer loop
      vertex -34.7725 30.3776 -4.5
      vertex -35.135 30.2275 -2.5
      vertex -34.7725 30.3776 -2.5
    endloop
  endfacet
  facet normal -0.382569 0.923927 0
    outer loop
      vertex -35.135 30.2275 -2.5
      vertex -34.7725 30.3776 -4.5
      vertex -35.135 30.2275 -4.5
    endloop
  endfacet
  facet normal 0.760497 -0.649342 0
    outer loop
      vertex -32.2322 26.2322 -2.5
      vertex -31.9775 26.5305 -4.5
      vertex -31.9775 26.5305 -2.5
    endloop
  endfacet
  facet normal 0.760497 -0.649342 0
    outer loop
      vertex -31.9775 26.5305 -4.5
      vertex -32.2322 26.2322 -2.5
      vertex -32.2322 26.2322 -4.5
    endloop
  endfacet
  facet normal 0.996913 -0.0785092 0
    outer loop
      vertex -31.5308 27.6089 -2.5
      vertex -31.5 28 -4.5
      vertex -31.5 28 -2.5
    endloop
  endfacet
  facet normal 0.996913 -0.0785092 0
    outer loop
      vertex -31.5 28 -4.5
      vertex -31.5308 27.6089 -2.5
      vertex -31.5308 27.6089 -4.5
    endloop
  endfacet
  facet normal 0.923927 -0.382569 0
    outer loop
      vertex -31.7725 26.865 -2.5
      vertex -31.6224 27.2275 -4.5
      vertex -31.6224 27.2275 -2.5
    endloop
  endfacet
  facet normal 0.923927 -0.382569 0
    outer loop
      vertex -31.6224 27.2275 -4.5
      vertex -31.7725 26.865 -2.5
      vertex -31.7725 26.865 -4.5
    endloop
  endfacet
  facet normal -0.923927 -0.382569 0
    outer loop
      vertex -36.2275 26.865 -4.5
      vertex -36.3776 27.2275 -2.5
      vertex -36.3776 27.2275 -4.5
    endloop
  endfacet
  facet normal -0.923927 -0.382569 0
    outer loop
      vertex -36.3776 27.2275 -2.5
      vertex -36.2275 26.865 -4.5
      vertex -36.2275 26.865 -2.5
    endloop
  endfacet
  facet normal -0.996913 0.0785092 0
    outer loop
      vertex -36.5 28 -4.5
      vertex -36.4692 28.3911 -2.5
      vertex -36.4692 28.3911 -4.5
    endloop
  endfacet
  facet normal -0.996913 0.0785092 0
    outer loop
      vertex -36.4692 28.3911 -2.5
      vertex -36.5 28 -4.5
      vertex -36.5 28 -2.5
    endloop
  endfacet
  facet normal -0.97235 0.233527 0
    outer loop
      vertex -36.4692 28.3911 -4.5
      vertex -36.3776 28.7725 -2.5
      vertex -36.3776 28.7725 -4.5
    endloop
  endfacet
  facet normal -0.97235 0.233527 0
    outer loop
      vertex -36.3776 28.7725 -2.5
      vertex -36.4692 28.3911 -4.5
      vertex -36.4692 28.3911 -2.5
    endloop
  endfacet
  facet normal 0.233527 0.97235 -0
    outer loop
      vertex -33.2275 30.3776 -4.5
      vertex -33.6089 30.4692 -2.5
      vertex -33.2275 30.3776 -2.5
    endloop
  endfacet
  facet normal 0.233527 0.97235 0
    outer loop
      vertex -33.6089 30.4692 -2.5
      vertex -33.2275 30.3776 -4.5
      vertex -33.6089 30.4692 -4.5
    endloop
  endfacet
  facet normal -0.0785092 0.996913 0
    outer loop
      vertex -34 30.5 -4.5
      vertex -34.3911 30.4692 -2.5
      vertex -34 30.5 -2.5
    endloop
  endfacet
  facet normal -0.0785092 0.996913 0
    outer loop
      vertex -34.3911 30.4692 -2.5
      vertex -34 30.5 -4.5
      vertex -34.3911 30.4692 -4.5
    endloop
  endfacet
  facet normal -0.760497 -0.649342 0
    outer loop
      vertex -35.7678 26.2322 -4.5
      vertex -36.0225 26.5305 -2.5
      vertex -36.0225 26.5305 -4.5
    endloop
  endfacet
  facet normal -0.760497 -0.649342 0
    outer loop
      vertex -36.0225 26.5305 -2.5
      vertex -35.7678 26.2322 -4.5
      vertex -35.7678 26.2322 -2.5
    endloop
  endfacet
  facet normal -0.233527 -0.97235 0
    outer loop
      vertex -34.7725 25.6224 -4.5
      vertex -34.3911 25.5308 -2.5
      vertex -34.7725 25.6224 -2.5
    endloop
  endfacet
  facet normal -0.233527 -0.97235 -0
    outer loop
      vertex -34.3911 25.5308 -2.5
      vertex -34.7725 25.6224 -4.5
      vertex -34.3911 25.5308 -4.5
    endloop
  endfacet
  facet normal -0.649342 -0.760497 0
    outer loop
      vertex -35.7678 26.2322 -4.5
      vertex -35.4695 25.9775 -2.5
      vertex -35.7678 26.2322 -2.5
    endloop
  endfacet
  facet normal -0.649342 -0.760497 -0
    outer loop
      vertex -35.4695 25.9775 -2.5
      vertex -35.7678 26.2322 -4.5
      vertex -35.4695 25.9775 -4.5
    endloop
  endfacet
  facet normal 0.85262 0.522532 0
    outer loop
      vertex -31.7725 29.135 -2.5
      vertex -31.9775 29.4695 -4.5
      vertex -31.9775 29.4695 -2.5
    endloop
  endfacet
  facet normal 0.85262 0.522532 0
    outer loop
      vertex -31.9775 29.4695 -4.5
      vertex -31.7725 29.135 -2.5
      vertex -31.7725 29.135 -4.5
    endloop
  endfacet
  facet normal -0.923927 0.382569 0
    outer loop
      vertex -36.3776 28.7725 -4.5
      vertex -36.2275 29.135 -2.5
      vertex -36.2275 29.135 -4.5
    endloop
  endfacet
  facet normal -0.923927 0.382569 0
    outer loop
      vertex -36.2275 29.135 -2.5
      vertex -36.3776 28.7725 -4.5
      vertex -36.3776 28.7725 -2.5
    endloop
  endfacet
  facet normal -0.522532 0.85262 0
    outer loop
      vertex -35.135 30.2275 -4.5
      vertex -35.4695 30.0225 -2.5
      vertex -35.135 30.2275 -2.5
    endloop
  endfacet
  facet normal -0.522532 0.85262 0
    outer loop
      vertex -35.4695 30.0225 -2.5
      vertex -35.135 30.2275 -4.5
      vertex -35.4695 30.0225 -4.5
    endloop
  endfacet
  facet normal -0.0785092 -0.996913 0
    outer loop
      vertex -34.3911 25.5308 -4.5
      vertex -34 25.5 -2.5
      vertex -34.3911 25.5308 -2.5
    endloop
  endfacet
  facet normal -0.0785092 -0.996913 -0
    outer loop
      vertex -34 25.5 -2.5
      vertex -34.3911 25.5308 -4.5
      vertex -34 25.5 -4.5
    endloop
  endfacet
  facet normal 0.522532 0.85262 -0
    outer loop
      vertex -32.5305 30.0225 -4.5
      vertex -32.865 30.2275 -2.5
      vertex -32.5305 30.0225 -2.5
    endloop
  endfacet
  facet normal 0.522532 0.85262 0
    outer loop
      vertex -32.865 30.2275 -2.5
      vertex -32.5305 30.0225 -4.5
      vertex -32.865 30.2275 -4.5
    endloop
  endfacet
  facet normal 0.522532 -0.85262 0
    outer loop
      vertex -32.865 25.7725 -4.5
      vertex -32.5305 25.9775 -2.5
      vertex -32.865 25.7725 -2.5
    endloop
  endfacet
  facet normal 0.522532 -0.85262 0
    outer loop
      vertex -32.5305 25.9775 -2.5
      vertex -32.865 25.7725 -4.5
      vertex -32.5305 25.9775 -4.5
    endloop
  endfacet
  facet normal -0.760497 0.649342 0
    outer loop
      vertex -36.0225 29.4695 -4.5
      vertex -35.7678 29.7678 -2.5
      vertex -35.7678 29.7678 -4.5
    endloop
  endfacet
  facet normal -0.760497 0.649342 0
    outer loop
      vertex -35.7678 29.7678 -2.5
      vertex -36.0225 29.4695 -4.5
      vertex -36.0225 29.4695 -2.5
    endloop
  endfacet
  facet normal -0.233527 0.97235 0
    outer loop
      vertex -34.3911 30.4692 -4.5
      vertex -34.7725 30.3776 -2.5
      vertex -34.3911 30.4692 -2.5
    endloop
  endfacet
  facet normal -0.233527 0.97235 0
    outer loop
      vertex -34.7725 30.3776 -2.5
      vertex -34.3911 30.4692 -4.5
      vertex -34.7725 30.3776 -4.5
    endloop
  endfacet
  facet normal 0 0 -1
    outer loop
      vertex -32.2 28 -4.5
      vertex -31.5 28 -4.5
      vertex -31.5308 27.6089 -4.5
    endloop
  endfacet
  facet normal 0 0 -1
    outer loop
      vertex -32.2222 27.7184 -4.5
      vertex -31.5308 27.6089 -4.5
      vertex -31.6224 27.2275 -4.5
    endloop
  endfacet
  facet normal 0 0 -1
    outer loop
      vertex -31.5 28 -4.5
      vertex -32.2 28 -4.5
      vertex -31.5308 28.3911 -4.5
    endloop
  endfacet
  facet normal 0 0 -1
    outer loop
      vertex -32.2881 27.4438 -4.5
      vertex -31.6224 27.2275 -4.5
      vertex -31.7725 26.865 -4.5
    endloop
  endfacet
  facet normal 0 0 -1
    outer loop
      vertex -32.2222 28.2816 -4.5
      vertex -31.5308 28.3911 -4.5
      vertex -32.2 28 -4.5
    endloop
  endfacet
  facet normal 0 0 -1
    outer loop
      vertex -32.3962 27.1828 -4.5
      vertex -31.7725 26.865 -4.5
      vertex -31.9775 26.5305 -4.5
    endloop
  endfacet
  facet normal -0 0 -1
    outer loop
      vertex -31.5308 28.3911 -4.5
      vertex -32.2222 28.2816 -4.5
      vertex -31.6224 28.7725 -4.5
    endloop
  endfacet
  facet normal 0 0 -1
    outer loop
      vertex -32.2881 28.5562 -4.5
      vertex -31.6224 28.7725 -4.5
      vertex -32.2222 28.2816 -4.5
    endloop
  endfacet
  facet normal 0 0 -1
    outer loop
      vertex -31.5308 27.6089 -4.5
      vertex -32.2222 27.7184 -4.5
      vertex -32.2 28 -4.5
    endloop
  endfacet
  facet normal 0 0 -1
    outer loop
      vertex -32.5438 26.942 -4.5
      vertex -31.9775 26.5305 -4.5
      vertex -32.2322 26.2322 -4.5
    endloop
  endfacet
  facet normal 0 0 -1
    outer loop
      vertex -31.6224 27.2275 -4.5
      vertex -32.2881 27.4438 -4.5
      vertex -32.2222 27.7184 -4.5
    endloop
  endfacet
  facet normal 0 0 -1
    outer loop
      vertex -31.7725 26.865 -4.5
      vertex -32.3962 27.1828 -4.5
      vertex -32.2881 27.4438 -4.5
    endloop
  endfacet
  facet normal 0 0 -1
    outer loop
      vertex -32.7272 26.7272 -4.5
      vertex -32.2322 26.2322 -4.5
      vertex -32.5305 25.9775 -4.5
    endloop
  endfacet
  facet normal 0 0 -1
    outer loop
      vertex -31.9775 26.5305 -4.5
      vertex -32.5438 26.942 -4.5
      vertex -32.3962 27.1828 -4.5
    endloop
  endfacet
  facet normal 0 0 -1
    outer loop
      vertex -32.2322 26.2322 -4.5
      vertex -32.7272 26.7272 -4.5
      vertex -32.5438 26.942 -4.5
    endloop
  endfacet
  facet normal 0 0 -1
    outer loop
      vertex -32.942 26.5438 -4.5
      vertex -32.5305 25.9775 -4.5
      vertex -32.865 25.7725 -4.5
    endloop
  endfacet
  facet normal 0 0 -1
    outer loop
      vertex -32.5305 25.9775 -4.5
      vertex -32.942 26.5438 -4.5
      vertex -32.7272 26.7272 -4.5
    endloop
  endfacet
  facet normal 0 0 -1
    outer loop
      vertex -32.865 25.7725 -4.5
      vertex -33.1828 26.3962 -4.5
      vertex -32.942 26.5438 -4.5
    endloop
  endfacet
  facet normal 0 0 -1
    outer loop
      vertex -33.2275 25.6224 -4.5
      vertex -33.1828 26.3962 -4.5
      vertex -32.865 25.7725 -4.5
    endloop
  endfacet
  facet normal 0 0 -1
    outer loop
      vertex -33.2275 25.6224 -4.5
      vertex -33.4438 26.2881 -4.5
      vertex -33.1828 26.3962 -4.5
    endloop
  endfacet
  facet normal 0 0 -1
    outer loop
      vertex -33.6089 25.5308 -4.5
      vertex -33.4438 26.2881 -4.5
      vertex -33.2275 25.6224 -4.5
    endloop
  endfacet
  facet normal 0 0 -1
    outer loop
      vertex -33.6089 25.5308 -4.5
      vertex -33.7184 26.2222 -4.5
      vertex -33.4438 26.2881 -4.5
    endloop
  endfacet
  facet normal 0 0 -1
    outer loop
      vertex -34 25.5 -4.5
      vertex -33.7184 26.2222 -4.5
      vertex -33.6089 25.5308 -4.5
    endloop
  endfacet
  facet normal 0 0 -1
    outer loop
      vertex -34 25.5 -4.5
      vertex -34 26.2 -4.5
      vertex -33.7184 26.2222 -4.5
    endloop
  endfacet
  facet normal 0 0 -1
    outer loop
      vertex -34 25.5 -4.5
      vertex -34.2816 26.2222 -4.5
      vertex -34 26.2 -4.5
    endloop
  endfacet
  facet normal 0 0 -1
    outer loop
      vertex -34.3911 25.5308 -4.5
      vertex -34.2816 26.2222 -4.5
      vertex -34 25.5 -4.5
    endloop
  endfacet
  facet normal 0 0 -1
    outer loop
      vertex -34.3911 25.5308 -4.5
      vertex -34.5562 26.2881 -4.5
      vertex -34.2816 26.2222 -4.5
    endloop
  endfacet
  facet normal 0 0 -1
    outer loop
      vertex -34.7725 25.6224 -4.5
      vertex -34.5562 26.2881 -4.5
      vertex -34.3911 25.5308 -4.5
    endloop
  endfacet
  facet normal 0 0 -1
    outer loop
      vertex -34.7725 25.6224 -4.5
      vertex -34.8172 26.3962 -4.5
      vertex -34.5562 26.2881 -4.5
    endloop
  endfacet
  facet normal 0 0 -1
    outer loop
      vertex -35.135 25.7725 -4.5
      vertex -34.8172 26.3962 -4.5
      vertex -34.7725 25.6224 -4.5
    endloop
  endfacet
  facet normal -0 0 -1
    outer loop
      vertex -34.8172 26.3962 -4.5
      vertex -35.135 25.7725 -4.5
      vertex -35.058 26.5438 -4.5
    endloop
  endfacet
  facet normal 0 0 -1
    outer loop
      vertex -35.4695 25.9775 -4.5
      vertex -35.058 26.5438 -4.5
      vertex -35.135 25.7725 -4.5
    endloop
  endfacet
  facet normal -0 0 -1
    outer loop
      vertex -35.058 26.5438 -4.5
      vertex -35.4695 25.9775 -4.5
      vertex -35.2728 26.7272 -4.5
    endloop
  endfacet
  facet normal 0 0 -1
    outer loop
      vertex -35.7678 26.2322 -4.5
      vertex -35.2728 26.7272 -4.5
      vertex -35.4695 25.9775 -4.5
    endloop
  endfacet
  facet normal -0 0 -1
    outer loop
      vertex -35.2728 26.7272 -4.5
      vertex -35.7678 26.2322 -4.5
      vertex -35.4562 26.942 -4.5
    endloop
  endfacet
  facet normal 0 0 -1
    outer loop
      vertex -36.0225 26.5305 -4.5
      vertex -35.4562 26.942 -4.5
      vertex -35.7678 26.2322 -4.5
    endloop
  endfacet
  facet normal -0 0 -1
    outer loop
      vertex -35.4562 26.942 -4.5
      vertex -36.0225 26.5305 -4.5
      vertex -35.6038 27.1828 -4.5
    endloop
  endfacet
  facet normal 0 0 -1
    outer loop
      vertex -36.2275 26.865 -4.5
      vertex -35.6038 27.1828 -4.5
      vertex -36.0225 26.5305 -4.5
    endloop
  endfacet
  facet normal -0 0 -1
    outer loop
      vertex -35.6038 27.1828 -4.5
      vertex -36.2275 26.865 -4.5
      vertex -35.7119 27.4438 -4.5
    endloop
  endfacet
  facet normal 0 0 -1
    outer loop
      vertex -36.3776 27.2275 -4.5
      vertex -35.7119 27.4438 -4.5
      vertex -36.2275 26.865 -4.5
    endloop
  endfacet
  facet normal -0 0 -1
    outer loop
      vertex -31.6224 28.7725 -4.5
      vertex -32.2881 28.5562 -4.5
      vertex -31.7725 29.135 -4.5
    endloop
  endfacet
  facet normal 0 0 -1
    outer loop
      vertex -32.3962 28.8172 -4.5
      vertex -31.7725 29.135 -4.5
      vertex -32.2881 28.5562 -4.5
    endloop
  endfacet
  facet normal -0 0 -1
    outer loop
      vertex -31.7725 29.135 -4.5
      vertex -32.3962 28.8172 -4.5
      vertex -31.9775 29.4695 -4.5
    endloop
  endfacet
  facet normal 0 0 -1
    outer loop
      vertex -32.5438 29.058 -4.5
      vertex -31.9775 29.4695 -4.5
      vertex -32.3962 28.8172 -4.5
    endloop
  endfacet
  facet normal -0 0 -1
    outer loop
      vertex -31.9775 29.4695 -4.5
      vertex -32.5438 29.058 -4.5
      vertex -32.2322 29.7678 -4.5
    endloop
  endfacet
  facet normal 0 0 -1
    outer loop
      vertex -32.7272 29.2728 -4.5
      vertex -32.2322 29.7678 -4.5
      vertex -32.5438 29.058 -4.5
    endloop
  endfacet
  facet normal -0 0 -1
    outer loop
      vertex -32.2322 29.7678 -4.5
      vertex -32.7272 29.2728 -4.5
      vertex -32.5305 30.0225 -4.5
    endloop
  endfacet
  facet normal 0 0 -1
    outer loop
      vertex -32.942 29.4562 -4.5
      vertex -32.5305 30.0225 -4.5
      vertex -32.7272 29.2728 -4.5
    endloop
  endfacet
  facet normal -0 0 -1
    outer loop
      vertex -32.5305 30.0225 -4.5
      vertex -32.942 29.4562 -4.5
      vertex -32.865 30.2275 -4.5
    endloop
  endfacet
  facet normal 0 0 -1
    outer loop
      vertex -33.1828 29.6038 -4.5
      vertex -32.865 30.2275 -4.5
      vertex -32.942 29.4562 -4.5
    endloop
  endfacet
  facet normal 0 0 -1
    outer loop
      vertex -33.1828 29.6038 -4.5
      vertex -33.2275 30.3776 -4.5
      vertex -32.865 30.2275 -4.5
    endloop
  endfacet
  facet normal 0 0 -1
    outer loop
      vertex -33.4438 29.7119 -4.5
      vertex -33.2275 30.3776 -4.5
      vertex -33.1828 29.6038 -4.5
    endloop
  endfacet
  facet normal 0 0 -1
    outer loop
      vertex -33.4438 29.7119 -4.5
      vertex -33.6089 30.4692 -4.5
      vertex -33.2275 30.3776 -4.5
    endloop
  endfacet
  facet normal 0 0 -1
    outer loop
      vertex -33.7184 29.7778 -4.5
      vertex -33.6089 30.4692 -4.5
      vertex -33.4438 29.7119 -4.5
    endloop
  endfacet
  facet normal 0 0 -1
    outer loop
      vertex -34 29.8 -4.5
      vertex -33.6089 30.4692 -4.5
      vertex -33.7184 29.7778 -4.5
    endloop
  endfacet
  facet normal 0 0 -1
    outer loop
      vertex -34 29.8 -4.5
      vertex -34 30.5 -4.5
      vertex -33.6089 30.4692 -4.5
    endloop
  endfacet
  facet normal 0 0 -1
    outer loop
      vertex -34.2816 29.7778 -4.5
      vertex -34 30.5 -4.5
      vertex -34 29.8 -4.5
    endloop
  endfacet
  facet normal 0 0 -1
    outer loop
      vertex -34.2816 29.7778 -4.5
      vertex -34.3911 30.4692 -4.5
      vertex -34 30.5 -4.5
    endloop
  endfacet
  facet normal 0 0 -1
    outer loop
      vertex -34.5562 29.7119 -4.5
      vertex -34.3911 30.4692 -4.5
      vertex -34.2816 29.7778 -4.5
    endloop
  endfacet
  facet normal 0 0 -1
    outer loop
      vertex -34.5562 29.7119 -4.5
      vertex -34.7725 30.3776 -4.5
      vertex -34.3911 30.4692 -4.5
    endloop
  endfacet
  facet normal 0 0 -1
    outer loop
      vertex -34.8172 29.6038 -4.5
      vertex -34.7725 30.3776 -4.5
      vertex -34.5562 29.7119 -4.5
    endloop
  endfacet
  facet normal 0 0 -1
    outer loop
      vertex -35.135 30.2275 -4.5
      vertex -34.8172 29.6038 -4.5
      vertex -35.058 29.4562 -4.5
    endloop
  endfacet
  facet normal 0 0 -1
    outer loop
      vertex -34.8172 29.6038 -4.5
      vertex -35.135 30.2275 -4.5
      vertex -34.7725 30.3776 -4.5
    endloop
  endfacet
  facet normal 0 0 -1
    outer loop
      vertex -35.4695 30.0225 -4.5
      vertex -35.058 29.4562 -4.5
      vertex -35.2728 29.2728 -4.5
    endloop
  endfacet
  facet normal 0 0 -1
    outer loop
      vertex -35.7678 29.7678 -4.5
      vertex -35.2728 29.2728 -4.5
      vertex -35.4562 29.058 -4.5
    endloop
  endfacet
  facet normal 0 0 -1
    outer loop
      vertex -35.058 29.4562 -4.5
      vertex -35.4695 30.0225 -4.5
      vertex -35.135 30.2275 -4.5
    endloop
  endfacet
  facet normal 0 0 -1
    outer loop
      vertex -36.0225 29.4695 -4.5
      vertex -35.4562 29.058 -4.5
      vertex -35.6038 28.8172 -4.5
    endloop
  endfacet
  facet normal 0 0 -1
    outer loop
      vertex -36.2275 29.135 -4.5
      vertex -35.6038 28.8172 -4.5
      vertex -35.7119 28.5562 -4.5
    endloop
  endfacet
  facet normal 0 0 -1
    outer loop
      vertex -35.2728 29.2728 -4.5
      vertex -35.7678 29.7678 -4.5
      vertex -35.4695 30.0225 -4.5
    endloop
  endfacet
  facet normal 0 0 -1
    outer loop
      vertex -36.3776 28.7725 -4.5
      vertex -35.7119 28.5562 -4.5
      vertex -35.7778 28.2816 -4.5
    endloop
  endfacet
  facet normal 0 0 -1
    outer loop
      vertex -36.4692 28.3911 -4.5
      vertex -35.7778 28.2816 -4.5
      vertex -35.8 28 -4.5
    endloop
  endfacet
  facet normal -0 0 -1
    outer loop
      vertex -35.7119 27.4438 -4.5
      vertex -36.3776 27.2275 -4.5
      vertex -35.7778 27.7184 -4.5
    endloop
  endfacet
  facet normal 0 0 -1
    outer loop
      vertex -35.4562 29.058 -4.5
      vertex -36.0225 29.4695 -4.5
      vertex -35.7678 29.7678 -4.5
    endloop
  endfacet
  facet normal 0 0 -1
    outer loop
      vertex -36.4692 27.6089 -4.5
      vertex -35.7778 27.7184 -4.5
      vertex -36.3776 27.2275 -4.5
    endloop
  endfacet
  facet normal 0 0 -1
    outer loop
      vertex -35.6038 28.8172 -4.5
      vertex -36.2275 29.135 -4.5
      vertex -36.0225 29.4695 -4.5
    endloop
  endfacet
  facet normal -0 0 -1
    outer loop
      vertex -35.7778 27.7184 -4.5
      vertex -36.4692 27.6089 -4.5
      vertex -35.8 28 -4.5
    endloop
  endfacet
  facet normal 0 0 -1
    outer loop
      vertex -35.7119 28.5562 -4.5
      vertex -36.3776 28.7725 -4.5
      vertex -36.2275 29.135 -4.5
    endloop
  endfacet
  facet normal 0 0 -1
    outer loop
      vertex -36.5 28 -4.5
      vertex -35.8 28 -4.5
      vertex -36.4692 27.6089 -4.5
    endloop
  endfacet
  facet normal 0 0 -1
    outer loop
      vertex -35.7778 28.2816 -4.5
      vertex -36.4692 28.3911 -4.5
      vertex -36.3776 28.7725 -4.5
    endloop
  endfacet
  facet normal 0 0 -1
    outer loop
      vertex -35.8 28 -4.5
      vertex -36.5 28 -4.5
      vertex -36.4692 28.3911 -4.5
    endloop
  endfacet
  facet normal -0.522532 -0.85262 0
    outer loop
      vertex -35.4695 25.9775 -4.5
      vertex -35.135 25.7725 -2.5
      vertex -35.4695 25.9775 -2.5
    endloop
  endfacet
  facet normal -0.522532 -0.85262 -0
    outer loop
      vertex -35.135 25.7725 -2.5
      vertex -35.4695 25.9775 -4.5
      vertex -35.135 25.7725 -4.5
    endloop
  endfacet
  facet normal 0.760497 0.649342 0
    outer loop
      vertex -31.9775 29.4695 -2.5
      vertex -32.2322 29.7678 -4.5
      vertex -32.2322 29.7678 -2.5
    endloop
  endfacet
  facet normal 0.760497 0.649342 0
    outer loop
      vertex -32.2322 29.7678 -4.5
      vertex -31.9775 29.4695 -2.5
      vertex -31.9775 29.4695 -4.5
    endloop
  endfacet
  facet normal 0.649342 0.760497 -0
    outer loop
      vertex -32.2322 29.7678 -4.5
      vertex -32.5305 30.0225 -2.5
      vertex -32.2322 29.7678 -2.5
    endloop
  endfacet
  facet normal 0.649342 0.760497 0
    outer loop
      vertex -32.5305 30.0225 -2.5
      vertex -32.2322 29.7678 -4.5
      vertex -32.5305 30.0225 -4.5
    endloop
  endfacet
  facet normal 0.0785092 -0.996913 0
    outer loop
      vertex -34 25.5 -4.5
      vertex -33.6089 25.5308 -2.5
      vertex -34 25.5 -2.5
    endloop
  endfacet
  facet normal 0.0785092 -0.996913 0
    outer loop
      vertex -33.6089 25.5308 -2.5
      vertex -34 25.5 -4.5
      vertex -33.6089 25.5308 -4.5
    endloop
  endfacet
  facet normal -0.382569 -0.923927 0
    outer loop
      vertex -35.135 25.7725 -4.5
      vertex -34.7725 25.6224 -2.5
      vertex -35.135 25.7725 -2.5
    endloop
  endfacet
  facet normal -0.382569 -0.923927 -0
    outer loop
      vertex -34.7725 25.6224 -2.5
      vertex -35.135 25.7725 -4.5
      vertex -34.7725 25.6224 -4.5
    endloop
  endfacet
  facet normal -0.85262 -0.522532 0
    outer loop
      vertex -36.0225 26.5305 -4.5
      vertex -36.2275 26.865 -2.5
      vertex -36.2275 26.865 -4.5
    endloop
  endfacet
  facet normal -0.85262 -0.522532 0
    outer loop
      vertex -36.2275 26.865 -2.5
      vertex -36.0225 26.5305 -4.5
      vertex -36.0225 26.5305 -2.5
    endloop
  endfacet
  facet normal 0.233527 -0.97235 0
    outer loop
      vertex -33.6089 25.5308 -4.5
      vertex -33.2275 25.6224 -2.5
      vertex -33.6089 25.5308 -2.5
    endloop
  endfacet
  facet normal 0.233527 -0.97235 0
    outer loop
      vertex -33.2275 25.6224 -2.5
      vertex -33.6089 25.5308 -4.5
      vertex -33.2275 25.6224 -4.5
    endloop
  endfacet
  facet normal 0.649342 -0.760497 0
    outer loop
      vertex -32.5305 25.9775 -4.5
      vertex -32.2322 26.2322 -2.5
      vertex -32.5305 25.9775 -2.5
    endloop
  endfacet
  facet normal 0.649342 -0.760497 0
    outer loop
      vertex -32.2322 26.2322 -2.5
      vertex -32.5305 25.9775 -4.5
      vertex -32.2322 26.2322 -4.5
    endloop
  endfacet
  facet normal -0.996913 -0.0785092 0
    outer loop
      vertex -36.4692 27.6089 -4.5
      vertex -36.5 28 -2.5
      vertex -36.5 28 -4.5
    endloop
  endfacet
  facet normal -0.996913 -0.0785092 0
    outer loop
      vertex -36.5 28 -2.5
      vertex -36.4692 27.6089 -4.5
      vertex -36.4692 27.6089 -2.5
    endloop
  endfacet
  facet normal 0.97235 -0.233527 0
    outer loop
      vertex -31.6224 27.2275 -2.5
      vertex -31.5308 27.6089 -4.5
      vertex -31.5308 27.6089 -2.5
    endloop
  endfacet
  facet normal 0.97235 -0.233527 0
    outer loop
      vertex -31.5308 27.6089 -4.5
      vertex -31.6224 27.2275 -2.5
      vertex -31.6224 27.2275 -4.5
    endloop
  endfacet
  facet normal 0.382569 0.923927 -0
    outer loop
      vertex -32.865 30.2275 -4.5
      vertex -33.2275 30.3776 -2.5
      vertex -32.865 30.2275 -2.5
    endloop
  endfacet
  facet normal 0.382569 0.923927 0
    outer loop
      vertex -33.2275 30.3776 -2.5
      vertex -32.865 30.2275 -4.5
      vertex -33.2275 30.3776 -4.5
    endloop
  endfacet
  facet normal 0.0785092 0.996913 -0
    outer loop
      vertex -33.6089 30.4692 -4.5
      vertex -34 30.5 -2.5
      vertex -33.6089 30.4692 -2.5
    endloop
  endfacet
  facet normal 0.0785092 0.996913 0
    outer loop
      vertex -34 30.5 -2.5
      vertex -33.6089 30.4692 -4.5
      vertex -34 30.5 -4.5
    endloop
  endfacet
  facet normal -0.85262 0.522532 0
    outer loop
      vertex -36.2275 29.135 -4.5
      vertex -36.0225 29.4695 -2.5
      vertex -36.0225 29.4695 -4.5
    endloop
  endfacet
  facet normal -0.85262 0.522532 0
    outer loop
      vertex -36.0225 29.4695 -2.5
      vertex -36.2275 29.135 -4.5
      vertex -36.2275 29.135 -2.5
    endloop
  endfacet
  facet normal -0.972391 -0.23336 0
    outer loop
      vertex -32.2222 28.2816 -4.5
      vertex -32.2881 28.5562 -3.91
      vertex -32.2881 28.5562 -4.5
    endloop
  endfacet
  facet normal -0.972391 -0.23336 0
    outer loop
      vertex -32.2881 28.5562 -3.91
      vertex -32.2222 28.2816 -4.5
      vertex -32.2222 28.2816 -3.91
    endloop
  endfacet
  facet normal -0.996907 -0.0785914 0
    outer loop
      vertex -32.2 28 -4.5
      vertex -32.2222 28.2816 -3.91
      vertex -32.2222 28.2816 -4.5
    endloop
  endfacet
  facet normal -0.996907 -0.0785914 0
    outer loop
      vertex -32.2222 28.2816 -3.91
      vertex -32.2 28 -4.5
      vertex -32.2 28 -3.91
    endloop
  endfacet
  facet normal -0.760505 -0.649332 0
    outer loop
      vertex -32.5438 29.058 -4.5
      vertex -32.7272 29.2728 -3.91
      vertex -32.7272 29.2728 -4.5
    endloop
  endfacet
  facet normal -0.760505 -0.649332 0
    outer loop
      vertex -32.7272 29.2728 -3.91
      vertex -32.5438 29.058 -4.5
      vertex -32.5438 29.058 -3.91
    endloop
  endfacet
  facet normal 0.923892 0.382654 0
    outer loop
      vertex -35.6038 27.1828 -3.91
      vertex -35.7119 27.4438 -4.5
      vertex -35.7119 27.4438 -3.91
    endloop
  endfacet
  facet normal 0.923892 0.382654 0
    outer loop
      vertex -35.7119 27.4438 -4.5
      vertex -35.6038 27.1828 -3.91
      vertex -35.6038 27.1828 -4.5
    endloop
  endfacet
  facet normal 0.760505 0.649332 0
    outer loop
      vertex -35.2728 26.7272 -3.91
      vertex -35.4562 26.942 -4.5
      vertex -35.4562 26.942 -3.91
    endloop
  endfacet
  facet normal 0.760505 0.649332 0
    outer loop
      vertex -35.4562 26.942 -4.5
      vertex -35.2728 26.7272 -3.91
      vertex -35.2728 26.7272 -4.5
    endloop
  endfacet
  facet normal -0.996907 0.0785914 0
    outer loop
      vertex -32.2222 27.7184 -4.5
      vertex -32.2 28 -3.91
      vertex -32.2 28 -4.5
    endloop
  endfacet
  facet normal -0.996907 0.0785914 0
    outer loop
      vertex -32.2 28 -3.91
      vertex -32.2222 27.7184 -4.5
      vertex -32.2222 27.7184 -3.91
    endloop
  endfacet
  facet normal 0.760505 -0.649332 0
    outer loop
      vertex -35.4562 29.058 -3.91
      vertex -35.2728 29.2728 -4.5
      vertex -35.2728 29.2728 -3.91
    endloop
  endfacet
  facet normal 0.760505 -0.649332 0
    outer loop
      vertex -35.2728 29.2728 -4.5
      vertex -35.4562 29.058 -3.91
      vertex -35.4562 29.058 -4.5
    endloop
  endfacet
  facet normal 0.972391 0.23336 0
    outer loop
      vertex -35.7119 27.4438 -3.91
      vertex -35.7778 27.7184 -4.5
      vertex -35.7778 27.7184 -3.91
    endloop
  endfacet
  facet normal 0.972391 0.23336 0
    outer loop
      vertex -35.7778 27.7184 -4.5
      vertex -35.7119 27.4438 -3.91
      vertex -35.7119 27.4438 -4.5
    endloop
  endfacet
  facet normal 0.972391 -0.23336 0
    outer loop
      vertex -35.7778 28.2816 -3.91
      vertex -35.7119 28.5562 -4.5
      vertex -35.7119 28.5562 -3.91
    endloop
  endfacet
  facet normal 0.972391 -0.23336 0
    outer loop
      vertex -35.7119 28.5562 -4.5
      vertex -35.7778 28.2816 -3.91
      vertex -35.7778 28.2816 -4.5
    endloop
  endfacet
  facet normal -0.23336 -0.972391 0
    outer loop
      vertex -33.7184 29.7778 -4.5
      vertex -33.4438 29.7119 -3.91
      vertex -33.7184 29.7778 -3.91
    endloop
  endfacet
  facet normal -0.23336 -0.972391 -0
    outer loop
      vertex -33.4438 29.7119 -3.91
      vertex -33.7184 29.7778 -4.5
      vertex -33.4438 29.7119 -4.5
    endloop
  endfacet
  facet normal 0.382654 -0.923892 0
    outer loop
      vertex -34.8172 29.6038 -4.5
      vertex -34.5562 29.7119 -3.91
      vertex -34.8172 29.6038 -3.91
    endloop
  endfacet
  facet normal 0.382654 -0.923892 0
    outer loop
      vertex -34.5562 29.7119 -3.91
      vertex -34.8172 29.6038 -4.5
      vertex -34.5562 29.7119 -4.5
    endloop
  endfacet
  facet normal -0.522595 0.852581 0
    outer loop
      vertex -32.942 26.5438 -4.5
      vertex -33.1828 26.3962 -3.91
      vertex -32.942 26.5438 -3.91
    endloop
  endfacet
  facet normal -0.522595 0.852581 0
    outer loop
      vertex -33.1828 26.3962 -3.91
      vertex -32.942 26.5438 -4.5
      vertex -33.1828 26.3962 -4.5
    endloop
  endfacet
  facet normal -0.382654 -0.923892 0
    outer loop
      vertex -33.4438 29.7119 -4.5
      vertex -33.1828 29.6038 -3.91
      vertex -33.4438 29.7119 -3.91
    endloop
  endfacet
  facet normal -0.382654 -0.923892 -0
    outer loop
      vertex -33.1828 29.6038 -3.91
      vertex -33.4438 29.7119 -4.5
      vertex -33.1828 29.6038 -4.5
    endloop
  endfacet
  facet normal -0.760505 0.649332 0
    outer loop
      vertex -32.7272 26.7272 -4.5
      vertex -32.5438 26.942 -3.91
      vertex -32.5438 26.942 -4.5
    endloop
  endfacet
  facet normal -0.760505 0.649332 0
    outer loop
      vertex -32.5438 26.942 -3.91
      vertex -32.7272 26.7272 -4.5
      vertex -32.7272 26.7272 -3.91
    endloop
  endfacet
  facet normal 0.522595 -0.852581 0
    outer loop
      vertex -35.058 29.4562 -4.5
      vertex -34.8172 29.6038 -3.91
      vertex -35.058 29.4562 -3.91
    endloop
  endfacet
  facet normal 0.522595 -0.852581 0
    outer loop
      vertex -34.8172 29.6038 -3.91
      vertex -35.058 29.4562 -4.5
      vertex -34.8172 29.6038 -4.5
    endloop
  endfacet
  facet normal -0.0785914 0.996907 0
    outer loop
      vertex -33.7184 26.2222 -4.5
      vertex -34 26.2 -3.91
      vertex -33.7184 26.2222 -3.91
    endloop
  endfacet
  facet normal -0.0785914 0.996907 0
    outer loop
      vertex -34 26.2 -3.91
      vertex -33.7184 26.2222 -4.5
      vertex -34 26.2 -4.5
    endloop
  endfacet
  facet normal -0.23336 0.972391 0
    outer loop
      vertex -33.4438 26.2881 -4.5
      vertex -33.7184 26.2222 -3.91
      vertex -33.4438 26.2881 -3.91
    endloop
  endfacet
  facet normal -0.23336 0.972391 0
    outer loop
      vertex -33.7184 26.2222 -3.91
      vertex -33.4438 26.2881 -4.5
      vertex -33.7184 26.2222 -4.5
    endloop
  endfacet
  facet normal 0.382654 0.923892 -0
    outer loop
      vertex -34.5562 26.2881 -4.5
      vertex -34.8172 26.3962 -3.91
      vertex -34.5562 26.2881 -3.91
    endloop
  endfacet
  facet normal 0.382654 0.923892 0
    outer loop
      vertex -34.8172 26.3962 -3.91
      vertex -34.5562 26.2881 -4.5
      vertex -34.8172 26.3962 -4.5
    endloop
  endfacet
  facet normal -0.923892 0.382654 0
    outer loop
      vertex -32.3962 27.1828 -4.5
      vertex -32.2881 27.4438 -3.91
      vertex -32.2881 27.4438 -4.5
    endloop
  endfacet
  facet normal -0.923892 0.382654 0
    outer loop
      vertex -32.2881 27.4438 -3.91
      vertex -32.3962 27.1828 -4.5
      vertex -32.3962 27.1828 -3.91
    endloop
  endfacet
  facet normal -0.852581 0.522595 0
    outer loop
      vertex -32.5438 26.942 -4.5
      vertex -32.3962 27.1828 -3.91
      vertex -32.3962 27.1828 -4.5
    endloop
  endfacet
  facet normal -0.852581 0.522595 0
    outer loop
      vertex -32.3962 27.1828 -3.91
      vertex -32.5438 26.942 -4.5
      vertex -32.5438 26.942 -3.91
    endloop
  endfacet
  facet normal 0.23336 0.972391 -0
    outer loop
      vertex -34.2816 26.2222 -4.5
      vertex -34.5562 26.2881 -3.91
      vertex -34.2816 26.2222 -3.91
    endloop
  endfacet
  facet normal 0.23336 0.972391 0
    outer loop
      vertex -34.5562 26.2881 -3.91
      vertex -34.2816 26.2222 -4.5
      vertex -34.5562 26.2881 -4.5
    endloop
  endfacet
  facet normal -0.972391 0.23336 0
    outer loop
      vertex -32.2881 27.4438 -4.5
      vertex -32.2222 27.7184 -3.91
      vertex -32.2222 27.7184 -4.5
    endloop
  endfacet
  facet normal -0.972391 0.23336 0
    outer loop
      vertex -32.2222 27.7184 -3.91
      vertex -32.2881 27.4438 -4.5
      vertex -32.2881 27.4438 -3.91
    endloop
  endfacet
  facet normal 0.0785914 0.996907 -0
    outer loop
      vertex -34 26.2 -4.5
      vertex -34.2816 26.2222 -3.91
      vertex -34 26.2 -3.91
    endloop
  endfacet
  facet normal 0.0785914 0.996907 0
    outer loop
      vertex -34.2816 26.2222 -3.91
      vertex -34 26.2 -4.5
      vertex -34.2816 26.2222 -4.5
    endloop
  endfacet
  facet normal -0.852581 -0.522595 0
    outer loop
      vertex -32.3962 28.8172 -4.5
      vertex -32.5438 29.058 -3.91
      vertex -32.5438 29.058 -4.5
    endloop
  endfacet
  facet normal -0.852581 -0.522595 0
    outer loop
      vertex -32.5438 29.058 -3.91
      vertex -32.3962 28.8172 -4.5
      vertex -32.3962 28.8172 -3.91
    endloop
  endfacet
  facet normal -0.649332 0.760505 0
    outer loop
      vertex -32.7272 26.7272 -4.5
      vertex -32.942 26.5438 -3.91
      vertex -32.7272 26.7272 -3.91
    endloop
  endfacet
  facet normal -0.649332 0.760505 0
    outer loop
      vertex -32.942 26.5438 -3.91
      vertex -32.7272 26.7272 -4.5
      vertex -32.942 26.5438 -4.5
    endloop
  endfacet
  facet normal 0.996907 -0.0785914 0
    outer loop
      vertex -35.8 28 -3.91
      vertex -35.7778 28.2816 -4.5
      vertex -35.7778 28.2816 -3.91
    endloop
  endfacet
  facet normal 0.996907 -0.0785914 0
    outer loop
      vertex -35.7778 28.2816 -4.5
      vertex -35.8 28 -3.91
      vertex -35.8 28 -4.5
    endloop
  endfacet
  facet normal 0.649332 -0.760505 0
    outer loop
      vertex -35.2728 29.2728 -4.5
      vertex -35.058 29.4562 -3.91
      vertex -35.2728 29.2728 -3.91
    endloop
  endfacet
  facet normal 0.649332 -0.760505 0
    outer loop
      vertex -35.058 29.4562 -3.91
      vertex -35.2728 29.2728 -4.5
      vertex -35.058 29.4562 -4.5
    endloop
  endfacet
  facet normal -0.649332 -0.760505 0
    outer loop
      vertex -32.942 29.4562 -4.5
      vertex -32.7272 29.2728 -3.91
      vertex -32.942 29.4562 -3.91
    endloop
  endfacet
  facet normal -0.649332 -0.760505 -0
    outer loop
      vertex -32.7272 29.2728 -3.91
      vertex -32.942 29.4562 -4.5
      vertex -32.7272 29.2728 -4.5
    endloop
  endfacet
  facet normal -0.382654 0.923892 0
    outer loop
      vertex -33.1828 26.3962 -4.5
      vertex -33.4438 26.2881 -3.91
      vertex -33.1828 26.3962 -3.91
    endloop
  endfacet
  facet normal -0.382654 0.923892 0
    outer loop
      vertex -33.4438 26.2881 -3.91
      vertex -33.1828 26.3962 -4.5
      vertex -33.4438 26.2881 -4.5
    endloop
  endfacet
  facet normal -0.522595 -0.852581 0
    outer loop
      vertex -33.1828 29.6038 -4.5
      vertex -32.942 29.4562 -3.91
      vertex -33.1828 29.6038 -3.91
    endloop
  endfacet
  facet normal -0.522595 -0.852581 -0
    outer loop
      vertex -32.942 29.4562 -3.91
      vertex -33.1828 29.6038 -4.5
      vertex -32.942 29.4562 -4.5
    endloop
  endfacet
  facet normal 0.23336 -0.972391 0
    outer loop
      vertex -34.5562 29.7119 -4.5
      vertex -34.2816 29.7778 -3.91
      vertex -34.5562 29.7119 -3.91
    endloop
  endfacet
  facet normal 0.23336 -0.972391 0
    outer loop
      vertex -34.2816 29.7778 -3.91
      vertex -34.5562 29.7119 -4.5
      vertex -34.2816 29.7778 -4.5
    endloop
  endfacet
  facet normal 0.0785914 -0.996907 0
    outer loop
      vertex -34.2816 29.7778 -4.5
      vertex -34 29.8 -3.91
      vertex -34.2816 29.7778 -3.91
    endloop
  endfacet
  facet normal 0.0785914 -0.996907 0
    outer loop
      vertex -34 29.8 -3.91
      vertex -34.2816 29.7778 -4.5
      vertex -34 29.8 -4.5
    endloop
  endfacet
  facet normal 0 0 -1
    outer loop
      vertex -32.2222 27.7184 -3.91
      vertex -32.2222 28.2816 -3.91
      vertex -32.2 28 -3.91
    endloop
  endfacet
  facet normal 0 0 -1
    outer loop
      vertex -32.2881 27.4438 -3.91
      vertex -32.2222 28.2816 -3.91
      vertex -32.2222 27.7184 -3.91
    endloop
  endfacet
  facet normal 0 0 -1
    outer loop
      vertex -32.2881 27.4438 -3.91
      vertex -32.2881 28.5562 -3.91
      vertex -32.2222 28.2816 -3.91
    endloop
  endfacet
  facet normal 0 0 -1
    outer loop
      vertex -32.3962 27.1828 -3.91
      vertex -32.2881 28.5562 -3.91
      vertex -32.2881 27.4438 -3.91
    endloop
  endfacet
  facet normal 0 0 -1
    outer loop
      vertex -32.3962 27.1828 -3.91
      vertex -32.3962 28.8172 -3.91
      vertex -32.2881 28.5562 -3.91
    endloop
  endfacet
  facet normal 0 0 -1
    outer loop
      vertex -32.5438 26.942 -3.91
      vertex -32.3962 28.8172 -3.91
      vertex -32.3962 27.1828 -3.91
    endloop
  endfacet
  facet normal 0 0 -1
    outer loop
      vertex -32.5438 26.942 -3.91
      vertex -32.5438 29.058 -3.91
      vertex -32.3962 28.8172 -3.91
    endloop
  endfacet
  facet normal 0 0 -1
    outer loop
      vertex -32.7272 26.7272 -3.91
      vertex -32.5438 29.058 -3.91
      vertex -32.5438 26.942 -3.91
    endloop
  endfacet
  facet normal 0 0 -1
    outer loop
      vertex -32.7272 26.7272 -3.91
      vertex -32.7272 29.2728 -3.91
      vertex -32.5438 29.058 -3.91
    endloop
  endfacet
  facet normal 0 0 -1
    outer loop
      vertex -32.942 26.5438 -3.91
      vertex -32.7272 29.2728 -3.91
      vertex -32.7272 26.7272 -3.91
    endloop
  endfacet
  facet normal 0 0 -1
    outer loop
      vertex -32.942 26.5438 -3.91
      vertex -32.942 29.4562 -3.91
      vertex -32.7272 29.2728 -3.91
    endloop
  endfacet
  facet normal 0 0 -1
    outer loop
      vertex -33.1828 26.3962 -3.91
      vertex -32.942 29.4562 -3.91
      vertex -32.942 26.5438 -3.91
    endloop
  endfacet
  facet normal 0 0 -1
    outer loop
      vertex -33.1828 26.3962 -3.91
      vertex -33.1828 29.6038 -3.91
      vertex -32.942 29.4562 -3.91
    endloop
  endfacet
  facet normal 0 0 -1
    outer loop
      vertex -33.4438 26.2881 -3.91
      vertex -33.1828 29.6038 -3.91
      vertex -33.1828 26.3962 -3.91
    endloop
  endfacet
  facet normal 0 0 -1
    outer loop
      vertex -33.4438 26.2881 -3.91
      vertex -33.4438 29.7119 -3.91
      vertex -33.1828 29.6038 -3.91
    endloop
  endfacet
  facet normal 0 0 -1
    outer loop
      vertex -33.7184 26.2222 -3.91
      vertex -33.4438 29.7119 -3.91
      vertex -33.4438 26.2881 -3.91
    endloop
  endfacet
  facet normal 0 0 -1
    outer loop
      vertex -33.7184 26.2222 -3.91
      vertex -33.7184 29.7778 -3.91
      vertex -33.4438 29.7119 -3.91
    endloop
  endfacet
  facet normal 0 0 -1
    outer loop
      vertex -34 26.2 -3.91
      vertex -33.7184 29.7778 -3.91
      vertex -33.7184 26.2222 -3.91
    endloop
  endfacet
  facet normal 0 0 -1
    outer loop
      vertex -34 26.2 -3.91
      vertex -34 29.8 -3.91
      vertex -33.7184 29.7778 -3.91
    endloop
  endfacet
  facet normal 0 0 -1
    outer loop
      vertex -34.2816 26.2222 -3.91
      vertex -34 29.8 -3.91
      vertex -34 26.2 -3.91
    endloop
  endfacet
  facet normal 0 0 -1
    outer loop
      vertex -34.2816 26.2222 -3.91
      vertex -34.2816 29.7778 -3.91
      vertex -34 29.8 -3.91
    endloop
  endfacet
  facet normal 0 0 -1
    outer loop
      vertex -34.5562 26.2881 -3.91
      vertex -34.2816 29.7778 -3.91
      vertex -34.2816 26.2222 -3.91
    endloop
  endfacet
  facet normal 0 0 -1
    outer loop
      vertex -34.5562 26.2881 -3.91
      vertex -34.5562 29.7119 -3.91
      vertex -34.2816 29.7778 -3.91
    endloop
  endfacet
  facet normal 0 0 -1
    outer loop
      vertex -34.8172 26.3962 -3.91
      vertex -34.5562 29.7119 -3.91
      vertex -34.5562 26.2881 -3.91
    endloop
  endfacet
  facet normal 0 0 -1
    outer loop
      vertex -34.8172 26.3962 -3.91
      vertex -34.8172 29.6038 -3.91
      vertex -34.5562 29.7119 -3.91
    endloop
  endfacet
  facet normal 0 0 -1
    outer loop
      vertex -35.058 26.5438 -3.91
      vertex -34.8172 29.6038 -3.91
      vertex -34.8172 26.3962 -3.91
    endloop
  endfacet
  facet normal 0 0 -1
    outer loop
      vertex -35.058 26.5438 -3.91
      vertex -35.058 29.4562 -3.91
      vertex -34.8172 29.6038 -3.91
    endloop
  endfacet
  facet normal 0 0 -1
    outer loop
      vertex -35.2728 26.7272 -3.91
      vertex -35.058 29.4562 -3.91
      vertex -35.058 26.5438 -3.91
    endloop
  endfacet
  facet normal 0 0 -1
    outer loop
      vertex -35.2728 26.7272 -3.91
      vertex -35.2728 29.2728 -3.91
      vertex -35.058 29.4562 -3.91
    endloop
  endfacet
  facet normal 0 0 -1
    outer loop
      vertex -35.4562 26.942 -3.91
      vertex -35.2728 29.2728 -3.91
      vertex -35.2728 26.7272 -3.91
    endloop
  endfacet
  facet normal 0 0 -1
    outer loop
      vertex -35.4562 26.942 -3.91
      vertex -35.4562 29.058 -3.91
      vertex -35.2728 29.2728 -3.91
    endloop
  endfacet
  facet normal 0 0 -1
    outer loop
      vertex -35.6038 27.1828 -3.91
      vertex -35.4562 29.058 -3.91
      vertex -35.4562 26.942 -3.91
    endloop
  endfacet
  facet normal 0 0 -1
    outer loop
      vertex -35.6038 27.1828 -3.91
      vertex -35.6038 28.8172 -3.91
      vertex -35.4562 29.058 -3.91
    endloop
  endfacet
  facet normal 0 0 -1
    outer loop
      vertex -35.7119 27.4438 -3.91
      vertex -35.6038 28.8172 -3.91
      vertex -35.6038 27.1828 -3.91
    endloop
  endfacet
  facet normal 0 0 -1
    outer loop
      vertex -35.7119 27.4438 -3.91
      vertex -35.7119 28.5562 -3.91
      vertex -35.6038 28.8172 -3.91
    endloop
  endfacet
  facet normal 0 0 -1
    outer loop
      vertex -35.7778 27.7184 -3.91
      vertex -35.7119 28.5562 -3.91
      vertex -35.7119 27.4438 -3.91
    endloop
  endfacet
  facet normal 0 0 -1
    outer loop
      vertex -35.7778 27.7184 -3.91
      vertex -35.7778 28.2816 -3.91
      vertex -35.7119 28.5562 -3.91
    endloop
  endfacet
  facet normal 0 -0 -1
    outer loop
      vertex -35.7778 28.2816 -3.91
      vertex -35.7778 27.7184 -3.91
      vertex -35.8 28 -3.91
    endloop
  endfacet
  facet normal 0.996907 0.0785914 0
    outer loop
      vertex -35.7778 27.7184 -3.91
      vertex -35.8 28 -4.5
      vertex -35.8 28 -3.91
    endloop
  endfacet
  facet normal 0.996907 0.0785914 0
    outer loop
      vertex -35.8 28 -4.5
      vertex -35.7778 27.7184 -3.91
      vertex -35.7778 27.7184 -4.5
    endloop
  endfacet
  facet normal -0.923892 -0.382654 0
    outer loop
      vertex -32.2881 28.5562 -4.5
      vertex -32.3962 28.8172 -3.91
      vertex -32.3962 28.8172 -4.5
    endloop
  endfacet
  facet normal -0.923892 -0.382654 0
    outer loop
      vertex -32.3962 28.8172 -3.91
      vertex -32.2881 28.5562 -4.5
      vertex -32.2881 28.5562 -3.91
    endloop
  endfacet
  facet normal 0.852581 -0.522595 0
    outer loop
      vertex -35.6038 28.8172 -3.91
      vertex -35.4562 29.058 -4.5
      vertex -35.4562 29.058 -3.91
    endloop
  endfacet
  facet normal 0.852581 -0.522595 0
    outer loop
      vertex -35.4562 29.058 -4.5
      vertex -35.6038 28.8172 -3.91
      vertex -35.6038 28.8172 -4.5
    endloop
  endfacet
  facet normal -0.0785914 -0.996907 0
    outer loop
      vertex -34 29.8 -4.5
      vertex -33.7184 29.7778 -3.91
      vertex -34 29.8 -3.91
    endloop
  endfacet
  facet normal -0.0785914 -0.996907 -0
    outer loop
      vertex -33.7184 29.7778 -3.91
      vertex -34 29.8 -4.5
      vertex -33.7184 29.7778 -4.5
    endloop
  endfacet
  facet normal 0.852581 0.522595 0
    outer loop
      vertex -35.4562 26.942 -3.91
      vertex -35.6038 27.1828 -4.5
      vertex -35.6038 27.1828 -3.91
    endloop
  endfacet
  facet normal 0.852581 0.522595 0
    outer loop
      vertex -35.6038 27.1828 -4.5
      vertex -35.4562 26.942 -3.91
      vertex -35.4562 26.942 -4.5
    endloop
  endfacet
  facet normal 0.649332 0.760505 -0
    outer loop
      vertex -35.058 26.5438 -4.5
      vertex -35.2728 26.7272 -3.91
      vertex -35.058 26.5438 -3.91
    endloop
  endfacet
  facet normal 0.649332 0.760505 0
    outer loop
      vertex -35.2728 26.7272 -3.91
      vertex -35.058 26.5438 -4.5
      vertex -35.2728 26.7272 -4.5
    endloop
  endfacet
  facet normal 0.923892 -0.382654 0
    outer loop
      vertex -35.7119 28.5562 -3.91
      vertex -35.6038 28.8172 -4.5
      vertex -35.6038 28.8172 -3.91
    endloop
  endfacet
  facet normal 0.923892 -0.382654 0
    outer loop
      vertex -35.6038 28.8172 -4.5
      vertex -35.7119 28.5562 -3.91
      vertex -35.7119 28.5562 -4.5
    endloop
  endfacet
  facet normal 0.522595 0.852581 -0
    outer loop
      vertex -34.8172 26.3962 -4.5
      vertex -35.058 26.5438 -3.91
      vertex -34.8172 26.3962 -3.91
    endloop
  endfacet
  facet normal 0.522595 0.852581 0
    outer loop
      vertex -35.058 26.5438 -3.91
      vertex -34.8172 26.3962 -4.5
      vertex -35.058 26.5438 -4.5
    endloop
  endfacet
  facet normal -0.972357 -0.233498 0
    outer loop
      vertex 31.6224 8.22746 -5.5
      vertex 31.5308 8.60891 -2.5
      vertex 31.5308 8.60891 -5.5
    endloop
  endfacet
  facet normal -0.972357 -0.233498 0
    outer loop
      vertex 31.5308 8.60891 -2.5
      vertex 31.6224 8.22746 -5.5
      vertex 31.6224 8.22746 -2.5
    endloop
  endfacet
  facet normal 0.972357 0.233498 0
    outer loop
      vertex 36.4692 9.39109 -2.5
      vertex 36.3776 9.77254 -5.5
      vertex 36.3776 9.77254 -2.5
    endloop
  endfacet
  facet normal 0.972357 0.233498 0
    outer loop
      vertex 36.3776 9.77254 -5.5
      vertex 36.4692 9.39109 -2.5
      vertex 36.4692 9.39109 -5.5
    endloop
  endfacet
  facet normal 0.996913 0.0785112 0
    outer loop
      vertex 36.5 9 -2.5
      vertex 36.4692 9.39109 -5.5
      vertex 36.4692 9.39109 -2.5
    endloop
  endfacet
  facet normal 0.996913 0.0785112 0
    outer loop
      vertex 36.4692 9.39109 -5.5
      vertex 36.5 9 -2.5
      vertex 36.5 9 -5.5
    endloop
  endfacet
  facet normal 0.923912 0.382605 0
    outer loop
      vertex 36.3776 9.77254 -2.5
      vertex 36.2275 10.135 -5.5
      vertex 36.2275 10.135 -2.5
    endloop
  endfacet
  facet normal 0.923912 0.382605 0
    outer loop
      vertex 36.2275 10.135 -5.5
      vertex 36.3776 9.77254 -2.5
      vertex 36.3776 9.77254 -5.5
    endloop
  endfacet
  facet normal 0.382613 -0.923909 0
    outer loop
      vertex 34.7725 6.62236 -5.5
      vertex 35.135 6.77248 -2.5
      vertex 34.7725 6.62236 -2.5
    endloop
  endfacet
  facet normal 0.382613 -0.923909 0
    outer loop
      vertex 35.135 6.77248 -2.5
      vertex 34.7725 6.62236 -5.5
      vertex 35.135 6.77248 -5.5
    endloop
  endfacet
  facet normal 0.852606 -0.522555 0
    outer loop
      vertex 36.0225 7.53054 -2.5
      vertex 36.2275 7.86502 -5.5
      vertex 36.2275 7.86502 -2.5
    endloop
  endfacet
  facet normal 0.852606 -0.522555 0
    outer loop
      vertex 36.2275 7.86502 -5.5
      vertex 36.0225 7.53054 -2.5
      vertex 36.0225 7.53054 -5.5
    endloop
  endfacet
  facet normal -0.649342 0.760497 0
    outer loop
      vertex 32.5305 11.0225 -5.5
      vertex 32.2322 10.7678 -2.5
      vertex 32.5305 11.0225 -2.5
    endloop
  endfacet
  facet normal -0.649342 0.760497 0
    outer loop
      vertex 32.2322 10.7678 -2.5
      vertex 32.5305 11.0225 -5.5
      vertex 32.2322 10.7678 -5.5
    endloop
  endfacet
  facet normal -0.382569 0.923927 0
    outer loop
      vertex 33.2275 11.3776 -5.5
      vertex 32.865 11.2275 -2.5
      vertex 33.2275 11.3776 -2.5
    endloop
  endfacet
  facet normal -0.382569 0.923927 0
    outer loop
      vertex 32.865 11.2275 -2.5
      vertex 33.2275 11.3776 -5.5
      vertex 32.865 11.2275 -5.5
    endloop
  endfacet
  facet normal 0.760508 -0.649329 0
    outer loop
      vertex 35.7678 7.23223 -2.5
      vertex 36.0225 7.53054 -5.5
      vertex 36.0225 7.53054 -2.5
    endloop
  endfacet
  facet normal 0.760508 -0.649329 0
    outer loop
      vertex 36.0225 7.53054 -5.5
      vertex 35.7678 7.23223 -2.5
      vertex 35.7678 7.23223 -5.5
    endloop
  endfacet
  facet normal 0.996913 -0.0785112 0
    outer loop
      vertex 36.4692 8.60891 -2.5
      vertex 36.5 9 -5.5
      vertex 36.5 9 -2.5
    endloop
  endfacet
  facet normal 0.996913 -0.0785112 0
    outer loop
      vertex 36.5 9 -5.5
      vertex 36.4692 8.60891 -2.5
      vertex 36.4692 8.60891 -5.5
    endloop
  endfacet
  facet normal 0.923904 -0.382623 0
    outer loop
      vertex 36.2275 7.86502 -2.5
      vertex 36.3776 8.22746 -5.5
      vertex 36.3776 8.22746 -2.5
    endloop
  endfacet
  facet normal 0.923904 -0.382623 0
    outer loop
      vertex 36.3776 8.22746 -5.5
      vertex 36.2275 7.86502 -2.5
      vertex 36.2275 7.86502 -5.5
    endloop
  endfacet
  facet normal -0.923904 -0.382623 0
    outer loop
      vertex 31.7725 7.86502 -5.5
      vertex 31.6224 8.22746 -2.5
      vertex 31.6224 8.22746 -5.5
    endloop
  endfacet
  facet normal -0.923904 -0.382623 0
    outer loop
      vertex 31.6224 8.22746 -2.5
      vertex 31.7725 7.86502 -5.5
      vertex 31.7725 7.86502 -2.5
    endloop
  endfacet
  facet normal -0.996913 0.0785112 0
    outer loop
      vertex 31.5 9 -5.5
      vertex 31.5308 9.39109 -2.5
      vertex 31.5308 9.39109 -5.5
    endloop
  endfacet
  facet normal -0.996913 0.0785112 0
    outer loop
      vertex 31.5308 9.39109 -2.5
      vertex 31.5 9 -5.5
      vertex 31.5 9 -2.5
    endloop
  endfacet
  facet normal -0.972357 0.233498 0
    outer loop
      vertex 31.5308 9.39109 -5.5
      vertex 31.6224 9.77254 -2.5
      vertex 31.6224 9.77254 -5.5
    endloop
  endfacet
  facet normal -0.972357 0.233498 0
    outer loop
      vertex 31.6224 9.77254 -2.5
      vertex 31.5308 9.39109 -5.5
      vertex 31.5308 9.39109 -2.5
    endloop
  endfacet
  facet normal 0.233527 0.97235 -0
    outer loop
      vertex 34.7725 11.3776 -5.5
      vertex 34.3911 11.4692 -2.5
      vertex 34.7725 11.3776 -2.5
    endloop
  endfacet
  facet normal 0.233527 0.97235 0
    outer loop
      vertex 34.3911 11.4692 -2.5
      vertex 34.7725 11.3776 -5.5
      vertex 34.3911 11.4692 -5.5
    endloop
  endfacet
  facet normal -0.0785092 0.996913 0
    outer loop
      vertex 34 11.5 -5.5
      vertex 33.6089 11.4692 -2.5
      vertex 34 11.5 -2.5
    endloop
  endfacet
  facet normal -0.0785092 0.996913 0
    outer loop
      vertex 33.6089 11.4692 -2.5
      vertex 34 11.5 -5.5
      vertex 33.6089 11.4692 -5.5
    endloop
  endfacet
  facet normal -0.760508 -0.649329 0
    outer loop
      vertex 32.2322 7.23223 -5.5
      vertex 31.9775 7.53054 -2.5
      vertex 31.9775 7.53054 -5.5
    endloop
  endfacet
  facet normal -0.760508 -0.649329 0
    outer loop
      vertex 31.9775 7.53054 -2.5
      vertex 32.2322 7.23223 -5.5
      vertex 32.2322 7.23223 -2.5
    endloop
  endfacet
  facet normal -0.233479 -0.972362 0
    outer loop
      vertex 33.2275 6.62236 -5.5
      vertex 33.6089 6.53078 -2.5
      vertex 33.2275 6.62236 -2.5
    endloop
  endfacet
  facet normal -0.233479 -0.972362 -0
    outer loop
      vertex 33.6089 6.53078 -2.5
      vertex 33.2275 6.62236 -5.5
      vertex 33.6089 6.53078 -5.5
    endloop
  endfacet
  facet normal -0.649445 -0.760409 0
    outer loop
      vertex 32.2322 7.23223 -5.5
      vertex 32.5305 6.97746 -2.5
      vertex 32.2322 7.23223 -2.5
    endloop
  endfacet
  facet normal -0.649445 -0.760409 -0
    outer loop
      vertex 32.5305 6.97746 -2.5
      vertex 32.2322 7.23223 -5.5
      vertex 32.5305 6.97746 -5.5
    endloop
  endfacet
  facet normal 0.85262 0.522532 0
    outer loop
      vertex 36.2275 10.135 -2.5
      vertex 36.0225 10.4695 -5.5
      vertex 36.0225 10.4695 -2.5
    endloop
  endfacet
  facet normal 0.85262 0.522532 0
    outer loop
      vertex 36.0225 10.4695 -5.5
      vertex 36.2275 10.135 -2.5
      vertex 36.2275 10.135 -5.5
    endloop
  endfacet
  facet normal -0.923912 0.382605 0
    outer loop
      vertex 31.6224 9.77254 -5.5
      vertex 31.7725 10.135 -2.5
      vertex 31.7725 10.135 -5.5
    endloop
  endfacet
  facet normal -0.923912 0.382605 0
    outer loop
      vertex 31.7725 10.135 -2.5
      vertex 31.6224 9.77254 -5.5
      vertex 31.6224 9.77254 -2.5
    endloop
  endfacet
  facet normal -0.522532 0.85262 0
    outer loop
      vertex 32.865 11.2275 -5.5
      vertex 32.5305 11.0225 -2.5
      vertex 32.865 11.2275 -2.5
    endloop
  endfacet
  facet normal -0.522532 0.85262 0
    outer loop
      vertex 32.5305 11.0225 -2.5
      vertex 32.865 11.2275 -5.5
      vertex 32.5305 11.0225 -5.5
    endloop
  endfacet
  facet normal -0.0784585 -0.996917 0
    outer loop
      vertex 33.6089 6.53078 -5.5
      vertex 34 6.5 -2.5
      vertex 33.6089 6.53078 -2.5
    endloop
  endfacet
  facet normal -0.0784585 -0.996917 -0
    outer loop
      vertex 34 6.5 -2.5
      vertex 33.6089 6.53078 -5.5
      vertex 34 6.5 -5.5
    endloop
  endfacet
  facet normal 0.522532 0.85262 -0
    outer loop
      vertex 35.4695 11.0225 -5.5
      vertex 35.135 11.2275 -2.5
      vertex 35.4695 11.0225 -2.5
    endloop
  endfacet
  facet normal 0.522532 0.85262 0
    outer loop
      vertex 35.135 11.2275 -2.5
      vertex 35.4695 11.0225 -5.5
      vertex 35.135 11.2275 -5.5
    endloop
  endfacet
  facet normal 0.522495 -0.852642 0
    outer loop
      vertex 35.135 6.77248 -5.5
      vertex 35.4695 6.97746 -2.5
      vertex 35.135 6.77248 -2.5
    endloop
  endfacet
  facet normal 0.522495 -0.852642 0
    outer loop
      vertex 35.4695 6.97746 -2.5
      vertex 35.135 6.77248 -5.5
      vertex 35.4695 6.97746 -5.5
    endloop
  endfacet
  facet normal -0.760497 0.649342 0
    outer loop
      vertex 31.9775 10.4695 -5.5
      vertex 32.2322 10.7678 -2.5
      vertex 32.2322 10.7678 -5.5
    endloop
  endfacet
  facet normal -0.760497 0.649342 0
    outer loop
      vertex 32.2322 10.7678 -2.5
      vertex 31.9775 10.4695 -5.5
      vertex 31.9775 10.4695 -2.5
    endloop
  endfacet
  facet normal -0.233527 0.97235 0
    outer loop
      vertex 33.6089 11.4692 -5.5
      vertex 33.2275 11.3776 -2.5
      vertex 33.6089 11.4692 -2.5
    endloop
  endfacet
  facet normal -0.233527 0.97235 0
    outer loop
      vertex 33.2275 11.3776 -2.5
      vertex 33.6089 11.4692 -5.5
      vertex 33.2275 11.3776 -5.5
    endloop
  endfacet
  facet normal 0 0 -1
    outer loop
      vertex 35.8 9 -5.5
      vertex 36.5 9 -5.5
      vertex 36.4692 8.60891 -5.5
    endloop
  endfacet
  facet normal 0 0 -1
    outer loop
      vertex 35.7778 8.71842 -5.5
      vertex 36.4692 8.60891 -5.5
      vertex 36.3776 8.22746 -5.5
    endloop
  endfacet
  facet normal 0 0 -1
    outer loop
      vertex 36.5 9 -5.5
      vertex 35.8 9 -5.5
      vertex 36.4692 9.39109 -5.5
    endloop
  endfacet
  facet normal 0 0 -1
    outer loop
      vertex 35.7119 8.44377 -5.5
      vertex 36.3776 8.22746 -5.5
      vertex 36.2275 7.86502 -5.5
    endloop
  endfacet
  facet normal 0 0 -1
    outer loop
      vertex 35.7778 9.28158 -5.5
      vertex 36.4692 9.39109 -5.5
      vertex 35.8 9 -5.5
    endloop
  endfacet
  facet normal 0 0 -1
    outer loop
      vertex 35.6038 8.18282 -5.5
      vertex 36.2275 7.86502 -5.5
      vertex 36.0225 7.53054 -5.5
    endloop
  endfacet
  facet normal -0 0 -1
    outer loop
      vertex 36.4692 9.39109 -5.5
      vertex 35.7778 9.28158 -5.5
      vertex 36.3776 9.77254 -5.5
    endloop
  endfacet
  facet normal 0 0 -1
    outer loop
      vertex 35.7119 9.55623 -5.5
      vertex 36.3776 9.77254 -5.5
      vertex 35.7778 9.28158 -5.5
    endloop
  endfacet
  facet normal 0 0 -1
    outer loop
      vertex 36.4692 8.60891 -5.5
      vertex 35.7778 8.71842 -5.5
      vertex 35.8 9 -5.5
    endloop
  endfacet
  facet normal 0 0 -1
    outer loop
      vertex 35.4562 7.94199 -5.5
      vertex 36.0225 7.53054 -5.5
      vertex 35.7678 7.23223 -5.5
    endloop
  endfacet
  facet normal 0 0 -1
    outer loop
      vertex 36.3776 8.22746 -5.5
      vertex 35.7119 8.44377 -5.5
      vertex 35.7778 8.71842 -5.5
    endloop
  endfacet
  facet normal 0 0 -1
    outer loop
      vertex 36.2275 7.86502 -5.5
      vertex 35.6038 8.18282 -5.5
      vertex 35.7119 8.44377 -5.5
    endloop
  endfacet
  facet normal 0 0 -1
    outer loop
      vertex 35.2728 7.72721 -5.5
      vertex 35.7678 7.23223 -5.5
      vertex 35.4695 6.97746 -5.5
    endloop
  endfacet
  facet normal 0 0 -1
    outer loop
      vertex 36.0225 7.53054 -5.5
      vertex 35.4562 7.94199 -5.5
      vertex 35.6038 8.18282 -5.5
    endloop
  endfacet
  facet normal 0 0 -1
    outer loop
      vertex 35.7678 7.23223 -5.5
      vertex 35.2728 7.72721 -5.5
      vertex 35.4562 7.94199 -5.5
    endloop
  endfacet
  facet normal 0 0 -1
    outer loop
      vertex 35.058 7.54377 -5.5
      vertex 35.4695 6.97746 -5.5
      vertex 35.135 6.77248 -5.5
    endloop
  endfacet
  facet normal 0 0 -1
    outer loop
      vertex 35.4695 6.97746 -5.5
      vertex 35.058 7.54377 -5.5
      vertex 35.2728 7.72721 -5.5
    endloop
  endfacet
  facet normal 0 0 -1
    outer loop
      vertex 35.135 6.77248 -5.5
      vertex 34.8172 7.39619 -5.5
      vertex 35.058 7.54377 -5.5
    endloop
  endfacet
  facet normal 0 0 -1
    outer loop
      vertex 34.7725 6.62236 -5.5
      vertex 34.8172 7.39619 -5.5
      vertex 35.135 6.77248 -5.5
    endloop
  endfacet
  facet normal 0 0 -1
    outer loop
      vertex 34.7725 6.62236 -5.5
      vertex 34.5562 7.2881 -5.5
      vertex 34.8172 7.39619 -5.5
    endloop
  endfacet
  facet normal 0 0 -1
    outer loop
      vertex 34.3911 6.53078 -5.5
      vertex 34.5562 7.2881 -5.5
      vertex 34.7725 6.62236 -5.5
    endloop
  endfacet
  facet normal 0 0 -1
    outer loop
      vertex 34.3911 6.53078 -5.5
      vertex 34.2816 7.22216 -5.5
      vertex 34.5562 7.2881 -5.5
    endloop
  endfacet
  facet normal 0 0 -1
    outer loop
      vertex 34 6.5 -5.5
      vertex 34.2816 7.22216 -5.5
      vertex 34.3911 6.53078 -5.5
    endloop
  endfacet
  facet normal 0 0 -1
    outer loop
      vertex 34 6.5 -5.5
      vertex 34 7.2 -5.5
      vertex 34.2816 7.22216 -5.5
    endloop
  endfacet
  facet normal 0 0 -1
    outer loop
      vertex 34 6.5 -5.5
      vertex 33.7184 7.22216 -5.5
      vertex 34 7.2 -5.5
    endloop
  endfacet
  facet normal 0 0 -1
    outer loop
      vertex 33.6089 6.53078 -5.5
      vertex 33.7184 7.22216 -5.5
      vertex 34 6.5 -5.5
    endloop
  endfacet
  facet normal 0 0 -1
    outer loop
      vertex 33.6089 6.53078 -5.5
      vertex 33.4438 7.2881 -5.5
      vertex 33.7184 7.22216 -5.5
    endloop
  endfacet
  facet normal 0 0 -1
    outer loop
      vertex 33.2275 6.62236 -5.5
      vertex 33.4438 7.2881 -5.5
      vertex 33.6089 6.53078 -5.5
    endloop
  endfacet
  facet normal 0 0 -1
    outer loop
      vertex 33.2275 6.62236 -5.5
      vertex 33.1828 7.39619 -5.5
      vertex 33.4438 7.2881 -5.5
    endloop
  endfacet
  facet normal 0 0 -1
    outer loop
      vertex 32.865 6.77248 -5.5
      vertex 33.1828 7.39619 -5.5
      vertex 33.2275 6.62236 -5.5
    endloop
  endfacet
  facet normal -0 0 -1
    outer loop
      vertex 33.1828 7.39619 -5.5
      vertex 32.865 6.77248 -5.5
      vertex 32.942 7.54377 -5.5
    endloop
  endfacet
  facet normal 0 0 -1
    outer loop
      vertex 32.5305 6.97746 -5.5
      vertex 32.942 7.54377 -5.5
      vertex 32.865 6.77248 -5.5
    endloop
  endfacet
  facet normal -0 0 -1
    outer loop
      vertex 32.942 7.54377 -5.5
      vertex 32.5305 6.97746 -5.5
      vertex 32.7272 7.72721 -5.5
    endloop
  endfacet
  facet normal 0 0 -1
    outer loop
      vertex 32.2322 7.23223 -5.5
      vertex 32.7272 7.72721 -5.5
      vertex 32.5305 6.97746 -5.5
    endloop
  endfacet
  facet normal -0 0 -1
    outer loop
      vertex 32.7272 7.72721 -5.5
      vertex 32.2322 7.23223 -5.5
      vertex 32.5438 7.94199 -5.5
    endloop
  endfacet
  facet normal 0 0 -1
    outer loop
      vertex 31.9775 7.53054 -5.5
      vertex 32.5438 7.94199 -5.5
      vertex 32.2322 7.23223 -5.5
    endloop
  endfacet
  facet normal -0 0 -1
    outer loop
      vertex 32.5438 7.94199 -5.5
      vertex 31.9775 7.53054 -5.5
      vertex 32.3962 8.18282 -5.5
    endloop
  endfacet
  facet normal 0 0 -1
    outer loop
      vertex 31.7725 7.86502 -5.5
      vertex 32.3962 8.18282 -5.5
      vertex 31.9775 7.53054 -5.5
    endloop
  endfacet
  facet normal -0 0 -1
    outer loop
      vertex 32.3962 8.18282 -5.5
      vertex 31.7725 7.86502 -5.5
      vertex 32.2881 8.44377 -5.5
    endloop
  endfacet
  facet normal 0 0 -1
    outer loop
      vertex 31.6224 8.22746 -5.5
      vertex 32.2881 8.44377 -5.5
      vertex 31.7725 7.86502 -5.5
    endloop
  endfacet
  facet normal -0 0 -1
    outer loop
      vertex 36.3776 9.77254 -5.5
      vertex 35.7119 9.55623 -5.5
      vertex 36.2275 10.135 -5.5
    endloop
  endfacet
  facet normal 0 0 -1
    outer loop
      vertex 35.6038 9.81718 -5.5
      vertex 36.2275 10.135 -5.5
      vertex 35.7119 9.55623 -5.5
    endloop
  endfacet
  facet normal -0 0 -1
    outer loop
      vertex 36.2275 10.135 -5.5
      vertex 35.6038 9.81718 -5.5
      vertex 36.0225 10.4695 -5.5
    endloop
  endfacet
  facet normal 0 0 -1
    outer loop
      vertex 35.4562 10.058 -5.5
      vertex 36.0225 10.4695 -5.5
      vertex 35.6038 9.81718 -5.5
    endloop
  endfacet
  facet normal -0 0 -1
    outer loop
      vertex 36.0225 10.4695 -5.5
      vertex 35.4562 10.058 -5.5
      vertex 35.7678 10.7678 -5.5
    endloop
  endfacet
  facet normal 0 0 -1
    outer loop
      vertex 35.2728 10.2728 -5.5
      vertex 35.7678 10.7678 -5.5
      vertex 35.4562 10.058 -5.5
    endloop
  endfacet
  facet normal -0 0 -1
    outer loop
      vertex 35.7678 10.7678 -5.5
      vertex 35.2728 10.2728 -5.5
      vertex 35.4695 11.0225 -5.5
    endloop
  endfacet
  facet normal 0 0 -1
    outer loop
      vertex 35.058 10.4562 -5.5
      vertex 35.4695 11.0225 -5.5
      vertex 35.2728 10.2728 -5.5
    endloop
  endfacet
  facet normal -0 0 -1
    outer loop
      vertex 35.4695 11.0225 -5.5
      vertex 35.058 10.4562 -5.5
      vertex 35.135 11.2275 -5.5
    endloop
  endfacet
  facet normal 0 0 -1
    outer loop
      vertex 34.8172 10.6038 -5.5
      vertex 35.135 11.2275 -5.5
      vertex 35.058 10.4562 -5.5
    endloop
  endfacet
  facet normal 0 0 -1
    outer loop
      vertex 34.8172 10.6038 -5.5
      vertex 34.7725 11.3776 -5.5
      vertex 35.135 11.2275 -5.5
    endloop
  endfacet
  facet normal 0 0 -1
    outer loop
      vertex 34.5562 10.7119 -5.5
      vertex 34.7725 11.3776 -5.5
      vertex 34.8172 10.6038 -5.5
    endloop
  endfacet
  facet normal 0 0 -1
    outer loop
      vertex 34.5562 10.7119 -5.5
      vertex 34.3911 11.4692 -5.5
      vertex 34.7725 11.3776 -5.5
    endloop
  endfacet
  facet normal 0 0 -1
    outer loop
      vertex 34.2816 10.7778 -5.5
      vertex 34.3911 11.4692 -5.5
      vertex 34.5562 10.7119 -5.5
    endloop
  endfacet
  facet normal 0 0 -1
    outer loop
      vertex 34 10.8 -5.5
      vertex 34.3911 11.4692 -5.5
      vertex 34.2816 10.7778 -5.5
    endloop
  endfacet
  facet normal 0 0 -1
    outer loop
      vertex 34 10.8 -5.5
      vertex 34 11.5 -5.5
      vertex 34.3911 11.4692 -5.5
    endloop
  endfacet
  facet normal 0 0 -1
    outer loop
      vertex 33.7184 10.7778 -5.5
      vertex 34 11.5 -5.5
      vertex 34 10.8 -5.5
    endloop
  endfacet
  facet normal 0 0 -1
    outer loop
      vertex 33.7184 10.7778 -5.5
      vertex 33.6089 11.4692 -5.5
      vertex 34 11.5 -5.5
    endloop
  endfacet
  facet normal 0 0 -1
    outer loop
      vertex 33.4438 10.7119 -5.5
      vertex 33.6089 11.4692 -5.5
      vertex 33.7184 10.7778 -5.5
    endloop
  endfacet
  facet normal 0 0 -1
    outer loop
      vertex 33.4438 10.7119 -5.5
      vertex 33.2275 11.3776 -5.5
      vertex 33.6089 11.4692 -5.5
    endloop
  endfacet
  facet normal 0 0 -1
    outer loop
      vertex 33.1828 10.6038 -5.5
      vertex 33.2275 11.3776 -5.5
      vertex 33.4438 10.7119 -5.5
    endloop
  endfacet
  facet normal 0 0 -1
    outer loop
      vertex 32.865 11.2275 -5.5
      vertex 33.1828 10.6038 -5.5
      vertex 32.942 10.4562 -5.5
    endloop
  endfacet
  facet normal 0 0 -1
    outer loop
      vertex 33.1828 10.6038 -5.5
      vertex 32.865 11.2275 -5.5
      vertex 33.2275 11.3776 -5.5
    endloop
  endfacet
  facet normal 0 0 -1
    outer loop
      vertex 32.5305 11.0225 -5.5
      vertex 32.942 10.4562 -5.5
      vertex 32.7272 10.2728 -5.5
    endloop
  endfacet
  facet normal 0 0 -1
    outer loop
      vertex 32.2322 10.7678 -5.5
      vertex 32.7272 10.2728 -5.5
      vertex 32.5438 10.058 -5.5
    endloop
  endfacet
  facet normal 0 0 -1
    outer loop
      vertex 32.942 10.4562 -5.5
      vertex 32.5305 11.0225 -5.5
      vertex 32.865 11.2275 -5.5
    endloop
  endfacet
  facet normal 0 0 -1
    outer loop
      vertex 31.9775 10.4695 -5.5
      vertex 32.5438 10.058 -5.5
      vertex 32.3962 9.81718 -5.5
    endloop
  endfacet
  facet normal 0 0 -1
    outer loop
      vertex 31.7725 10.135 -5.5
      vertex 32.3962 9.81718 -5.5
      vertex 32.2881 9.55623 -5.5
    endloop
  endfacet
  facet normal 0 0 -1
    outer loop
      vertex 32.7272 10.2728 -5.5
      vertex 32.2322 10.7678 -5.5
      vertex 32.5305 11.0225 -5.5
    endloop
  endfacet
  facet normal 0 0 -1
    outer loop
      vertex 31.6224 9.77254 -5.5
      vertex 32.2881 9.55623 -5.5
      vertex 32.2222 9.28158 -5.5
    endloop
  endfacet
  facet normal 0 0 -1
    outer loop
      vertex 31.5308 9.39109 -5.5
      vertex 32.2222 9.28158 -5.5
      vertex 32.2 9 -5.5
    endloop
  endfacet
  facet normal -0 0 -1
    outer loop
      vertex 32.2881 8.44377 -5.5
      vertex 31.6224 8.22746 -5.5
      vertex 32.2222 8.71842 -5.5
    endloop
  endfacet
  facet normal 0 0 -1
    outer loop
      vertex 32.5438 10.058 -5.5
      vertex 31.9775 10.4695 -5.5
      vertex 32.2322 10.7678 -5.5
    endloop
  endfacet
  facet normal 0 0 -1
    outer loop
      vertex 31.5308 8.60891 -5.5
      vertex 32.2222 8.71842 -5.5
      vertex 31.6224 8.22746 -5.5
    endloop
  endfacet
  facet normal 0 0 -1
    outer loop
      vertex 32.3962 9.81718 -5.5
      vertex 31.7725 10.135 -5.5
      vertex 31.9775 10.4695 -5.5
    endloop
  endfacet
  facet normal -0 0 -1
    outer loop
      vertex 32.2222 8.71842 -5.5
      vertex 31.5308 8.60891 -5.5
      vertex 32.2 9 -5.5
    endloop
  endfacet
  facet normal 0 0 -1
    outer loop
      vertex 32.2881 9.55623 -5.5
      vertex 31.6224 9.77254 -5.5
      vertex 31.7725 10.135 -5.5
    endloop
  endfacet
  facet normal 0 0 -1
    outer loop
      vertex 31.5 9 -5.5
      vertex 32.2 9 -5.5
      vertex 31.5308 8.60891 -5.5
    endloop
  endfacet
  facet normal 0 0 -1
    outer loop
      vertex 32.2222 9.28158 -5.5
      vertex 31.5308 9.39109 -5.5
      vertex 31.6224 9.77254 -5.5
    endloop
  endfacet
  facet normal 0 0 -1
    outer loop
      vertex 32.2 9 -5.5
      vertex 31.5 9 -5.5
      vertex 31.5308 9.39109 -5.5
    endloop
  endfacet
  facet normal -0.522495 -0.852642 0
    outer loop
      vertex 32.5305 6.97746 -5.5
      vertex 32.865 6.77248 -2.5
      vertex 32.5305 6.97746 -2.5
    endloop
  endfacet
  facet normal -0.522495 -0.852642 -0
    outer loop
      vertex 32.865 6.77248 -2.5
      vertex 32.5305 6.97746 -5.5
      vertex 32.865 6.77248 -5.5
    endloop
  endfacet
  facet normal 0.760497 0.649342 0
    outer loop
      vertex 36.0225 10.4695 -2.5
      vertex 35.7678 10.7678 -5.5
      vertex 35.7678 10.7678 -2.5
    endloop
  endfacet
  facet normal 0.760497 0.649342 0
    outer loop
      vertex 35.7678 10.7678 -5.5
      vertex 36.0225 10.4695 -2.5
      vertex 36.0225 10.4695 -5.5
    endloop
  endfacet
  facet normal 0.649342 0.760497 -0
    outer loop
      vertex 35.7678 10.7678 -5.5
      vertex 35.4695 11.0225 -2.5
      vertex 35.7678 10.7678 -2.5
    endloop
  endfacet
  facet normal 0.649342 0.760497 0
    outer loop
      vertex 35.4695 11.0225 -2.5
      vertex 35.7678 10.7678 -5.5
      vertex 35.4695 11.0225 -5.5
    endloop
  endfacet
  facet normal 0.0784585 -0.996917 0
    outer loop
      vertex 34 6.5 -5.5
      vertex 34.3911 6.53078 -2.5
      vertex 34 6.5 -2.5
    endloop
  endfacet
  facet normal 0.0784585 -0.996917 0
    outer loop
      vertex 34.3911 6.53078 -2.5
      vertex 34 6.5 -5.5
      vertex 34.3911 6.53078 -5.5
    endloop
  endfacet
  facet normal -0.852606 -0.522555 0
    outer loop
      vertex 31.9775 7.53054 -5.5
      vertex 31.7725 7.86502 -2.5
      vertex 31.7725 7.86502 -5.5
    endloop
  endfacet
  facet normal -0.852606 -0.522555 0
    outer loop
      vertex 31.7725 7.86502 -2.5
      vertex 31.9775 7.53054 -5.5
      vertex 31.9775 7.53054 -2.5
    endloop
  endfacet
  facet normal 0.233479 -0.972362 0
    outer loop
      vertex 34.3911 6.53078 -5.5
      vertex 34.7725 6.62236 -2.5
      vertex 34.3911 6.53078 -2.5
    endloop
  endfacet
  facet normal 0.233479 -0.972362 0
    outer loop
      vertex 34.7725 6.62236 -2.5
      vertex 34.3911 6.53078 -5.5
      vertex 34.7725 6.62236 -5.5
    endloop
  endfacet
  facet normal 0.649445 -0.760409 0
    outer loop
      vertex 35.4695 6.97746 -5.5
      vertex 35.7678 7.23223 -2.5
      vertex 35.4695 6.97746 -2.5
    endloop
  endfacet
  facet normal 0.649445 -0.760409 0
    outer loop
      vertex 35.7678 7.23223 -2.5
      vertex 35.4695 6.97746 -5.5
      vertex 35.7678 7.23223 -5.5
    endloop
  endfacet
  facet normal -0.996913 -0.0785112 0
    outer loop
      vertex 31.5308 8.60891 -5.5
      vertex 31.5 9 -2.5
      vertex 31.5 9 -5.5
    endloop
  endfacet
  facet normal -0.996913 -0.0785112 0
    outer loop
      vertex 31.5 9 -2.5
      vertex 31.5308 8.60891 -5.5
      vertex 31.5308 8.60891 -2.5
    endloop
  endfacet
  facet normal 0.972357 -0.233498 0
    outer loop
      vertex 36.3776 8.22746 -2.5
      vertex 36.4692 8.60891 -5.5
      vertex 36.4692 8.60891 -2.5
    endloop
  endfacet
  facet normal 0.972357 -0.233498 0
    outer loop
      vertex 36.4692 8.60891 -5.5
      vertex 36.3776 8.22746 -2.5
      vertex 36.3776 8.22746 -5.5
    endloop
  endfacet
  facet normal 0.382569 0.923927 -0
    outer loop
      vertex 35.135 11.2275 -5.5
      vertex 34.7725 11.3776 -2.5
      vertex 35.135 11.2275 -2.5
    endloop
  endfacet
  facet normal 0.382569 0.923927 0
    outer loop
      vertex 34.7725 11.3776 -2.5
      vertex 35.135 11.2275 -5.5
      vertex 34.7725 11.3776 -5.5
    endloop
  endfacet
  facet normal -0.382613 -0.923909 0
    outer loop
      vertex 32.865 6.77248 -5.5
      vertex 33.2275 6.62236 -2.5
      vertex 32.865 6.77248 -2.5
    endloop
  endfacet
  facet normal -0.382613 -0.923909 -0
    outer loop
      vertex 33.2275 6.62236 -2.5
      vertex 32.865 6.77248 -5.5
      vertex 33.2275 6.62236 -5.5
    endloop
  endfacet
  facet normal 0.0785092 0.996913 -0
    outer loop
      vertex 34.3911 11.4692 -5.5
      vertex 34 11.5 -2.5
      vertex 34.3911 11.4692 -2.5
    endloop
  endfacet
  facet normal 0.0785092 0.996913 0
    outer loop
      vertex 34 11.5 -2.5
      vertex 34.3911 11.4692 -5.5
      vertex 34 11.5 -5.5
    endloop
  endfacet
  facet normal -0.85262 0.522532 0
    outer loop
      vertex 31.7725 10.135 -5.5
      vertex 31.9775 10.4695 -2.5
      vertex 31.9775 10.4695 -5.5
    endloop
  endfacet
  facet normal -0.85262 0.522532 0
    outer loop
      vertex 31.9775 10.4695 -2.5
      vertex 31.7725 10.135 -5.5
      vertex 31.7725 10.135 -2.5
    endloop
  endfacet
  facet normal -0.9724 -0.233319 0
    outer loop
      vertex 35.7778 9.28158 -5.5
      vertex 35.7119 9.55623 -4.91
      vertex 35.7119 9.55623 -5.5
    endloop
  endfacet
  facet normal -0.9724 -0.233319 0
    outer loop
      vertex 35.7119 9.55623 -4.91
      vertex 35.7778 9.28158 -5.5
      vertex 35.7778 9.28158 -4.91
    endloop
  endfacet
  facet normal -0.996906 -0.0785969 0
    outer loop
      vertex 35.8 9 -5.5
      vertex 35.7778 9.28158 -4.91
      vertex 35.7778 9.28158 -5.5
    endloop
  endfacet
  facet normal -0.996906 -0.0785969 0
    outer loop
      vertex 35.7778 9.28158 -4.91
      vertex 35.8 9 -5.5
      vertex 35.8 9 -4.91
    endloop
  endfacet
  facet normal -0.760505 -0.649332 0
    outer loop
      vertex 35.4562 10.058 -5.5
      vertex 35.2728 10.2728 -4.91
      vertex 35.2728 10.2728 -5.5
    endloop
  endfacet
  facet normal -0.760505 -0.649332 0
    outer loop
      vertex 35.2728 10.2728 -4.91
      vertex 35.4562 10.058 -5.5
      vertex 35.4562 10.058 -4.91
    endloop
  endfacet
  facet normal 0.923866 0.382717 0
    outer loop
      vertex 32.3962 8.18282 -4.91
      vertex 32.2881 8.44377 -5.5
      vertex 32.2881 8.44377 -4.91
    endloop
  endfacet
  facet normal 0.923866 0.382717 0
    outer loop
      vertex 32.2881 8.44377 -5.5
      vertex 32.3962 8.18282 -4.91
      vertex 32.3962 8.18282 -5.5
    endloop
  endfacet
  facet normal 0.760475 0.649367 0
    outer loop
      vertex 32.7272 7.72721 -4.91
      vertex 32.5438 7.94199 -5.5
      vertex 32.5438 7.94199 -4.91
    endloop
  endfacet
  facet normal 0.760475 0.649367 0
    outer loop
      vertex 32.5438 7.94199 -5.5
      vertex 32.7272 7.72721 -4.91
      vertex 32.7272 7.72721 -5.5
    endloop
  endfacet
  facet normal -0.996906 0.0785969 0
    outer loop
      vertex 35.7778 8.71842 -5.5
      vertex 35.8 9 -4.91
      vertex 35.8 9 -5.5
    endloop
  endfacet
  facet normal -0.996906 0.0785969 0
    outer loop
      vertex 35.8 9 -4.91
      vertex 35.7778 8.71842 -5.5
      vertex 35.7778 8.71842 -4.91
    endloop
  endfacet
  facet normal 0.760505 -0.649332 0
    outer loop
      vertex 32.5438 10.058 -4.91
      vertex 32.7272 10.2728 -5.5
      vertex 32.7272 10.2728 -4.91
    endloop
  endfacet
  facet normal 0.760505 -0.649332 0
    outer loop
      vertex 32.7272 10.2728 -5.5
      vertex 32.5438 10.058 -4.91
      vertex 32.5438 10.058 -5.5
    endloop
  endfacet
  facet normal 0.9724 0.233319 0
    outer loop
      vertex 32.2881 8.44377 -4.91
      vertex 32.2222 8.71842 -5.5
      vertex 32.2222 8.71842 -4.91
    endloop
  endfacet
  facet normal 0.9724 0.233319 0
    outer loop
      vertex 32.2222 8.71842 -5.5
      vertex 32.2881 8.44377 -4.91
      vertex 32.2881 8.44377 -5.5
    endloop
  endfacet
  facet normal 0.9724 -0.233319 0
    outer loop
      vertex 32.2222 9.28158 -4.91
      vertex 32.2881 9.55623 -5.5
      vertex 32.2881 9.55623 -4.91
    endloop
  endfacet
  facet normal 0.9724 -0.233319 0
    outer loop
      vertex 32.2881 9.55623 -5.5
      vertex 32.2222 9.28158 -4.91
      vertex 32.2222 9.28158 -5.5
    endloop
  endfacet
  facet normal -0.23336 -0.972391 0
    outer loop
      vertex 34.2816 10.7778 -5.5
      vertex 34.5562 10.7119 -4.91
      vertex 34.2816 10.7778 -4.91
    endloop
  endfacet
  facet normal -0.23336 -0.972391 -0
    outer loop
      vertex 34.5562 10.7119 -4.91
      vertex 34.2816 10.7778 -5.5
      vertex 34.5562 10.7119 -5.5
    endloop
  endfacet
  facet normal 0.382654 -0.923892 0
    outer loop
      vertex 33.1828 10.6038 -5.5
      vertex 33.4438 10.7119 -4.91
      vertex 33.1828 10.6038 -4.91
    endloop
  endfacet
  facet normal 0.382654 -0.923892 0
    outer loop
      vertex 33.4438 10.7119 -4.91
      vertex 33.1828 10.6038 -5.5
      vertex 33.4438 10.7119 -5.5
    endloop
  endfacet
  facet normal -0.522544 0.852612 0
    outer loop
      vertex 35.058 7.54377 -5.5
      vertex 34.8172 7.39619 -4.91
      vertex 35.058 7.54377 -4.91
    endloop
  endfacet
  facet normal -0.522544 0.852612 0
    outer loop
      vertex 34.8172 7.39619 -4.91
      vertex 35.058 7.54377 -5.5
      vertex 34.8172 7.39619 -5.5
    endloop
  endfacet
  facet normal -0.382654 -0.923892 0
    outer loop
      vertex 34.5562 10.7119 -5.5
      vertex 34.8172 10.6038 -4.91
      vertex 34.5562 10.7119 -4.91
    endloop
  endfacet
  facet normal -0.382654 -0.923892 -0
    outer loop
      vertex 34.8172 10.6038 -4.91
      vertex 34.5562 10.7119 -5.5
      vertex 34.8172 10.6038 -5.5
    endloop
  endfacet
  facet normal -0.760475 0.649367 0
    outer loop
      vertex 35.2728 7.72721 -5.5
      vertex 35.4562 7.94199 -4.91
      vertex 35.4562 7.94199 -5.5
    endloop
  endfacet
  facet normal -0.760475 0.649367 0
    outer loop
      vertex 35.4562 7.94199 -4.91
      vertex 35.2728 7.72721 -5.5
      vertex 35.2728 7.72721 -4.91
    endloop
  endfacet
  facet normal 0.522595 -0.852581 0
    outer loop
      vertex 32.942 10.4562 -5.5
      vertex 33.1828 10.6038 -4.91
      vertex 32.942 10.4562 -4.91
    endloop
  endfacet
  facet normal 0.522595 -0.852581 0
    outer loop
      vertex 33.1828 10.6038 -4.91
      vertex 32.942 10.4562 -5.5
      vertex 33.1828 10.6038 -5.5
    endloop
  endfacet
  facet normal -0.0784506 0.996918 0
    outer loop
      vertex 34.2816 7.22216 -5.5
      vertex 34 7.2 -4.91
      vertex 34.2816 7.22216 -4.91
    endloop
  endfacet
  facet normal -0.0784506 0.996918 0
    outer loop
      vertex 34 7.2 -4.91
      vertex 34.2816 7.22216 -5.5
      vertex 34 7.2 -5.5
    endloop
  endfacet
  facet normal -0.233493 0.972358 0
    outer loop
      vertex 34.5562 7.2881 -5.5
      vertex 34.2816 7.22216 -4.91
      vertex 34.5562 7.2881 -4.91
    endloop
  endfacet
  facet normal -0.233493 0.972358 0
    outer loop
      vertex 34.2816 7.22216 -4.91
      vertex 34.5562 7.2881 -5.5
      vertex 34.2816 7.22216 -5.5
    endloop
  endfacet
  facet normal 0.382624 0.923904 -0
    outer loop
      vertex 33.4438 7.2881 -5.5
      vertex 33.1828 7.39619 -4.91
      vertex 33.4438 7.2881 -4.91
    endloop
  endfacet
  facet normal 0.382624 0.923904 0
    outer loop
      vertex 33.1828 7.39619 -4.91
      vertex 33.4438 7.2881 -5.5
      vertex 33.1828 7.39619 -5.5
    endloop
  endfacet
  facet normal -0.923866 0.382717 0
    outer loop
      vertex 35.6038 8.18282 -5.5
      vertex 35.7119 8.44377 -4.91
      vertex 35.7119 8.44377 -5.5
    endloop
  endfacet
  facet normal -0.923866 0.382717 0
    outer loop
      vertex 35.7119 8.44377 -4.91
      vertex 35.6038 8.18282 -5.5
      vertex 35.6038 8.18282 -4.91
    endloop
  endfacet
  facet normal -0.85261 0.522548 0
    outer loop
      vertex 35.4562 7.94199 -5.5
      vertex 35.6038 8.18282 -4.91
      vertex 35.6038 8.18282 -5.5
    endloop
  endfacet
  facet normal -0.85261 0.522548 0
    outer loop
      vertex 35.6038 8.18282 -4.91
      vertex 35.4562 7.94199 -5.5
      vertex 35.4562 7.94199 -4.91
    endloop
  endfacet
  facet normal 0.233493 0.972358 -0
    outer loop
      vertex 33.7184 7.22216 -5.5
      vertex 33.4438 7.2881 -4.91
      vertex 33.7184 7.22216 -4.91
    endloop
  endfacet
  facet normal 0.233493 0.972358 0
    outer loop
      vertex 33.4438 7.2881 -4.91
      vertex 33.7184 7.22216 -5.5
      vertex 33.4438 7.2881 -5.5
    endloop
  endfacet
  facet normal -0.9724 0.233319 0
    outer loop
      vertex 35.7119 8.44377 -5.5
      vertex 35.7778 8.71842 -4.91
      vertex 35.7778 8.71842 -5.5
    endloop
  endfacet
  facet normal -0.9724 0.233319 0
    outer loop
      vertex 35.7778 8.71842 -4.91
      vertex 35.7119 8.44377 -5.5
      vertex 35.7119 8.44377 -4.91
    endloop
  endfacet
  facet normal 0.0784506 0.996918 -0
    outer loop
      vertex 34 7.2 -5.5
      vertex 33.7184 7.22216 -4.91
      vertex 34 7.2 -4.91
    endloop
  endfacet
  facet normal 0.0784506 0.996918 0
    outer loop
      vertex 33.7184 7.22216 -4.91
      vertex 34 7.2 -5.5
      vertex 33.7184 7.22216 -5.5
    endloop
  endfacet
  facet normal -0.8526 -0.522564 0
    outer loop
      vertex 35.6038 9.81718 -5.5
      vertex 35.4562 10.058 -4.91
      vertex 35.4562 10.058 -5.5
    endloop
  endfacet
  facet normal -0.8526 -0.522564 0
    outer loop
      vertex 35.4562 10.058 -4.91
      vertex 35.6038 9.81718 -5.5
      vertex 35.6038 9.81718 -4.91
    endloop
  endfacet
  facet normal -0.649414 0.760435 0
    outer loop
      vertex 35.2728 7.72721 -5.5
      vertex 35.058 7.54377 -4.91
      vertex 35.2728 7.72721 -4.91
    endloop
  endfacet
  facet normal -0.649414 0.760435 0
    outer loop
      vertex 35.058 7.54377 -4.91
      vertex 35.2728 7.72721 -5.5
      vertex 35.058 7.54377 -5.5
    endloop
  endfacet
  facet normal 0.996906 -0.0785969 0
    outer loop
      vertex 32.2 9 -4.91
      vertex 32.2222 9.28158 -5.5
      vertex 32.2222 9.28158 -4.91
    endloop
  endfacet
  facet normal 0.996906 -0.0785969 0
    outer loop
      vertex 32.2222 9.28158 -5.5
      vertex 32.2 9 -4.91
      vertex 32.2 9 -5.5
    endloop
  endfacet
  facet normal 0.649332 -0.760505 0
    outer loop
      vertex 32.7272 10.2728 -5.5
      vertex 32.942 10.4562 -4.91
      vertex 32.7272 10.2728 -4.91
    endloop
  endfacet
  facet normal 0.649332 -0.760505 0
    outer loop
      vertex 32.942 10.4562 -4.91
      vertex 32.7272 10.2728 -5.5
      vertex 32.942 10.4562 -5.5
    endloop
  endfacet
  facet normal -0.649332 -0.760505 0
    outer loop
      vertex 35.058 10.4562 -5.5
      vertex 35.2728 10.2728 -4.91
      vertex 35.058 10.4562 -4.91
    endloop
  endfacet
  facet normal -0.649332 -0.760505 -0
    outer loop
      vertex 35.2728 10.2728 -4.91
      vertex 35.058 10.4562 -5.5
      vertex 35.2728 10.2728 -5.5
    endloop
  endfacet
  facet normal -0.382624 0.923904 0
    outer loop
      vertex 34.8172 7.39619 -5.5
      vertex 34.5562 7.2881 -4.91
      vertex 34.8172 7.39619 -4.91
    endloop
  endfacet
  facet normal -0.382624 0.923904 0
    outer loop
      vertex 34.5562 7.2881 -4.91
      vertex 34.8172 7.39619 -5.5
      vertex 34.5562 7.2881 -5.5
    endloop
  endfacet
  facet normal -0.522595 -0.852581 0
    outer loop
      vertex 34.8172 10.6038 -5.5
      vertex 35.058 10.4562 -4.91
      vertex 34.8172 10.6038 -4.91
    endloop
  endfacet
  facet normal -0.522595 -0.852581 -0
    outer loop
      vertex 35.058 10.4562 -4.91
      vertex 34.8172 10.6038 -5.5
      vertex 35.058 10.4562 -5.5
    endloop
  endfacet
  facet normal 0.23336 -0.972391 0
    outer loop
      vertex 33.4438 10.7119 -5.5
      vertex 33.7184 10.7778 -4.91
      vertex 33.4438 10.7119 -4.91
    endloop
  endfacet
  facet normal 0.23336 -0.972391 0
    outer loop
      vertex 33.7184 10.7778 -4.91
      vertex 33.4438 10.7119 -5.5
      vertex 33.7184 10.7778 -5.5
    endloop
  endfacet
  facet normal 0.0785914 -0.996907 0
    outer loop
      vertex 33.7184 10.7778 -5.5
      vertex 34 10.8 -4.91
      vertex 33.7184 10.7778 -4.91
    endloop
  endfacet
  facet normal 0.0785914 -0.996907 0
    outer loop
      vertex 34 10.8 -4.91
      vertex 33.7184 10.7778 -5.5
      vertex 34 10.8 -5.5
    endloop
  endfacet
  facet normal 0 0 -1
    outer loop
      vertex 35.7778 8.71842 -4.91
      vertex 35.7778 9.28158 -4.91
      vertex 35.8 9 -4.91
    endloop
  endfacet
  facet normal 0 0 -1
    outer loop
      vertex 35.7119 8.44377 -4.91
      vertex 35.7778 9.28158 -4.91
      vertex 35.7778 8.71842 -4.91
    endloop
  endfacet
  facet normal 0 0 -1
    outer loop
      vertex 35.7119 8.44377 -4.91
      vertex 35.7119 9.55623 -4.91
      vertex 35.7778 9.28158 -4.91
    endloop
  endfacet
  facet normal 0 0 -1
    outer loop
      vertex 35.6038 8.18282 -4.91
      vertex 35.7119 9.55623 -4.91
      vertex 35.7119 8.44377 -4.91
    endloop
  endfacet
  facet normal 0 0 -1
    outer loop
      vertex 35.6038 8.18282 -4.91
      vertex 35.6038 9.81718 -4.91
      vertex 35.7119 9.55623 -4.91
    endloop
  endfacet
  facet normal 0 0 -1
    outer loop
      vertex 35.4562 7.94199 -4.91
      vertex 35.6038 9.81718 -4.91
      vertex 35.6038 8.18282 -4.91
    endloop
  endfacet
  facet normal 0 0 -1
    outer loop
      vertex 35.4562 7.94199 -4.91
      vertex 35.4562 10.058 -4.91
      vertex 35.6038 9.81718 -4.91
    endloop
  endfacet
  facet normal 0 0 -1
    outer loop
      vertex 35.2728 7.72721 -4.91
      vertex 35.4562 10.058 -4.91
      vertex 35.4562 7.94199 -4.91
    endloop
  endfacet
  facet normal 0 0 -1
    outer loop
      vertex 35.2728 7.72721 -4.91
      vertex 35.2728 10.2728 -4.91
      vertex 35.4562 10.058 -4.91
    endloop
  endfacet
  facet normal 0 0 -1
    outer loop
      vertex 35.058 7.54377 -4.91
      vertex 35.2728 10.2728 -4.91
      vertex 35.2728 7.72721 -4.91
    endloop
  endfacet
  facet normal 0 0 -1
    outer loop
      vertex 35.058 7.54377 -4.91
      vertex 35.058 10.4562 -4.91
      vertex 35.2728 10.2728 -4.91
    endloop
  endfacet
  facet normal 0 0 -1
    outer loop
      vertex 34.8172 7.39619 -4.91
      vertex 35.058 10.4562 -4.91
      vertex 35.058 7.54377 -4.91
    endloop
  endfacet
  facet normal 0 0 -1
    outer loop
      vertex 34.8172 7.39619 -4.91
      vertex 34.8172 10.6038 -4.91
      vertex 35.058 10.4562 -4.91
    endloop
  endfacet
  facet normal 0 0 -1
    outer loop
      vertex 34.5562 7.2881 -4.91
      vertex 34.8172 10.6038 -4.91
      vertex 34.8172 7.39619 -4.91
    endloop
  endfacet
  facet normal 0 0 -1
    outer loop
      vertex 34.5562 7.2881 -4.91
      vertex 34.5562 10.7119 -4.91
      vertex 34.8172 10.6038 -4.91
    endloop
  endfacet
  facet normal 0 0 -1
    outer loop
      vertex 34.2816 7.22216 -4.91
      vertex 34.5562 10.7119 -4.91
      vertex 34.5562 7.2881 -4.91
    endloop
  endfacet
  facet normal 0 0 -1
    outer loop
      vertex 34.2816 7.22216 -4.91
      vertex 34.2816 10.7778 -4.91
      vertex 34.5562 10.7119 -4.91
    endloop
  endfacet
  facet normal 0 0 -1
    outer loop
      vertex 34 7.2 -4.91
      vertex 34.2816 10.7778 -4.91
      vertex 34.2816 7.22216 -4.91
    endloop
  endfacet
  facet normal 0 0 -1
    outer loop
      vertex 34 7.2 -4.91
      vertex 34 10.8 -4.91
      vertex 34.2816 10.7778 -4.91
    endloop
  endfacet
  facet normal 0 0 -1
    outer loop
      vertex 33.7184 7.22216 -4.91
      vertex 34 10.8 -4.91
      vertex 34 7.2 -4.91
    endloop
  endfacet
  facet normal 0 0 -1
    outer loop
      vertex 33.7184 7.22216 -4.91
      vertex 33.7184 10.7778 -4.91
      vertex 34 10.8 -4.91
    endloop
  endfacet
  facet normal 0 0 -1
    outer loop
      vertex 33.4438 7.2881 -4.91
      vertex 33.7184 10.7778 -4.91
      vertex 33.7184 7.22216 -4.91
    endloop
  endfacet
  facet normal 0 0 -1
    outer loop
      vertex 33.4438 7.2881 -4.91
      vertex 33.4438 10.7119 -4.91
      vertex 33.7184 10.7778 -4.91
    endloop
  endfacet
  facet normal 0 0 -1
    outer loop
      vertex 33.1828 7.39619 -4.91
      vertex 33.4438 10.7119 -4.91
      vertex 33.4438 7.2881 -4.91
    endloop
  endfacet
  facet normal 0 0 -1
    outer loop
      vertex 33.1828 7.39619 -4.91
      vertex 33.1828 10.6038 -4.91
      vertex 33.4438 10.7119 -4.91
    endloop
  endfacet
  facet normal 0 0 -1
    outer loop
      vertex 32.942 7.54377 -4.91
      vertex 33.1828 10.6038 -4.91
      vertex 33.1828 7.39619 -4.91
    endloop
  endfacet
  facet normal 0 0 -1
    outer loop
      vertex 32.942 7.54377 -4.91
      vertex 32.942 10.4562 -4.91
      vertex 33.1828 10.6038 -4.91
    endloop
  endfacet
  facet normal 0 0 -1
    outer loop
      vertex 32.7272 7.72721 -4.91
      vertex 32.942 10.4562 -4.91
      vertex 32.942 7.54377 -4.91
    endloop
  endfacet
  facet normal 0 0 -1
    outer loop
      vertex 32.7272 7.72721 -4.91
      vertex 32.7272 10.2728 -4.91
      vertex 32.942 10.4562 -4.91
    endloop
  endfacet
  facet normal 0 0 -1
    outer loop
      vertex 32.5438 7.94199 -4.91
      vertex 32.7272 10.2728 -4.91
      vertex 32.7272 7.72721 -4.91
    endloop
  endfacet
  facet normal 0 0 -1
    outer loop
      vertex 32.5438 7.94199 -4.91
      vertex 32.5438 10.058 -4.91
      vertex 32.7272 10.2728 -4.91
    endloop
  endfacet
  facet normal 0 0 -1
    outer loop
      vertex 32.3962 8.18282 -4.91
      vertex 32.5438 10.058 -4.91
      vertex 32.5438 7.94199 -4.91
    endloop
  endfacet
  facet normal 0 0 -1
    outer loop
      vertex 32.3962 8.18282 -4.91
      vertex 32.3962 9.81718 -4.91
      vertex 32.5438 10.058 -4.91
    endloop
  endfacet
  facet normal 0 0 -1
    outer loop
      vertex 32.2881 8.44377 -4.91
      vertex 32.3962 9.81718 -4.91
      vertex 32.3962 8.18282 -4.91
    endloop
  endfacet
  facet normal 0 0 -1
    outer loop
      vertex 32.2881 8.44377 -4.91
      vertex 32.2881 9.55623 -4.91
      vertex 32.3962 9.81718 -4.91
    endloop
  endfacet
  facet normal 0 0 -1
    outer loop
      vertex 32.2222 8.71842 -4.91
      vertex 32.2881 9.55623 -4.91
      vertex 32.2881 8.44377 -4.91
    endloop
  endfacet
  facet normal 0 0 -1
    outer loop
      vertex 32.2222 8.71842 -4.91
      vertex 32.2222 9.28158 -4.91
      vertex 32.2881 9.55623 -4.91
    endloop
  endfacet
  facet normal 0 -0 -1
    outer loop
      vertex 32.2222 9.28158 -4.91
      vertex 32.2222 8.71842 -4.91
      vertex 32.2 9 -4.91
    endloop
  endfacet
  facet normal 0.996906 0.0785969 0
    outer loop
      vertex 32.2222 8.71842 -4.91
      vertex 32.2 9 -5.5
      vertex 32.2 9 -4.91
    endloop
  endfacet
  facet normal 0.996906 0.0785969 0
    outer loop
      vertex 32.2 9 -5.5
      vertex 32.2222 8.71842 -4.91
      vertex 32.2222 8.71842 -5.5
    endloop
  endfacet
  facet normal -0.923866 -0.382717 0
    outer loop
      vertex 35.7119 9.55623 -5.5
      vertex 35.6038 9.81718 -4.91
      vertex 35.6038 9.81718 -5.5
    endloop
  endfacet
  facet normal -0.923866 -0.382717 0
    outer loop
      vertex 35.6038 9.81718 -4.91
      vertex 35.7119 9.55623 -5.5
      vertex 35.7119 9.55623 -4.91
    endloop
  endfacet
  facet normal 0.8526 -0.522564 0
    outer loop
      vertex 32.3962 9.81718 -4.91
      vertex 32.5438 10.058 -5.5
      vertex 32.5438 10.058 -4.91
    endloop
  endfacet
  facet normal 0.8526 -0.522564 0
    outer loop
      vertex 32.5438 10.058 -5.5
      vertex 32.3962 9.81718 -4.91
      vertex 32.3962 9.81718 -5.5
    endloop
  endfacet
  facet normal -0.0785914 -0.996907 0
    outer loop
      vertex 34 10.8 -5.5
      vertex 34.2816 10.7778 -4.91
      vertex 34 10.8 -4.91
    endloop
  endfacet
  facet normal -0.0785914 -0.996907 -0
    outer loop
      vertex 34.2816 10.7778 -4.91
      vertex 34 10.8 -5.5
      vertex 34.2816 10.7778 -5.5
    endloop
  endfacet
  facet normal 0.85261 0.522548 0
    outer loop
      vertex 32.5438 7.94199 -4.91
      vertex 32.3962 8.18282 -5.5
      vertex 32.3962 8.18282 -4.91
    endloop
  endfacet
  facet normal 0.85261 0.522548 0
    outer loop
      vertex 32.3962 8.18282 -5.5
      vertex 32.5438 7.94199 -4.91
      vertex 32.5438 7.94199 -5.5
    endloop
  endfacet
  facet normal 0.649414 0.760435 -0
    outer loop
      vertex 32.942 7.54377 -5.5
      vertex 32.7272 7.72721 -4.91
      vertex 32.942 7.54377 -4.91
    endloop
  endfacet
  facet normal 0.649414 0.760435 0
    outer loop
      vertex 32.7272 7.72721 -4.91
      vertex 32.942 7.54377 -5.5
      vertex 32.7272 7.72721 -5.5
    endloop
  endfacet
  facet normal 0.923866 -0.382717 0
    outer loop
      vertex 32.2881 9.55623 -4.91
      vertex 32.3962 9.81718 -5.5
      vertex 32.3962 9.81718 -4.91
    endloop
  endfacet
  facet normal 0.923866 -0.382717 0
    outer loop
      vertex 32.3962 9.81718 -5.5
      vertex 32.2881 9.55623 -4.91
      vertex 32.2881 9.55623 -5.5
    endloop
  endfacet
  facet normal 0.522544 0.852612 -0
    outer loop
      vertex 33.1828 7.39619 -5.5
      vertex 32.942 7.54377 -4.91
      vertex 33.1828 7.39619 -4.91
    endloop
  endfacet
  facet normal 0.522544 0.852612 0
    outer loop
      vertex 32.942 7.54377 -4.91
      vertex 33.1828 7.39619 -5.5
      vertex 32.942 7.54377 -5.5
    endloop
  endfacet
  facet normal -0.97235 -0.233527 0
    outer loop
      vertex 31.6224 27.2275 -4.5
      vertex 31.5308 27.6089 -2.5
      vertex 31.5308 27.6089 -4.5
    endloop
  endfacet
  facet normal -0.97235 -0.233527 0
    outer loop
      vertex 31.5308 27.6089 -2.5
      vertex 31.6224 27.2275 -4.5
      vertex 31.6224 27.2275 -2.5
    endloop
  endfacet
  facet normal 0.97235 0.233527 0
    outer loop
      vertex 36.4692 28.3911 -2.5
      vertex 36.3776 28.7725 -4.5
      vertex 36.3776 28.7725 -2.5
    endloop
  endfacet
  facet normal 0.97235 0.233527 0
    outer loop
      vertex 36.3776 28.7725 -4.5
      vertex 36.4692 28.3911 -2.5
      vertex 36.4692 28.3911 -4.5
    endloop
  endfacet
  facet normal 0.996913 0.0785092 0
    outer loop
      vertex 36.5 28 -2.5
      vertex 36.4692 28.3911 -4.5
      vertex 36.4692 28.3911 -2.5
    endloop
  endfacet
  facet normal 0.996913 0.0785092 0
    outer loop
      vertex 36.4692 28.3911 -4.5
      vertex 36.5 28 -2.5
      vertex 36.5 28 -4.5
    endloop
  endfacet
  facet normal 0.923927 0.382569 0
    outer loop
      vertex 36.3776 28.7725 -2.5
      vertex 36.2275 29.135 -4.5
      vertex 36.2275 29.135 -2.5
    endloop
  endfacet
  facet normal 0.923927 0.382569 0
    outer loop
      vertex 36.2275 29.135 -4.5
      vertex 36.3776 28.7725 -2.5
      vertex 36.3776 28.7725 -4.5
    endloop
  endfacet
  facet normal 0.382569 -0.923927 0
    outer loop
      vertex 34.7725 25.6224 -4.5
      vertex 35.135 25.7725 -2.5
      vertex 34.7725 25.6224 -2.5
    endloop
  endfacet
  facet normal 0.382569 -0.923927 0
    outer loop
      vertex 35.135 25.7725 -2.5
      vertex 34.7725 25.6224 -4.5
      vertex 35.135 25.7725 -4.5
    endloop
  endfacet
  facet normal 0.85262 -0.522532 0
    outer loop
      vertex 36.0225 26.5305 -2.5
      vertex 36.2275 26.865 -4.5
      vertex 36.2275 26.865 -2.5
    endloop
  endfacet
  facet normal 0.85262 -0.522532 0
    outer loop
      vertex 36.2275 26.865 -4.5
      vertex 36.0225 26.5305 -2.5
      vertex 36.0225 26.5305 -4.5
    endloop
  endfacet
  facet normal -0.649342 0.760497 0
    outer loop
      vertex 32.5305 30.0225 -4.5
      vertex 32.2322 29.7678 -2.5
      vertex 32.5305 30.0225 -2.5
    endloop
  endfacet
  facet normal -0.649342 0.760497 0
    outer loop
      vertex 32.2322 29.7678 -2.5
      vertex 32.5305 30.0225 -4.5
      vertex 32.2322 29.7678 -4.5
    endloop
  endfacet
  facet normal -0.382569 0.923927 0
    outer loop
      vertex 33.2275 30.3776 -4.5
      vertex 32.865 30.2275 -2.5
      vertex 33.2275 30.3776 -2.5
    endloop
  endfacet
  facet normal -0.382569 0.923927 0
    outer loop
      vertex 32.865 30.2275 -2.5
      vertex 33.2275 30.3776 -4.5
      vertex 32.865 30.2275 -4.5
    endloop
  endfacet
  facet normal 0.760497 -0.649342 0
    outer loop
      vertex 35.7678 26.2322 -2.5
      vertex 36.0225 26.5305 -4.5
      vertex 36.0225 26.5305 -2.5
    endloop
  endfacet
  facet normal 0.760497 -0.649342 0
    outer loop
      vertex 36.0225 26.5305 -4.5
      vertex 35.7678 26.2322 -2.5
      vertex 35.7678 26.2322 -4.5
    endloop
  endfacet
  facet normal 0.996913 -0.0785092 0
    outer loop
      vertex 36.4692 27.6089 -2.5
      vertex 36.5 28 -4.5
      vertex 36.5 28 -2.5
    endloop
  endfacet
  facet normal 0.996913 -0.0785092 0
    outer loop
      vertex 36.5 28 -4.5
      vertex 36.4692 27.6089 -2.5
      vertex 36.4692 27.6089 -4.5
    endloop
  endfacet
  facet normal 0.923927 -0.382569 0
    outer loop
      vertex 36.2275 26.865 -2.5
      vertex 36.3776 27.2275 -4.5
      vertex 36.3776 27.2275 -2.5
    endloop
  endfacet
  facet normal 0.923927 -0.382569 0
    outer loop
      vertex 36.3776 27.2275 -4.5
      vertex 36.2275 26.865 -2.5
      vertex 36.2275 26.865 -4.5
    endloop
  endfacet
  facet normal -0.923927 -0.382569 0
    outer loop
      vertex 31.7725 26.865 -4.5
      vertex 31.6224 27.2275 -2.5
      vertex 31.6224 27.2275 -4.5
    endloop
  endfacet
  facet normal -0.923927 -0.382569 0
    outer loop
      vertex 31.6224 27.2275 -2.5
      vertex 31.7725 26.865 -4.5
      vertex 31.7725 26.865 -2.5
    endloop
  endfacet
  facet normal -0.996913 0.0785092 0
    outer loop
      vertex 31.5 28 -4.5
      vertex 31.5308 28.3911 -2.5
      vertex 31.5308 28.3911 -4.5
    endloop
  endfacet
  facet normal -0.996913 0.0785092 0
    outer loop
      vertex 31.5308 28.3911 -2.5
      vertex 31.5 28 -4.5
      vertex 31.5 28 -2.5
    endloop
  endfacet
  facet normal -0.97235 0.233527 0
    outer loop
      vertex 31.5308 28.3911 -4.5
      vertex 31.6224 28.7725 -2.5
      vertex 31.6224 28.7725 -4.5
    endloop
  endfacet
  facet normal -0.97235 0.233527 0
    outer loop
      vertex 31.6224 28.7725 -2.5
      vertex 31.5308 28.3911 -4.5
      vertex 31.5308 28.3911 -2.5
    endloop
  endfacet
  facet normal 0.233527 0.97235 -0
    outer loop
      vertex 34.7725 30.3776 -4.5
      vertex 34.3911 30.4692 -2.5
      vertex 34.7725 30.3776 -2.5
    endloop
  endfacet
  facet normal 0.233527 0.97235 0
    outer loop
      vertex 34.3911 30.4692 -2.5
      vertex 34.7725 30.3776 -4.5
      vertex 34.3911 30.4692 -4.5
    endloop
  endfacet
  facet normal -0.0785092 0.996913 0
    outer loop
      vertex 34 30.5 -4.5
      vertex 33.6089 30.4692 -2.5
      vertex 34 30.5 -2.5
    endloop
  endfacet
  facet normal -0.0785092 0.996913 0
    outer loop
      vertex 33.6089 30.4692 -2.5
      vertex 34 30.5 -4.5
      vertex 33.6089 30.4692 -4.5
    endloop
  endfacet
  facet normal -0.760497 -0.649342 0
    outer loop
      vertex 32.2322 26.2322 -4.5
      vertex 31.9775 26.5305 -2.5
      vertex 31.9775 26.5305 -4.5
    endloop
  endfacet
  facet normal -0.760497 -0.649342 0
    outer loop
      vertex 31.9775 26.5305 -2.5
      vertex 32.2322 26.2322 -4.5
      vertex 32.2322 26.2322 -2.5
    endloop
  endfacet
  facet normal -0.233527 -0.97235 0
    outer loop
      vertex 33.2275 25.6224 -4.5
      vertex 33.6089 25.5308 -2.5
      vertex 33.2275 25.6224 -2.5
    endloop
  endfacet
  facet normal -0.233527 -0.97235 -0
    outer loop
      vertex 33.6089 25.5308 -2.5
      vertex 33.2275 25.6224 -4.5
      vertex 33.6089 25.5308 -4.5
    endloop
  endfacet
  facet normal -0.649342 -0.760497 0
    outer loop
      vertex 32.2322 26.2322 -4.5
      vertex 32.5305 25.9775 -2.5
      vertex 32.2322 26.2322 -2.5
    endloop
  endfacet
  facet normal -0.649342 -0.760497 -0
    outer loop
      vertex 32.5305 25.9775 -2.5
      vertex 32.2322 26.2322 -4.5
      vertex 32.5305 25.9775 -4.5
    endloop
  endfacet
  facet normal 0.85262 0.522532 0
    outer loop
      vertex 36.2275 29.135 -2.5
      vertex 36.0225 29.4695 -4.5
      vertex 36.0225 29.4695 -2.5
    endloop
  endfacet
  facet normal 0.85262 0.522532 0
    outer loop
      vertex 36.0225 29.4695 -4.5
      vertex 36.2275 29.135 -2.5
      vertex 36.2275 29.135 -4.5
    endloop
  endfacet
  facet normal -0.923927 0.382569 0
    outer loop
      vertex 31.6224 28.7725 -4.5
      vertex 31.7725 29.135 -2.5
      vertex 31.7725 29.135 -4.5
    endloop
  endfacet
  facet normal -0.923927 0.382569 0
    outer loop
      vertex 31.7725 29.135 -2.5
      vertex 31.6224 28.7725 -4.5
      vertex 31.6224 28.7725 -2.5
    endloop
  endfacet
  facet normal -0.522532 0.85262 0
    outer loop
      vertex 32.865 30.2275 -4.5
      vertex 32.5305 30.0225 -2.5
      vertex 32.865 30.2275 -2.5
    endloop
  endfacet
  facet normal -0.522532 0.85262 0
    outer loop
      vertex 32.5305 30.0225 -2.5
      vertex 32.865 30.2275 -4.5
      vertex 32.5305 30.0225 -4.5
    endloop
  endfacet
  facet normal -0.0785092 -0.996913 0
    outer loop
      vertex 33.6089 25.5308 -4.5
      vertex 34 25.5 -2.5
      vertex 33.6089 25.5308 -2.5
    endloop
  endfacet
  facet normal -0.0785092 -0.996913 -0
    outer loop
      vertex 34 25.5 -2.5
      vertex 33.6089 25.5308 -4.5
      vertex 34 25.5 -4.5
    endloop
  endfacet
  facet normal 0.522532 0.85262 -0
    outer loop
      vertex 35.4695 30.0225 -4.5
      vertex 35.135 30.2275 -2.5
      vertex 35.4695 30.0225 -2.5
    endloop
  endfacet
  facet normal 0.522532 0.85262 0
    outer loop
      vertex 35.135 30.2275 -2.5
      vertex 35.4695 30.0225 -4.5
      vertex 35.135 30.2275 -4.5
    endloop
  endfacet
  facet normal 0.522532 -0.85262 0
    outer loop
      vertex 35.135 25.7725 -4.5
      vertex 35.4695 25.9775 -2.5
      vertex 35.135 25.7725 -2.5
    endloop
  endfacet
  facet normal 0.522532 -0.85262 0
    outer loop
      vertex 35.4695 25.9775 -2.5
      vertex 35.135 25.7725 -4.5
      vertex 35.4695 25.9775 -4.5
    endloop
  endfacet
  facet normal -0.760497 0.649342 0
    outer loop
      vertex 31.9775 29.4695 -4.5
      vertex 32.2322 29.7678 -2.5
      vertex 32.2322 29.7678 -4.5
    endloop
  endfacet
  facet normal -0.760497 0.649342 0
    outer loop
      vertex 32.2322 29.7678 -2.5
      vertex 31.9775 29.4695 -4.5
      vertex 31.9775 29.4695 -2.5
    endloop
  endfacet
  facet normal -0.233527 0.97235 0
    outer loop
      vertex 33.6089 30.4692 -4.5
      vertex 33.2275 30.3776 -2.5
      vertex 33.6089 30.4692 -2.5
    endloop
  endfacet
  facet normal -0.233527 0.97235 0
    outer loop
      vertex 33.2275 30.3776 -2.5
      vertex 33.6089 30.4692 -4.5
      vertex 33.2275 30.3776 -4.5
    endloop
  endfacet
  facet normal 0 0 -1
    outer loop
      vertex 35.8 28 -4.5
      vertex 36.5 28 -4.5
      vertex 36.4692 27.6089 -4.5
    endloop
  endfacet
  facet normal 0 0 -1
    outer loop
      vertex 35.7778 27.7184 -4.5
      vertex 36.4692 27.6089 -4.5
      vertex 36.3776 27.2275 -4.5
    endloop
  endfacet
  facet normal 0 0 -1
    outer loop
      vertex 36.5 28 -4.5
      vertex 35.8 28 -4.5
      vertex 36.4692 28.3911 -4.5
    endloop
  endfacet
  facet normal 0 0 -1
    outer loop
      vertex 35.7119 27.4438 -4.5
      vertex 36.3776 27.2275 -4.5
      vertex 36.2275 26.865 -4.5
    endloop
  endfacet
  facet normal 0 0 -1
    outer loop
      vertex 35.7778 28.2816 -4.5
      vertex 36.4692 28.3911 -4.5
      vertex 35.8 28 -4.5
    endloop
  endfacet
  facet normal 0 0 -1
    outer loop
      vertex 35.6038 27.1828 -4.5
      vertex 36.2275 26.865 -4.5
      vertex 36.0225 26.5305 -4.5
    endloop
  endfacet
  facet normal -0 0 -1
    outer loop
      vertex 36.4692 28.3911 -4.5
      vertex 35.7778 28.2816 -4.5
      vertex 36.3776 28.7725 -4.5
    endloop
  endfacet
  facet normal 0 0 -1
    outer loop
      vertex 35.7119 28.5562 -4.5
      vertex 36.3776 28.7725 -4.5
      vertex 35.7778 28.2816 -4.5
    endloop
  endfacet
  facet normal 0 0 -1
    outer loop
      vertex 36.4692 27.6089 -4.5
      vertex 35.7778 27.7184 -4.5
      vertex 35.8 28 -4.5
    endloop
  endfacet
  facet normal 0 0 -1
    outer loop
      vertex 35.4562 26.942 -4.5
      vertex 36.0225 26.5305 -4.5
      vertex 35.7678 26.2322 -4.5
    endloop
  endfacet
  facet normal 0 0 -1
    outer loop
      vertex 36.3776 27.2275 -4.5
      vertex 35.7119 27.4438 -4.5
      vertex 35.7778 27.7184 -4.5
    endloop
  endfacet
  facet normal 0 0 -1
    outer loop
      vertex 36.2275 26.865 -4.5
      vertex 35.6038 27.1828 -4.5
      vertex 35.7119 27.4438 -4.5
    endloop
  endfacet
  facet normal 0 0 -1
    outer loop
      vertex 35.2728 26.7272 -4.5
      vertex 35.7678 26.2322 -4.5
      vertex 35.4695 25.9775 -4.5
    endloop
  endfacet
  facet normal 0 0 -1
    outer loop
      vertex 36.0225 26.5305 -4.5
      vertex 35.4562 26.942 -4.5
      vertex 35.6038 27.1828 -4.5
    endloop
  endfacet
  facet normal 0 0 -1
    outer loop
      vertex 35.7678 26.2322 -4.5
      vertex 35.2728 26.7272 -4.5
      vertex 35.4562 26.942 -4.5
    endloop
  endfacet
  facet normal 0 0 -1
    outer loop
      vertex 35.058 26.5438 -4.5
      vertex 35.4695 25.9775 -4.5
      vertex 35.135 25.7725 -4.5
    endloop
  endfacet
  facet normal 0 0 -1
    outer loop
      vertex 35.4695 25.9775 -4.5
      vertex 35.058 26.5438 -4.5
      vertex 35.2728 26.7272 -4.5
    endloop
  endfacet
  facet normal 0 0 -1
    outer loop
      vertex 35.135 25.7725 -4.5
      vertex 34.8172 26.3962 -4.5
      vertex 35.058 26.5438 -4.5
    endloop
  endfacet
  facet normal 0 0 -1
    outer loop
      vertex 34.7725 25.6224 -4.5
      vertex 34.8172 26.3962 -4.5
      vertex 35.135 25.7725 -4.5
    endloop
  endfacet
  facet normal 0 0 -1
    outer loop
      vertex 34.7725 25.6224 -4.5
      vertex 34.5562 26.2881 -4.5
      vertex 34.8172 26.3962 -4.5
    endloop
  endfacet
  facet normal 0 0 -1
    outer loop
      vertex 34.3911 25.5308 -4.5
      vertex 34.5562 26.2881 -4.5
      vertex 34.7725 25.6224 -4.5
    endloop
  endfacet
  facet normal 0 0 -1
    outer loop
      vertex 34.3911 25.5308 -4.5
      vertex 34.2816 26.2222 -4.5
      vertex 34.5562 26.2881 -4.5
    endloop
  endfacet
  facet normal 0 0 -1
    outer loop
      vertex 34 25.5 -4.5
      vertex 34.2816 26.2222 -4.5
      vertex 34.3911 25.5308 -4.5
    endloop
  endfacet
  facet normal 0 0 -1
    outer loop
      vertex 34 25.5 -4.5
      vertex 34 26.2 -4.5
      vertex 34.2816 26.2222 -4.5
    endloop
  endfacet
  facet normal 0 0 -1
    outer loop
      vertex 34 25.5 -4.5
      vertex 33.7184 26.2222 -4.5
      vertex 34 26.2 -4.5
    endloop
  endfacet
  facet normal 0 0 -1
    outer loop
      vertex 33.6089 25.5308 -4.5
      vertex 33.7184 26.2222 -4.5
      vertex 34 25.5 -4.5
    endloop
  endfacet
  facet normal 0 0 -1
    outer loop
      vertex 33.6089 25.5308 -4.5
      vertex 33.4438 26.2881 -4.5
      vertex 33.7184 26.2222 -4.5
    endloop
  endfacet
  facet normal 0 0 -1
    outer loop
      vertex 33.2275 25.6224 -4.5
      vertex 33.4438 26.2881 -4.5
      vertex 33.6089 25.5308 -4.5
    endloop
  endfacet
  facet normal 0 0 -1
    outer loop
      vertex 33.2275 25.6224 -4.5
      vertex 33.1828 26.3962 -4.5
      vertex 33.4438 26.2881 -4.5
    endloop
  endfacet
  facet normal 0 0 -1
    outer loop
      vertex 32.865 25.7725 -4.5
      vertex 33.1828 26.3962 -4.5
      vertex 33.2275 25.6224 -4.5
    endloop
  endfacet
  facet normal -0 0 -1
    outer loop
      vertex 33.1828 26.3962 -4.5
      vertex 32.865 25.7725 -4.5
      vertex 32.942 26.5438 -4.5
    endloop
  endfacet
  facet normal 0 0 -1
    outer loop
      vertex 32.5305 25.9775 -4.5
      vertex 32.942 26.5438 -4.5
      vertex 32.865 25.7725 -4.5
    endloop
  endfacet
  facet normal -0 0 -1
    outer loop
      vertex 32.942 26.5438 -4.5
      vertex 32.5305 25.9775 -4.5
      vertex 32.7272 26.7272 -4.5
    endloop
  endfacet
  facet normal 0 0 -1
    outer loop
      vertex 32.2322 26.2322 -4.5
      vertex 32.7272 26.7272 -4.5
      vertex 32.5305 25.9775 -4.5
    endloop
  endfacet
  facet normal -0 0 -1
    outer loop
      vertex 32.7272 26.7272 -4.5
      vertex 32.2322 26.2322 -4.5
      vertex 32.5438 26.942 -4.5
    endloop
  endfacet
  facet normal 0 0 -1
    outer loop
      vertex 31.9775 26.5305 -4.5
      vertex 32.5438 26.942 -4.5
      vertex 32.2322 26.2322 -4.5
    endloop
  endfacet
  facet normal -0 0 -1
    outer loop
      vertex 32.5438 26.942 -4.5
      vertex 31.9775 26.5305 -4.5
      vertex 32.3962 27.1828 -4.5
    endloop
  endfacet
  facet normal 0 0 -1
    outer loop
      vertex 31.7725 26.865 -4.5
      vertex 32.3962 27.1828 -4.5
      vertex 31.9775 26.5305 -4.5
    endloop
  endfacet
  facet normal -0 0 -1
    outer loop
      vertex 32.3962 27.1828 -4.5
      vertex 31.7725 26.865 -4.5
      vertex 32.2881 27.4438 -4.5
    endloop
  endfacet
  facet normal 0 0 -1
    outer loop
      vertex 31.6224 27.2275 -4.5
      vertex 32.2881 27.4438 -4.5
      vertex 31.7725 26.865 -4.5
    endloop
  endfacet
  facet normal -0 0 -1
    outer loop
      vertex 36.3776 28.7725 -4.5
      vertex 35.7119 28.5562 -4.5
      vertex 36.2275 29.135 -4.5
    endloop
  endfacet
  facet normal 0 0 -1
    outer loop
      vertex 35.6038 28.8172 -4.5
      vertex 36.2275 29.135 -4.5
      vertex 35.7119 28.5562 -4.5
    endloop
  endfacet
  facet normal -0 0 -1
    outer loop
      vertex 36.2275 29.135 -4.5
      vertex 35.6038 28.8172 -4.5
      vertex 36.0225 29.4695 -4.5
    endloop
  endfacet
  facet normal 0 0 -1
    outer loop
      vertex 35.4562 29.058 -4.5
      vertex 36.0225 29.4695 -4.5
      vertex 35.6038 28.8172 -4.5
    endloop
  endfacet
  facet normal -0 0 -1
    outer loop
      vertex 36.0225 29.4695 -4.5
      vertex 35.4562 29.058 -4.5
      vertex 35.7678 29.7678 -4.5
    endloop
  endfacet
  facet normal 0 0 -1
    outer loop
      vertex 35.2728 29.2728 -4.5
      vertex 35.7678 29.7678 -4.5
      vertex 35.4562 29.058 -4.5
    endloop
  endfacet
  facet normal -0 0 -1
    outer loop
      vertex 35.7678 29.7678 -4.5
      vertex 35.2728 29.2728 -4.5
      vertex 35.4695 30.0225 -4.5
    endloop
  endfacet
  facet normal 0 0 -1
    outer loop
      vertex 35.058 29.4562 -4.5
      vertex 35.4695 30.0225 -4.5
      vertex 35.2728 29.2728 -4.5
    endloop
  endfacet
  facet normal -0 0 -1
    outer loop
      vertex 35.4695 30.0225 -4.5
      vertex 35.058 29.4562 -4.5
      vertex 35.135 30.2275 -4.5
    endloop
  endfacet
  facet normal 0 0 -1
    outer loop
      vertex 34.8172 29.6038 -4.5
      vertex 35.135 30.2275 -4.5
      vertex 35.058 29.4562 -4.5
    endloop
  endfacet
  facet normal 0 0 -1
    outer loop
      vertex 34.8172 29.6038 -4.5
      vertex 34.7725 30.3776 -4.5
      vertex 35.135 30.2275 -4.5
    endloop
  endfacet
  facet normal 0 0 -1
    outer loop
      vertex 34.5562 29.7119 -4.5
      vertex 34.7725 30.3776 -4.5
      vertex 34.8172 29.6038 -4.5
    endloop
  endfacet
  facet normal 0 0 -1
    outer loop
      vertex 34.5562 29.7119 -4.5
      vertex 34.3911 30.4692 -4.5
      vertex 34.7725 30.3776 -4.5
    endloop
  endfacet
  facet normal 0 0 -1
    outer loop
      vertex 34.2816 29.7778 -4.5
      vertex 34.3911 30.4692 -4.5
      vertex 34.5562 29.7119 -4.5
    endloop
  endfacet
  facet normal 0 0 -1
    outer loop
      vertex 34 29.8 -4.5
      vertex 34.3911 30.4692 -4.5
      vertex 34.2816 29.7778 -4.5
    endloop
  endfacet
  facet normal 0 0 -1
    outer loop
      vertex 34 29.8 -4.5
      vertex 34 30.5 -4.5
      vertex 34.3911 30.4692 -4.5
    endloop
  endfacet
  facet normal 0 0 -1
    outer loop
      vertex 33.7184 29.7778 -4.5
      vertex 34 30.5 -4.5
      vertex 34 29.8 -4.5
    endloop
  endfacet
  facet normal 0 0 -1
    outer loop
      vertex 33.7184 29.7778 -4.5
      vertex 33.6089 30.4692 -4.5
      vertex 34 30.5 -4.5
    endloop
  endfacet
  facet normal 0 0 -1
    outer loop
      vertex 33.4438 29.7119 -4.5
      vertex 33.6089 30.4692 -4.5
      vertex 33.7184 29.7778 -4.5
    endloop
  endfacet
  facet normal 0 0 -1
    outer loop
      vertex 33.4438 29.7119 -4.5
      vertex 33.2275 30.3776 -4.5
      vertex 33.6089 30.4692 -4.5
    endloop
  endfacet
  facet normal 0 0 -1
    outer loop
      vertex 33.1828 29.6038 -4.5
      vertex 33.2275 30.3776 -4.5
      vertex 33.4438 29.7119 -4.5
    endloop
  endfacet
  facet normal 0 0 -1
    outer loop
      vertex 32.865 30.2275 -4.5
      vertex 33.1828 29.6038 -4.5
      vertex 32.942 29.4562 -4.5
    endloop
  endfacet
  facet normal 0 0 -1
    outer loop
      vertex 33.1828 29.6038 -4.5
      vertex 32.865 30.2275 -4.5
      vertex 33.2275 30.3776 -4.5
    endloop
  endfacet
  facet normal 0 0 -1
    outer loop
      vertex 32.5305 30.0225 -4.5
      vertex 32.942 29.4562 -4.5
      vertex 32.7272 29.2728 -4.5
    endloop
  endfacet
  facet normal 0 0 -1
    outer loop
      vertex 32.2322 29.7678 -4.5
      vertex 32.7272 29.2728 -4.5
      vertex 32.5438 29.058 -4.5
    endloop
  endfacet
  facet normal 0 0 -1
    outer loop
      vertex 32.942 29.4562 -4.5
      vertex 32.5305 30.0225 -4.5
      vertex 32.865 30.2275 -4.5
    endloop
  endfacet
  facet normal 0 0 -1
    outer loop
      vertex 31.9775 29.4695 -4.5
      vertex 32.5438 29.058 -4.5
      vertex 32.3962 28.8172 -4.5
    endloop
  endfacet
  facet normal 0 0 -1
    outer loop
      vertex 31.7725 29.135 -4.5
      vertex 32.3962 28.8172 -4.5
      vertex 32.2881 28.5562 -4.5
    endloop
  endfacet
  facet normal 0 0 -1
    outer loop
      vertex 32.7272 29.2728 -4.5
      vertex 32.2322 29.7678 -4.5
      vertex 32.5305 30.0225 -4.5
    endloop
  endfacet
  facet normal 0 0 -1
    outer loop
      vertex 31.6224 28.7725 -4.5
      vertex 32.2881 28.5562 -4.5
      vertex 32.2222 28.2816 -4.5
    endloop
  endfacet
  facet normal 0 0 -1
    outer loop
      vertex 31.5308 28.3911 -4.5
      vertex 32.2222 28.2816 -4.5
      vertex 32.2 28 -4.5
    endloop
  endfacet
  facet normal -0 0 -1
    outer loop
      vertex 32.2881 27.4438 -4.5
      vertex 31.6224 27.2275 -4.5
      vertex 32.2222 27.7184 -4.5
    endloop
  endfacet
  facet normal 0 0 -1
    outer loop
      vertex 32.5438 29.058 -4.5
      vertex 31.9775 29.4695 -4.5
      vertex 32.2322 29.7678 -4.5
    endloop
  endfacet
  facet normal 0 0 -1
    outer loop
      vertex 31.5308 27.6089 -4.5
      vertex 32.2222 27.7184 -4.5
      vertex 31.6224 27.2275 -4.5
    endloop
  endfacet
  facet normal 0 0 -1
    outer loop
      vertex 32.3962 28.8172 -4.5
      vertex 31.7725 29.135 -4.5
      vertex 31.9775 29.4695 -4.5
    endloop
  endfacet
  facet normal -0 0 -1
    outer loop
      vertex 32.2222 27.7184 -4.5
      vertex 31.5308 27.6089 -4.5
      vertex 32.2 28 -4.5
    endloop
  endfacet
  facet normal 0 0 -1
    outer loop
      vertex 32.2881 28.5562 -4.5
      vertex 31.6224 28.7725 -4.5
      vertex 31.7725 29.135 -4.5
    endloop
  endfacet
  facet normal 0 0 -1
    outer loop
      vertex 31.5 28 -4.5
      vertex 32.2 28 -4.5
      vertex 31.5308 27.6089 -4.5
    endloop
  endfacet
  facet normal 0 0 -1
    outer loop
      vertex 32.2222 28.2816 -4.5
      vertex 31.5308 28.3911 -4.5
      vertex 31.6224 28.7725 -4.5
    endloop
  endfacet
  facet normal 0 0 -1
    outer loop
      vertex 32.2 28 -4.5
      vertex 31.5 28 -4.5
      vertex 31.5308 28.3911 -4.5
    endloop
  endfacet
  facet normal -0.522532 -0.85262 0
    outer loop
      vertex 32.5305 25.9775 -4.5
      vertex 32.865 25.7725 -2.5
      vertex 32.5305 25.9775 -2.5
    endloop
  endfacet
  facet normal -0.522532 -0.85262 -0
    outer loop
      vertex 32.865 25.7725 -2.5
      vertex 32.5305 25.9775 -4.5
      vertex 32.865 25.7725 -4.5
    endloop
  endfacet
  facet normal 0.760497 0.649342 0
    outer loop
      vertex 36.0225 29.4695 -2.5
      vertex 35.7678 29.7678 -4.5
      vertex 35.7678 29.7678 -2.5
    endloop
  endfacet
  facet normal 0.760497 0.649342 0
    outer loop
      vertex 35.7678 29.7678 -4.5
      vertex 36.0225 29.4695 -2.5
      vertex 36.0225 29.4695 -4.5
    endloop
  endfacet
  facet normal 0.649342 0.760497 -0
    outer loop
      vertex 35.7678 29.7678 -4.5
      vertex 35.4695 30.0225 -2.5
      vertex 35.7678 29.7678 -2.5
    endloop
  endfacet
  facet normal 0.649342 0.760497 0
    outer loop
      vertex 35.4695 30.0225 -2.5
      vertex 35.7678 29.7678 -4.5
      vertex 35.4695 30.0225 -4.5
    endloop
  endfacet
  facet normal 0.0785092 -0.996913 0
    outer loop
      vertex 34 25.5 -4.5
      vertex 34.3911 25.5308 -2.5
      vertex 34 25.5 -2.5
    endloop
  endfacet
  facet normal 0.0785092 -0.996913 0
    outer loop
      vertex 34.3911 25.5308 -2.5
      vertex 34 25.5 -4.5
      vertex 34.3911 25.5308 -4.5
    endloop
  endfacet
  facet normal -0.382569 -0.923927 0
    outer loop
      vertex 32.865 25.7725 -4.5
      vertex 33.2275 25.6224 -2.5
      vertex 32.865 25.7725 -2.5
    endloop
  endfacet
  facet normal -0.382569 -0.923927 -0
    outer loop
      vertex 33.2275 25.6224 -2.5
      vertex 32.865 25.7725 -4.5
      vertex 33.2275 25.6224 -4.5
    endloop
  endfacet
  facet normal -0.85262 -0.522532 0
    outer loop
      vertex 31.9775 26.5305 -4.5
      vertex 31.7725 26.865 -2.5
      vertex 31.7725 26.865 -4.5
    endloop
  endfacet
  facet normal -0.85262 -0.522532 0
    outer loop
      vertex 31.7725 26.865 -2.5
      vertex 31.9775 26.5305 -4.5
      vertex 31.9775 26.5305 -2.5
    endloop
  endfacet
  facet normal 0.233527 -0.97235 0
    outer loop
      vertex 34.3911 25.5308 -4.5
      vertex 34.7725 25.6224 -2.5
      vertex 34.3911 25.5308 -2.5
    endloop
  endfacet
  facet normal 0.233527 -0.97235 0
    outer loop
      vertex 34.7725 25.6224 -2.5
      vertex 34.3911 25.5308 -4.5
      vertex 34.7725 25.6224 -4.5
    endloop
  endfacet
  facet normal 0.649342 -0.760497 0
    outer loop
      vertex 35.4695 25.9775 -4.5
      vertex 35.7678 26.2322 -2.5
      vertex 35.4695 25.9775 -2.5
    endloop
  endfacet
  facet normal 0.649342 -0.760497 0
    outer loop
      vertex 35.7678 26.2322 -2.5
      vertex 35.4695 25.9775 -4.5
      vertex 35.7678 26.2322 -4.5
    endloop
  endfacet
  facet normal -0.996913 -0.0785092 0
    outer loop
      vertex 31.5308 27.6089 -4.5
      vertex 31.5 28 -2.5
      vertex 31.5 28 -4.5
    endloop
  endfacet
  facet normal -0.996913 -0.0785092 0
    outer loop
      vertex 31.5 28 -2.5
      vertex 31.5308 27.6089 -4.5
      vertex 31.5308 27.6089 -2.5
    endloop
  endfacet
  facet normal 0.97235 -0.233527 0
    outer loop
      vertex 36.3776 27.2275 -2.5
      vertex 36.4692 27.6089 -4.5
      vertex 36.4692 27.6089 -2.5
    endloop
  endfacet
  facet normal 0.97235 -0.233527 0
    outer loop
      vertex 36.4692 27.6089 -4.5
      vertex 36.3776 27.2275 -2.5
      vertex 36.3776 27.2275 -4.5
    endloop
  endfacet
  facet normal 0.382569 0.923927 -0
    outer loop
      vertex 35.135 30.2275 -4.5
      vertex 34.7725 30.3776 -2.5
      vertex 35.135 30.2275 -2.5
    endloop
  endfacet
  facet normal 0.382569 0.923927 0
    outer loop
      vertex 34.7725 30.3776 -2.5
      vertex 35.135 30.2275 -4.5
      vertex 34.7725 30.3776 -4.5
    endloop
  endfacet
  facet normal 0.0785092 0.996913 -0
    outer loop
      vertex 34.3911 30.4692 -4.5
      vertex 34 30.5 -2.5
      vertex 34.3911 30.4692 -2.5
    endloop
  endfacet
  facet normal 0.0785092 0.996913 0
    outer loop
      vertex 34 30.5 -2.5
      vertex 34.3911 30.4692 -4.5
      vertex 34 30.5 -4.5
    endloop
  endfacet
  facet normal -0.85262 0.522532 0
    outer loop
      vertex 31.7725 29.135 -4.5
      vertex 31.9775 29.4695 -2.5
      vertex 31.9775 29.4695 -4.5
    endloop
  endfacet
  facet normal -0.85262 0.522532 0
    outer loop
      vertex 31.9775 29.4695 -2.5
      vertex 31.7725 29.135 -4.5
      vertex 31.7725 29.135 -2.5
    endloop
  endfacet
  facet normal -0.972391 -0.23336 0
    outer loop
      vertex 35.7778 28.2816 -4.5
      vertex 35.7119 28.5562 -3.91
      vertex 35.7119 28.5562 -4.5
    endloop
  endfacet
  facet normal -0.972391 -0.23336 0
    outer loop
      vertex 35.7119 28.5562 -3.91
      vertex 35.7778 28.2816 -4.5
      vertex 35.7778 28.2816 -3.91
    endloop
  endfacet
  facet normal -0.996907 -0.0785914 0
    outer loop
      vertex 35.8 28 -4.5
      vertex 35.7778 28.2816 -3.91
      vertex 35.7778 28.2816 -4.5
    endloop
  endfacet
  facet normal -0.996907 -0.0785914 0
    outer loop
      vertex 35.7778 28.2816 -3.91
      vertex 35.8 28 -4.5
      vertex 35.8 28 -3.91
    endloop
  endfacet
  facet normal -0.760505 -0.649332 0
    outer loop
      vertex 35.4562 29.058 -4.5
      vertex 35.2728 29.2728 -3.91
      vertex 35.2728 29.2728 -4.5
    endloop
  endfacet
  facet normal -0.760505 -0.649332 0
    outer loop
      vertex 35.2728 29.2728 -3.91
      vertex 35.4562 29.058 -4.5
      vertex 35.4562 29.058 -3.91
    endloop
  endfacet
  facet normal 0.923892 0.382654 0
    outer loop
      vertex 32.3962 27.1828 -3.91
      vertex 32.2881 27.4438 -4.5
      vertex 32.2881 27.4438 -3.91
    endloop
  endfacet
  facet normal 0.923892 0.382654 0
    outer loop
      vertex 32.2881 27.4438 -4.5
      vertex 32.3962 27.1828 -3.91
      vertex 32.3962 27.1828 -4.5
    endloop
  endfacet
  facet normal 0.760505 0.649332 0
    outer loop
      vertex 32.7272 26.7272 -3.91
      vertex 32.5438 26.942 -4.5
      vertex 32.5438 26.942 -3.91
    endloop
  endfacet
  facet normal 0.760505 0.649332 0
    outer loop
      vertex 32.5438 26.942 -4.5
      vertex 32.7272 26.7272 -3.91
      vertex 32.7272 26.7272 -4.5
    endloop
  endfacet
  facet normal -0.996907 0.0785914 0
    outer loop
      vertex 35.7778 27.7184 -4.5
      vertex 35.8 28 -3.91
      vertex 35.8 28 -4.5
    endloop
  endfacet
  facet normal -0.996907 0.0785914 0
    outer loop
      vertex 35.8 28 -3.91
      vertex 35.7778 27.7184 -4.5
      vertex 35.7778 27.7184 -3.91
    endloop
  endfacet
  facet normal 0.760505 -0.649332 0
    outer loop
      vertex 32.5438 29.058 -3.91
      vertex 32.7272 29.2728 -4.5
      vertex 32.7272 29.2728 -3.91
    endloop
  endfacet
  facet normal 0.760505 -0.649332 0
    outer loop
      vertex 32.7272 29.2728 -4.5
      vertex 32.5438 29.058 -3.91
      vertex 32.5438 29.058 -4.5
    endloop
  endfacet
  facet normal 0.972391 0.23336 0
    outer loop
      vertex 32.2881 27.4438 -3.91
      vertex 32.2222 27.7184 -4.5
      vertex 32.2222 27.7184 -3.91
    endloop
  endfacet
  facet normal 0.972391 0.23336 0
    outer loop
      vertex 32.2222 27.7184 -4.5
      vertex 32.2881 27.4438 -3.91
      vertex 32.2881 27.4438 -4.5
    endloop
  endfacet
  facet normal 0.972391 -0.23336 0
    outer loop
      vertex 32.2222 28.2816 -3.91
      vertex 32.2881 28.5562 -4.5
      vertex 32.2881 28.5562 -3.91
    endloop
  endfacet
  facet normal 0.972391 -0.23336 0
    outer loop
      vertex 32.2881 28.5562 -4.5
      vertex 32.2222 28.2816 -3.91
      vertex 32.2222 28.2816 -4.5
    endloop
  endfacet
  facet normal -0.23336 -0.972391 0
    outer loop
      vertex 34.2816 29.7778 -4.5
      vertex 34.5562 29.7119 -3.91
      vertex 34.2816 29.7778 -3.91
    endloop
  endfacet
  facet normal -0.23336 -0.972391 -0
    outer loop
      vertex 34.5562 29.7119 -3.91
      vertex 34.2816 29.7778 -4.5
      vertex 34.5562 29.7119 -4.5
    endloop
  endfacet
  facet normal 0.382654 -0.923892 0
    outer loop
      vertex 33.1828 29.6038 -4.5
      vertex 33.4438 29.7119 -3.91
      vertex 33.1828 29.6038 -3.91
    endloop
  endfacet
  facet normal 0.382654 -0.923892 0
    outer loop
      vertex 33.4438 29.7119 -3.91
      vertex 33.1828 29.6038 -4.5
      vertex 33.4438 29.7119 -4.5
    endloop
  endfacet
  facet normal -0.522595 0.852581 0
    outer loop
      vertex 35.058 26.5438 -4.5
      vertex 34.8172 26.3962 -3.91
      vertex 35.058 26.5438 -3.91
    endloop
  endfacet
  facet normal -0.522595 0.852581 0
    outer loop
      vertex 34.8172 26.3962 -3.91
      vertex 35.058 26.5438 -4.5
      vertex 34.8172 26.3962 -4.5
    endloop
  endfacet
  facet normal -0.382654 -0.923892 0
    outer loop
      vertex 34.5562 29.7119 -4.5
      vertex 34.8172 29.6038 -3.91
      vertex 34.5562 29.7119 -3.91
    endloop
  endfacet
  facet normal -0.382654 -0.923892 -0
    outer loop
      vertex 34.8172 29.6038 -3.91
      vertex 34.5562 29.7119 -4.5
      vertex 34.8172 29.6038 -4.5
    endloop
  endfacet
  facet normal -0.760505 0.649332 0
    outer loop
      vertex 35.2728 26.7272 -4.5
      vertex 35.4562 26.942 -3.91
      vertex 35.4562 26.942 -4.5
    endloop
  endfacet
  facet normal -0.760505 0.649332 0
    outer loop
      vertex 35.4562 26.942 -3.91
      vertex 35.2728 26.7272 -4.5
      vertex 35.2728 26.7272 -3.91
    endloop
  endfacet
  facet normal 0.522595 -0.852581 0
    outer loop
      vertex 32.942 29.4562 -4.5
      vertex 33.1828 29.6038 -3.91
      vertex 32.942 29.4562 -3.91
    endloop
  endfacet
  facet normal 0.522595 -0.852581 0
    outer loop
      vertex 33.1828 29.6038 -3.91
      vertex 32.942 29.4562 -4.5
      vertex 33.1828 29.6038 -4.5
    endloop
  endfacet
  facet normal -0.0785914 0.996907 0
    outer loop
      vertex 34.2816 26.2222 -4.5
      vertex 34 26.2 -3.91
      vertex 34.2816 26.2222 -3.91
    endloop
  endfacet
  facet normal -0.0785914 0.996907 0
    outer loop
      vertex 34 26.2 -3.91
      vertex 34.2816 26.2222 -4.5
      vertex 34 26.2 -4.5
    endloop
  endfacet
  facet normal -0.23336 0.972391 0
    outer loop
      vertex 34.5562 26.2881 -4.5
      vertex 34.2816 26.2222 -3.91
      vertex 34.5562 26.2881 -3.91
    endloop
  endfacet
  facet normal -0.23336 0.972391 0
    outer loop
      vertex 34.2816 26.2222 -3.91
      vertex 34.5562 26.2881 -4.5
      vertex 34.2816 26.2222 -4.5
    endloop
  endfacet
  facet normal 0.382654 0.923892 -0
    outer loop
      vertex 33.4438 26.2881 -4.5
      vertex 33.1828 26.3962 -3.91
      vertex 33.4438 26.2881 -3.91
    endloop
  endfacet
  facet normal 0.382654 0.923892 0
    outer loop
      vertex 33.1828 26.3962 -3.91
      vertex 33.4438 26.2881 -4.5
      vertex 33.1828 26.3962 -4.5
    endloop
  endfacet
  facet normal -0.923892 0.382654 0
    outer loop
      vertex 35.6038 27.1828 -4.5
      vertex 35.7119 27.4438 -3.91
      vertex 35.7119 27.4438 -4.5
    endloop
  endfacet
  facet normal -0.923892 0.382654 0
    outer loop
      vertex 35.7119 27.4438 -3.91
      vertex 35.6038 27.1828 -4.5
      vertex 35.6038 27.1828 -3.91
    endloop
  endfacet
  facet normal -0.852581 0.522595 0
    outer loop
      vertex 35.4562 26.942 -4.5
      vertex 35.6038 27.1828 -3.91
      vertex 35.6038 27.1828 -4.5
    endloop
  endfacet
  facet normal -0.852581 0.522595 0
    outer loop
      vertex 35.6038 27.1828 -3.91
      vertex 35.4562 26.942 -4.5
      vertex 35.4562 26.942 -3.91
    endloop
  endfacet
  facet normal 0.23336 0.972391 -0
    outer loop
      vertex 33.7184 26.2222 -4.5
      vertex 33.4438 26.2881 -3.91
      vertex 33.7184 26.2222 -3.91
    endloop
  endfacet
  facet normal 0.23336 0.972391 0
    outer loop
      vertex 33.4438 26.2881 -3.91
      vertex 33.7184 26.2222 -4.5
      vertex 33.4438 26.2881 -4.5
    endloop
  endfacet
  facet normal -0.972391 0.23336 0
    outer loop
      vertex 35.7119 27.4438 -4.5
      vertex 35.7778 27.7184 -3.91
      vertex 35.7778 27.7184 -4.5
    endloop
  endfacet
  facet normal -0.972391 0.23336 0
    outer loop
      vertex 35.7778 27.7184 -3.91
      vertex 35.7119 27.4438 -4.5
      vertex 35.7119 27.4438 -3.91
    endloop
  endfacet
  facet normal 0.0785914 0.996907 -0
    outer loop
      vertex 34 26.2 -4.5
      vertex 33.7184 26.2222 -3.91
      vertex 34 26.2 -3.91
    endloop
  endfacet
  facet normal 0.0785914 0.996907 0
    outer loop
      vertex 33.7184 26.2222 -3.91
      vertex 34 26.2 -4.5
      vertex 33.7184 26.2222 -4.5
    endloop
  endfacet
  facet normal -0.852581 -0.522595 0
    outer loop
      vertex 35.6038 28.8172 -4.5
      vertex 35.4562 29.058 -3.91
      vertex 35.4562 29.058 -4.5
    endloop
  endfacet
  facet normal -0.852581 -0.522595 0
    outer loop
      vertex 35.4562 29.058 -3.91
      vertex 35.6038 28.8172 -4.5
      vertex 35.6038 28.8172 -3.91
    endloop
  endfacet
  facet normal -0.649332 0.760505 0
    outer loop
      vertex 35.2728 26.7272 -4.5
      vertex 35.058 26.5438 -3.91
      vertex 35.2728 26.7272 -3.91
    endloop
  endfacet
  facet normal -0.649332 0.760505 0
    outer loop
      vertex 35.058 26.5438 -3.91
      vertex 35.2728 26.7272 -4.5
      vertex 35.058 26.5438 -4.5
    endloop
  endfacet
  facet normal 0.996907 -0.0785914 0
    outer loop
      vertex 32.2 28 -3.91
      vertex 32.2222 28.2816 -4.5
      vertex 32.2222 28.2816 -3.91
    endloop
  endfacet
  facet normal 0.996907 -0.0785914 0
    outer loop
      vertex 32.2222 28.2816 -4.5
      vertex 32.2 28 -3.91
      vertex 32.2 28 -4.5
    endloop
  endfacet
  facet normal 0.649332 -0.760505 0
    outer loop
      vertex 32.7272 29.2728 -4.5
      vertex 32.942 29.4562 -3.91
      vertex 32.7272 29.2728 -3.91
    endloop
  endfacet
  facet normal 0.649332 -0.760505 0
    outer loop
      vertex 32.942 29.4562 -3.91
      vertex 32.7272 29.2728 -4.5
      vertex 32.942 29.4562 -4.5
    endloop
  endfacet
  facet normal -0.649332 -0.760505 0
    outer loop
      vertex 35.058 29.4562 -4.5
      vertex 35.2728 29.2728 -3.91
      vertex 35.058 29.4562 -3.91
    endloop
  endfacet
  facet normal -0.649332 -0.760505 -0
    outer loop
      vertex 35.2728 29.2728 -3.91
      vertex 35.058 29.4562 -4.5
      vertex 35.2728 29.2728 -4.5
    endloop
  endfacet
  facet normal -0.382654 0.923892 0
    outer loop
      vertex 34.8172 26.3962 -4.5
      vertex 34.5562 26.2881 -3.91
      vertex 34.8172 26.3962 -3.91
    endloop
  endfacet
  facet normal -0.382654 0.923892 0
    outer loop
      vertex 34.5562 26.2881 -3.91
      vertex 34.8172 26.3962 -4.5
      vertex 34.5562 26.2881 -4.5
    endloop
  endfacet
  facet normal -0.522595 -0.852581 0
    outer loop
      vertex 34.8172 29.6038 -4.5
      vertex 35.058 29.4562 -3.91
      vertex 34.8172 29.6038 -3.91
    endloop
  endfacet
  facet normal -0.522595 -0.852581 -0
    outer loop
      vertex 35.058 29.4562 -3.91
      vertex 34.8172 29.6038 -4.5
      vertex 35.058 29.4562 -4.5
    endloop
  endfacet
  facet normal 0.23336 -0.972391 0
    outer loop
      vertex 33.4438 29.7119 -4.5
      vertex 33.7184 29.7778 -3.91
      vertex 33.4438 29.7119 -3.91
    endloop
  endfacet
  facet normal 0.23336 -0.972391 0
    outer loop
      vertex 33.7184 29.7778 -3.91
      vertex 33.4438 29.7119 -4.5
      vertex 33.7184 29.7778 -4.5
    endloop
  endfacet
  facet normal 0.0785914 -0.996907 0
    outer loop
      vertex 33.7184 29.7778 -4.5
      vertex 34 29.8 -3.91
      vertex 33.7184 29.7778 -3.91
    endloop
  endfacet
  facet normal 0.0785914 -0.996907 0
    outer loop
      vertex 34 29.8 -3.91
      vertex 33.7184 29.7778 -4.5
      vertex 34 29.8 -4.5
    endloop
  endfacet
  facet normal 0 0 -1
    outer loop
      vertex 35.7778 27.7184 -3.91
      vertex 35.7778 28.2816 -3.91
      vertex 35.8 28 -3.91
    endloop
  endfacet
  facet normal 0 0 -1
    outer loop
      vertex 35.7119 27.4438 -3.91
      vertex 35.7778 28.2816 -3.91
      vertex 35.7778 27.7184 -3.91
    endloop
  endfacet
  facet normal 0 0 -1
    outer loop
      vertex 35.7119 27.4438 -3.91
      vertex 35.7119 28.5562 -3.91
      vertex 35.7778 28.2816 -3.91
    endloop
  endfacet
  facet normal 0 0 -1
    outer loop
      vertex 35.6038 27.1828 -3.91
      vertex 35.7119 28.5562 -3.91
      vertex 35.7119 27.4438 -3.91
    endloop
  endfacet
  facet normal 0 0 -1
    outer loop
      vertex 35.6038 27.1828 -3.91
      vertex 35.6038 28.8172 -3.91
      vertex 35.7119 28.5562 -3.91
    endloop
  endfacet
  facet normal 0 0 -1
    outer loop
      vertex 35.4562 26.942 -3.91
      vertex 35.6038 28.8172 -3.91
      vertex 35.6038 27.1828 -3.91
    endloop
  endfacet
  facet normal 0 0 -1
    outer loop
      vertex 35.4562 26.942 -3.91
      vertex 35.4562 29.058 -3.91
      vertex 35.6038 28.8172 -3.91
    endloop
  endfacet
  facet normal 0 0 -1
    outer loop
      vertex 35.2728 26.7272 -3.91
      vertex 35.4562 29.058 -3.91
      vertex 35.4562 26.942 -3.91
    endloop
  endfacet
  facet normal 0 0 -1
    outer loop
      vertex 35.2728 26.7272 -3.91
      vertex 35.2728 29.2728 -3.91
      vertex 35.4562 29.058 -3.91
    endloop
  endfacet
  facet normal 0 0 -1
    outer loop
      vertex 35.058 26.5438 -3.91
      vertex 35.2728 29.2728 -3.91
      vertex 35.2728 26.7272 -3.91
    endloop
  endfacet
  facet normal 0 0 -1
    outer loop
      vertex 35.058 26.5438 -3.91
      vertex 35.058 29.4562 -3.91
      vertex 35.2728 29.2728 -3.91
    endloop
  endfacet
  facet normal 0 0 -1
    outer loop
      vertex 34.8172 26.3962 -3.91
      vertex 35.058 29.4562 -3.91
      vertex 35.058 26.5438 -3.91
    endloop
  endfacet
  facet normal 0 0 -1
    outer loop
      vertex 34.8172 26.3962 -3.91
      vertex 34.8172 29.6038 -3.91
      vertex 35.058 29.4562 -3.91
    endloop
  endfacet
  facet normal 0 0 -1
    outer loop
      vertex 34.5562 26.2881 -3.91
      vertex 34.8172 29.6038 -3.91
      vertex 34.8172 26.3962 -3.91
    endloop
  endfacet
  facet normal 0 0 -1
    outer loop
      vertex 34.5562 26.2881 -3.91
      vertex 34.5562 29.7119 -3.91
      vertex 34.8172 29.6038 -3.91
    endloop
  endfacet
  facet normal 0 0 -1
    outer loop
      vertex 34.2816 26.2222 -3.91
      vertex 34.5562 29.7119 -3.91
      vertex 34.5562 26.2881 -3.91
    endloop
  endfacet
  facet normal 0 0 -1
    outer loop
      vertex 34.2816 26.2222 -3.91
      vertex 34.2816 29.7778 -3.91
      vertex 34.5562 29.7119 -3.91
    endloop
  endfacet
  facet normal 0 0 -1
    outer loop
      vertex 34 26.2 -3.91
      vertex 34.2816 29.7778 -3.91
      vertex 34.2816 26.2222 -3.91
    endloop
  endfacet
  facet normal 0 0 -1
    outer loop
      vertex 34 26.2 -3.91
      vertex 34 29.8 -3.91
      vertex 34.2816 29.7778 -3.91
    endloop
  endfacet
  facet normal 0 0 -1
    outer loop
      vertex 33.7184 26.2222 -3.91
      vertex 34 29.8 -3.91
      vertex 34 26.2 -3.91
    endloop
  endfacet
  facet normal 0 0 -1
    outer loop
      vertex 33.7184 26.2222 -3.91
      vertex 33.7184 29.7778 -3.91
      vertex 34 29.8 -3.91
    endloop
  endfacet
  facet normal 0 0 -1
    outer loop
      vertex 33.4438 26.2881 -3.91
      vertex 33.7184 29.7778 -3.91
      vertex 33.7184 26.2222 -3.91
    endloop
  endfacet
  facet normal 0 0 -1
    outer loop
      vertex 33.4438 26.2881 -3.91
      vertex 33.4438 29.7119 -3.91
      vertex 33.7184 29.7778 -3.91
    endloop
  endfacet
  facet normal 0 0 -1
    outer loop
      vertex 33.1828 26.3962 -3.91
      vertex 33.4438 29.7119 -3.91
      vertex 33.4438 26.2881 -3.91
    endloop
  endfacet
  facet normal 0 0 -1
    outer loop
      vertex 33.1828 26.3962 -3.91
      vertex 33.1828 29.6038 -3.91
      vertex 33.4438 29.7119 -3.91
    endloop
  endfacet
  facet normal 0 0 -1
    outer loop
      vertex 32.942 26.5438 -3.91
      vertex 33.1828 29.6038 -3.91
      vertex 33.1828 26.3962 -3.91
    endloop
  endfacet
  facet normal 0 0 -1
    outer loop
      vertex 32.942 26.5438 -3.91
      vertex 32.942 29.4562 -3.91
      vertex 33.1828 29.6038 -3.91
    endloop
  endfacet
  facet normal 0 0 -1
    outer loop
      vertex 32.7272 26.7272 -3.91
      vertex 32.942 29.4562 -3.91
      vertex 32.942 26.5438 -3.91
    endloop
  endfacet
  facet normal 0 0 -1
    outer loop
      vertex 32.7272 26.7272 -3.91
      vertex 32.7272 29.2728 -3.91
      vertex 32.942 29.4562 -3.91
    endloop
  endfacet
  facet normal 0 0 -1
    outer loop
      vertex 32.5438 26.942 -3.91
      vertex 32.7272 29.2728 -3.91
      vertex 32.7272 26.7272 -3.91
    endloop
  endfacet
  facet normal 0 0 -1
    outer loop
      vertex 32.5438 26.942 -3.91
      vertex 32.5438 29.058 -3.91
      vertex 32.7272 29.2728 -3.91
    endloop
  endfacet
  facet normal 0 0 -1
    outer loop
      vertex 32.3962 27.1828 -3.91
      vertex 32.5438 29.058 -3.91
      vertex 32.5438 26.942 -3.91
    endloop
  endfacet
  facet normal 0 0 -1
    outer loop
      vertex 32.3962 27.1828 -3.91
      vertex 32.3962 28.8172 -3.91
      vertex 32.5438 29.058 -3.91
    endloop
  endfacet
  facet normal 0 0 -1
    outer loop
      vertex 32.2881 27.4438 -3.91
      vertex 32.3962 28.8172 -3.91
      vertex 32.3962 27.1828 -3.91
    endloop
  endfacet
  facet normal 0 0 -1
    outer loop
      vertex 32.2881 27.4438 -3.91
      vertex 32.2881 28.5562 -3.91
      vertex 32.3962 28.8172 -3.91
    endloop
  endfacet
  facet normal 0 0 -1
    outer loop
      vertex 32.2222 27.7184 -3.91
      vertex 32.2881 28.5562 -3.91
      vertex 32.2881 27.4438 -3.91
    endloop
  endfacet
  facet normal 0 0 -1
    outer loop
      vertex 32.2222 27.7184 -3.91
      vertex 32.2222 28.2816 -3.91
      vertex 32.2881 28.5562 -3.91
    endloop
  endfacet
  facet normal 0 -0 -1
    outer loop
      vertex 32.2222 28.2816 -3.91
      vertex 32.2222 27.7184 -3.91
      vertex 32.2 28 -3.91
    endloop
  endfacet
  facet normal 0.996907 0.0785914 0
    outer loop
      vertex 32.2222 27.7184 -3.91
      vertex 32.2 28 -4.5
      vertex 32.2 28 -3.91
    endloop
  endfacet
  facet normal 0.996907 0.0785914 0
    outer loop
      vertex 32.2 28 -4.5
      vertex 32.2222 27.7184 -3.91
      vertex 32.2222 27.7184 -4.5
    endloop
  endfacet
  facet normal -0.923892 -0.382654 0
    outer loop
      vertex 35.7119 28.5562 -4.5
      vertex 35.6038 28.8172 -3.91
      vertex 35.6038 28.8172 -4.5
    endloop
  endfacet
  facet normal -0.923892 -0.382654 0
    outer loop
      vertex 35.6038 28.8172 -3.91
      vertex 35.7119 28.5562 -4.5
      vertex 35.7119 28.5562 -3.91
    endloop
  endfacet
  facet normal 0.852581 -0.522595 0
    outer loop
      vertex 32.3962 28.8172 -3.91
      vertex 32.5438 29.058 -4.5
      vertex 32.5438 29.058 -3.91
    endloop
  endfacet
  facet normal 0.852581 -0.522595 0
    outer loop
      vertex 32.5438 29.058 -4.5
      vertex 32.3962 28.8172 -3.91
      vertex 32.3962 28.8172 -4.5
    endloop
  endfacet
  facet normal -0.0785914 -0.996907 0
    outer loop
      vertex 34 29.8 -4.5
      vertex 34.2816 29.7778 -3.91
      vertex 34 29.8 -3.91
    endloop
  endfacet
  facet normal -0.0785914 -0.996907 -0
    outer loop
      vertex 34.2816 29.7778 -3.91
      vertex 34 29.8 -4.5
      vertex 34.2816 29.7778 -4.5
    endloop
  endfacet
  facet normal 0.852581 0.522595 0
    outer loop
      vertex 32.5438 26.942 -3.91
      vertex 32.3962 27.1828 -4.5
      vertex 32.3962 27.1828 -3.91
    endloop
  endfacet
  facet normal 0.852581 0.522595 0
    outer loop
      vertex 32.3962 27.1828 -4.5
      vertex 32.5438 26.942 -3.91
      vertex 32.5438 26.942 -4.5
    endloop
  endfacet
  facet normal 0.649332 0.760505 -0
    outer loop
      vertex 32.942 26.5438 -4.5
      vertex 32.7272 26.7272 -3.91
      vertex 32.942 26.5438 -3.91
    endloop
  endfacet
  facet normal 0.649332 0.760505 0
    outer loop
      vertex 32.7272 26.7272 -3.91
      vertex 32.942 26.5438 -4.5
      vertex 32.7272 26.7272 -4.5
    endloop
  endfacet
  facet normal 0.923892 -0.382654 0
    outer loop
      vertex 32.2881 28.5562 -3.91
      vertex 32.3962 28.8172 -4.5
      vertex 32.3962 28.8172 -3.91
    endloop
  endfacet
  facet normal 0.923892 -0.382654 0
    outer loop
      vertex 32.3962 28.8172 -4.5
      vertex 32.2881 28.5562 -3.91
      vertex 32.2881 28.5562 -4.5
    endloop
  endfacet
  facet normal 0.522595 0.852581 -0
    outer loop
      vertex 33.1828 26.3962 -4.5
      vertex 32.942 26.5438 -3.91
      vertex 33.1828 26.3962 -3.91
    endloop
  endfacet
  facet normal 0.522595 0.852581 0
    outer loop
      vertex 32.942 26.5438 -3.91
      vertex 33.1828 26.3962 -4.5
      vertex 32.942 26.5438 -4.5
    endloop
  endfacet
  facet normal 0.36919 0.929354 -0
    outer loop
      vertex 17.4789 47.9277 -1.8
      vertex 14.9367 48.9376 0
      vertex 17.4789 47.9277 0
    endloop
  endfacet
  facet normal 0.36919 0.929354 0
    outer loop
      vertex 14.9367 48.9376 0
      vertex 17.4789 47.9277 -1.8
      vertex 14.9367 48.9376 -1.8
    endloop
  endfacet
  facet normal -0.0483441 0.188985 -0.980789
    outer loop
      vertex -9.49457 49.7875 -2.5
      vertex -12.127 49.1141 -2.5
      vertex -9.55286 50.0491 -2.44672
    endloop
  endfacet
  facet normal 0 0.980775 -0.195144
    outer loop
      vertex 1.39012 51.453 -2.06788
      vertex -1.39172 51.5063 -1.8
      vertex 1.39172 51.5063 -1.8
    endloop
  endfacet
  facet normal 0 0.980775 -0.195144
    outer loop
      vertex -1.39172 51.5063 -1.8
      vertex 1.39012 51.453 -2.06788
      vertex -1.39012 51.453 -2.06788
    endloop
  endfacet
  facet normal -0.103532 0.545872 -0.831447
    outer loop
      vertex -6.85709 50.5604 -2.44672
      vertex -9.60216 50.2709 -2.29497
      vertex -6.89262 50.7848 -2.29497
    endloop
  endfacet
  facet normal -0.93963 0.342191 0
    outer loop
      vertex -38.3084 25.7852 -1.8
      vertex -37.45 28.1423 0
      vertex -37.45 28.1423 -1.8
    endloop
  endfacet
  facet normal -0.93963 0.342191 0
    outer loop
      vertex -37.45 28.1423 0
      vertex -38.3084 25.7852 -1.8
      vertex -38.3084 25.7852 0
    endloop
  endfacet
  facet normal -1 0 0
    outer loop
      vertex -39.85 15.9953 -1.8
      vertex -39.85 7.2 -0.00999928
      vertex -39.85 15.9953 0
    endloop
  endfacet
  facet normal -1 0 0
    outer loop
      vertex -39.85 2.25 -1.8
      vertex -39.85 7.2 -0.00999928
      vertex -39.85 15.9953 -1.8
    endloop
  endfacet
  facet normal -1 0 0
    outer loop
      vertex -39.85 7.2 -0.00999928
      vertex -39.85 2.25 -1.8
      vertex -39.85 5.45 -0.299999
    endloop
  endfacet
  facet normal -1 -0 0
    outer loop
      vertex -39.85 5.45 -0.299999
      vertex -39.85 2.25 -1.8
      vertex -39.85 3.95 -0.299999
    endloop
  endfacet
  facet normal -1 0 0
    outer loop
      vertex -39.85 2.25 -0.00999928
      vertex -39.85 3.95 -0.299999
      vertex -39.85 2.25 -1.8
    endloop
  endfacet
  facet normal -1 0 0
    outer loop
      vertex -39.85 3.95 -0.299999
      vertex -39.85 2.25 -0.00999928
      vertex -39.85 3.95 -0.00999928
    endloop
  endfacet
  facet normal -1 -0 0
    outer loop
      vertex -39.85 15.9953 0
      vertex -39.85 7.2 -0.00999928
      vertex -39.85 7.2 0
    endloop
  endfacet
  facet normal -1 -0 0
    outer loop
      vertex -39.85 7.2 -0.00999928
      vertex -39.85 5.45 -0.299999
      vertex -39.85 5.45 -0.00999928
    endloop
  endfacet
  facet normal 0.106083 0.163654 -0.980797
    outer loop
      vertex 24.1443 43.4138 -2.5
      vertex 21.9333 44.847 -2.5
      vertex 22.0717 45.0766 -2.44672
    endloop
  endfacet
  facet normal 0.555158 0.0217458 -0.831461
    outer loop
      vertex 39.645 15.9915 -2.29497
      vertex 39.4179 15.987 -2.44672
      vertex 39.5483 18.4602 -2.29497
    endloop
  endfacet
  facet normal -0.830818 0.0325272 -0.555593
    outer loop
      vertex -39.5483 18.4602 -2.29497
      vertex -39.7967 15.9944 -2.06788
      vertex -39.6997 18.472 -2.06788
    endloop
  endfacet
  facet normal 1 0 0
    outer loop
      vertex 39.85 3.95 -0.00999928
      vertex 39.85 2.25 -0.00999928
      vertex 39.85 3.95 -0.299999
    endloop
  endfacet
  facet normal 1 0 0
    outer loop
      vertex 39.85 7.2 -0.00999928
      vertex 39.85 15.9953 0
      vertex 39.85 7.2 0
    endloop
  endfacet
  facet normal 1 0 0
    outer loop
      vertex 39.85 15.9953 0
      vertex 39.85 7.2 -0.00999928
      vertex 39.85 15.9953 -1.8
    endloop
  endfacet
  facet normal 1 0 0
    outer loop
      vertex 39.85 5.45 -0.299999
      vertex 39.85 7.2 -0.00999928
      vertex 39.85 5.45 -0.00999928
    endloop
  endfacet
  facet normal 1 0 0
    outer loop
      vertex 39.85 2.25 -1.8
      vertex 39.85 7.2 -0.00999928
      vertex 39.85 5.45 -0.299999
    endloop
  endfacet
  facet normal 1 0 0
    outer loop
      vertex 39.85 2.25 -1.8
      vertex 39.85 5.45 -0.299999
      vertex 39.85 3.95 -0.299999
    endloop
  endfacet
  facet normal 1 0 0
    outer loop
      vertex 39.85 7.2 -0.00999928
      vertex 39.85 2.25 -1.8
      vertex 39.85 15.9953 -1.8
    endloop
  endfacet
  facet normal 1 0 0
    outer loop
      vertex 39.85 2.25 -1.8
      vertex 39.85 3.95 -0.299999
      vertex 39.85 2.25 -0.00999928
    endloop
  endfacet
  facet normal -0.974032 0.114752 -0.195177
    outer loop
      vertex -39.4099 20.932 -2.06788
      vertex -39.7529 18.4762 -1.8
      vertex -39.4626 20.9403 -1.8
    endloop
  endfacet
  facet normal -0.171594 0.528397 -0.831476
    outer loop
      vertex -12.2016 49.3715 -2.44672
      vertex -14.7901 48.5309 -2.44672
      vertex -12.2647 49.5898 -2.29497
    endloop
  endfacet
  facet normal 0.191366 0.0378146 -0.98079
    outer loop
      vertex 38.7706 20.8313 -2.5
      vertex 38.2989 23.2184 -2.5
      vertex 38.5597 23.2805 -2.44672
    endloop
  endfacet
  facet normal -0.116904 0.156153 -0.98079
    outer loop
      vertex -26.237 41.8471 -2.5
      vertex -26.4047 42.0562 -2.44672
      vertex -24.1443 43.4138 -2.5
    endloop
  endfacet
  facet normal 0.186308 0.982491 -0
    outer loop
      vertex 9.64667 50.4712 -1.8
      vertex 6.9245 50.9874 0
      vertex 9.64667 50.4712 0
    endloop
  endfacet
  facet normal 0.186308 0.982491 0
    outer loop
      vertex 6.9245 50.9874 0
      vertex 9.64667 50.4712 -1.8
      vertex 6.9245 50.9874 -1.8
    endloop
  endfacet
  facet normal 0.146729 0.128482 -0.980797
    outer loop
      vertex 31.7043 36.4297 -2.5
      vertex 30.0257 38.3467 -2.5
      vertex 31.9122 36.599 -2.44672
    endloop
  endfacet
  facet normal -0.877462 0.479647 0
    outer loop
      vertex -36.4093 30.4406 -1.8
      vertex -35.1913 32.6688 0
      vertex -35.1913 32.6688 -1.8
    endloop
  endfacet
  facet normal -0.877462 0.479647 0
    outer loop
      vertex -35.1913 32.6688 0
      vertex -36.4093 30.4406 -1.8
      vertex -36.4093 30.4406 0
    endloop
  endfacet
  facet normal -0.332872 0.444646 -0.831556
    outer loop
      vertex -24.2975 43.6337 -2.44672
      vertex -26.4047 42.0562 -2.44672
      vertex -24.4276 43.8201 -2.29497
    endloop
  endfacet
  facet normal -0.452229 0.697668 -0.555651
    outer loop
      vertex -24.4276 43.8201 -2.29497
      vertex -24.5144 43.9447 -2.06788
      vertex -22.2671 45.4014 -2.06788
    endloop
  endfacet
  facet normal 0 0.555587 -0.831458
    outer loop
      vertex -1.37828 51.0742 -2.44672
      vertex 1.38556 51.3013 -2.29497
      vertex 1.37828 51.0742 -2.44672
    endloop
  endfacet
  facet normal 0 0.555587 -0.831458
    outer loop
      vertex 1.38556 51.3013 -2.29497
      vertex -1.37828 51.0742 -2.44672
      vertex -1.38556 51.3013 -2.29497
    endloop
  endfacet
  facet normal 0.122056 0.973202 -0.194885
    outer loop
      vertex 6.91618 50.9348 -2.06788
      vertex 4.16809 51.3331 -1.8
      vertex 6.9245 50.9874 -1.8
    endloop
  endfacet
  facet normal 0.0517985 0.829764 -0.555706
    outer loop
      vertex 4.14885 51.1288 -2.29497
      vertex 1.38556 51.3013 -2.29497
      vertex 4.16304 51.28 -2.06788
    endloop
  endfacet
  facet normal 0.93963 0.342191 0
    outer loop
      vertex 38.3084 25.7852 0
      vertex 37.45 28.1423 -1.8
      vertex 37.45 28.1423 0
    endloop
  endfacet
  facet normal 0.93963 0.342191 0
    outer loop
      vertex 37.45 28.1423 -1.8
      vertex 38.3084 25.7852 0
      vertex 38.3084 25.7852 -1.8
    endloop
  endfacet
  facet normal 0.308863 0.951106 -0
    outer loop
      vertex 14.9367 48.9376 -1.8
      vertex 12.322 49.7867 0
      vertex 14.9367 48.9376 0
    endloop
  endfacet
  facet normal 0.308863 0.951106 0
    outer loop
      vertex 12.322 49.7867 0
      vertex 14.9367 48.9376 -1.8
      vertex 12.322 49.7867 -1.8
    endloop
  endfacet
  facet normal -0.0363504 0.191653 -0.980789
    outer loop
      vertex -6.81564 50.2956 -2.5
      vertex -9.55286 50.0491 -2.44672
      vertex -6.85709 50.5604 -2.44672
    endloop
  endfacet
  facet normal -0.163755 0.105969 -0.980793
    outer loop
      vertex -34.5896 32.3101 -2.5
      vertex -34.8198 32.4475 -2.44672
      vertex -33.228 34.4142 -2.5
    endloop
  endfacet
  facet normal -0.703873 0.710326 0
    outer loop
      vertex -28.6757 40.6699 -1.8
      vertex -30.5361 38.8264 0
      vertex -28.6757 40.6699 0
    endloop
  endfacet
  facet normal -0.703873 0.710326 0
    outer loop
      vertex -30.5361 38.8264 0
      vertex -28.6757 40.6699 -1.8
      vertex -30.5361 38.8264 -1.8
    endloop
  endfacet
  facet normal -0.186308 0.982491 0
    outer loop
      vertex -6.9245 50.9874 -1.8
      vertex -9.64667 50.4712 0
      vertex -6.9245 50.9874 0
    endloop
  endfacet
  facet normal -0.186308 0.982491 0
    outer loop
      vertex -9.64667 50.4712 0
      vertex -6.9245 50.9874 -1.8
      vertex -9.64667 50.4712 -1.8
    endloop
  endfacet
  facet normal -0.356393 0.751262 -0.555508
    outer loop
      vertex -19.8416 46.58 -2.29497
      vertex -19.9112 46.7149 -2.06788
      vertex -17.397 47.7397 -2.29497
    endloop
  endfacet
  facet normal -0.177725 0.0804825 -0.980784
    outer loop
      vertex -36.8014 27.8778 -2.5
      vertex -37.0496 27.979 -2.44672
      vertex -35.7824 30.128 -2.5
    endloop
  endfacet
  facet normal -0.830899 0.0325467 -0.55547
    outer loop
      vertex -39.645 15.9915 -2.29497
      vertex -39.7967 15.9944 -2.06788
      vertex -39.5483 18.4602 -2.29497
    endloop
  endfacet
  facet normal -0.183253 0.0667383 -0.980798
    outer loop
      vertex -37.6414 25.571 -2.5
      vertex -37.8967 25.653 -2.44672
      vertex -37.0496 27.979 -2.44672
    endloop
  endfacet
  facet normal -0.663295 0.501429 -0.555526
    outer loop
      vertex -33.6337 34.6984 -2.29497
      vertex -33.7582 34.7853 -2.06788
      vertex -32.2062 36.8383 -2.06788
    endloop
  endfacet
  facet normal 0.486941 0.873435 -0
    outer loop
      vertex 22.2946 45.4471 -1.8
      vertex 19.9355 46.7623 0
      vertex 22.2946 45.4471 0
    endloop
  endfacet
  facet normal 0.486941 0.873435 0
    outer loop
      vertex 19.9355 46.7623 0
      vertex 22.2946 45.4471 -1.8
      vertex 19.9355 46.7623 -1.8
    endloop
  endfacet
  facet normal 0.0346191 0.554566 -0.831419
    outer loop
      vertex 4.12791 50.9026 -2.44672
      vertex 1.38556 51.3013 -2.29497
      vertex 4.14885 51.1288 -2.29497
    endloop
  endfacet
  facet normal -0.103424 0.82492 -0.555707
    outer loop
      vertex -4.14885 51.1288 -2.29497
      vertex -6.89262 50.7848 -2.29497
      vertex -4.16304 51.28 -2.06788
    endloop
  endfacet
  facet normal -0.122017 0.973144 -0.1952
    outer loop
      vertex -4.16304 51.28 -2.06788
      vertex -6.91618 50.9348 -2.06788
      vertex -4.16809 51.3331 -1.8
    endloop
  endfacet
  facet normal 0 0.831532 -0.555477
    outer loop
      vertex 1.38556 51.3013 -2.29497
      vertex -1.39012 51.453 -2.06788
      vertex 1.39012 51.453 -2.06788
    endloop
  endfacet
  facet normal 0 0.831532 -0.555477
    outer loop
      vertex -1.39012 51.453 -2.06788
      vertex 1.38556 51.3013 -2.29497
      vertex -1.38556 51.3013 -2.29497
    endloop
  endfacet
  facet normal -0.0517985 0.829764 -0.555706
    outer loop
      vertex -4.14885 51.1288 -2.29497
      vertex -4.16304 51.28 -2.06788
      vertex -1.38556 51.3013 -2.29497
    endloop
  endfacet
  facet normal -0.171161 0.0935614 -0.980791
    outer loop
      vertex -34.5896 32.3101 -2.5
      vertex -35.7824 30.128 -2.5
      vertex -34.8198 32.4475 -2.44672
    endloop
  endfacet
  facet normal 0.0483441 0.188985 -0.980789
    outer loop
      vertex 12.127 49.1141 -2.5
      vertex 9.49457 49.7875 -2.5
      vertex 9.55286 50.0491 -2.44672
    endloop
  endfacet
  facet normal -0.0622626 0.99806 0
    outer loop
      vertex -1.39172 51.5063 -1.8
      vertex -4.16809 51.3331 0
      vertex -1.39172 51.5063 0
    endloop
  endfacet
  facet normal -0.0622626 0.99806 0
    outer loop
      vertex -4.16809 51.3331 0
      vertex -1.39172 51.5063 -1.8
      vertex -4.16809 51.3331 -1.8
    endloop
  endfacet
  facet normal -0.302932 0.932842 -0.195031
    outer loop
      vertex -12.3072 49.7355 -2.06788
      vertex -14.9367 48.9376 -1.8
      vertex -12.322 49.7867 -1.8
    endloop
  endfacet
  facet normal 0.193775 0.0228287 -0.98078
    outer loop
      vertex 39.0545 18.4215 -2.5
      vertex 38.7706 20.8313 -2.5
      vertex 39.3217 18.4425 -2.44672
    endloop
  endfacet
  facet normal -0.797722 0.603025 0
    outer loop
      vertex -33.8018 34.8159 -1.8
      vertex -32.2476 36.8719 0
      vertex -32.2476 36.8719 -1.8
    endloop
  endfacet
  facet normal -0.797722 0.603025 0
    outer loop
      vertex -32.2476 36.8719 0
      vertex -33.8018 34.8159 -1.8
      vertex -33.8018 34.8159 0
    endloop
  endfacet
  facet normal -0.752326 0.658791 0
    outer loop
      vertex -32.2476 36.8719 -1.8
      vertex -30.5361 38.8264 0
      vertex -30.5361 38.8264 -1.8
    endloop
  endfacet
  facet normal -0.752326 0.658791 0
    outer loop
      vertex -30.5361 38.8264 0
      vertex -32.2476 36.8719 -1.8
      vertex -32.2476 36.8719 0
    endloop
  endfacet
  facet normal -0.91096 0.412495 0
    outer loop
      vertex -37.45 28.1423 -1.8
      vertex -36.4093 30.4406 0
      vertex -36.4093 30.4406 -1.8
    endloop
  endfacet
  facet normal -0.91096 0.412495 0
    outer loop
      vertex -36.4093 30.4406 0
      vertex -37.45 28.1423 -1.8
      vertex -37.45 28.1423 0
    endloop
  endfacet
  facet normal -0.10353 0.545852 -0.83146
    outer loop
      vertex -9.55286 50.0491 -2.44672
      vertex -9.60216 50.2709 -2.29497
      vertex -6.85709 50.5604 -2.44672
    endloop
  endfacet
  facet normal -0.640174 0.743026 -0.195167
    outer loop
      vertex -26.6421 42.3517 -2.06788
      vertex -28.6396 40.6307 -2.06788
      vertex -26.6756 42.3932 -1.8
    endloop
  endfacet
  facet normal -0.587799 0.78512 -0.195139
    outer loop
      vertex -26.6421 42.3517 -2.06788
      vertex -26.6756 42.3932 -1.8
      vertex -24.5449 43.9884 -1.8
    endloop
  endfacet
  facet normal -0.103437 0.824961 -0.555644
    outer loop
      vertex -6.89262 50.7848 -2.29497
      vertex -6.91618 50.9348 -2.06788
      vertex -4.16304 51.28 -2.06788
    endloop
  endfacet
  facet normal 0.205118 0.516357 -0.831446
    outer loop
      vertex 17.3065 47.5313 -2.44672
      vertex 14.8673 48.7446 -2.29497
      vertex 17.397 47.7397 -2.29497
    endloop
  endfacet
  facet normal -0.163779 0.105988 -0.980787
    outer loop
      vertex -33.228 34.4142 -2.5
      vertex -34.8198 32.4475 -2.44672
      vertex -33.4476 34.5679 -2.44672
    endloop
  endfacet
  facet normal -0.256836 0.790868 -0.555485
    outer loop
      vertex -12.2647 49.5898 -2.29497
      vertex -14.8673 48.7446 -2.29497
      vertex -12.3072 49.7355 -2.06788
    endloop
  endfacet
  facet normal -0.663197 0.501381 -0.555686
    outer loop
      vertex -32.0885 36.7423 -2.29497
      vertex -33.6337 34.6984 -2.29497
      vertex -32.2062 36.8383 -2.06788
    endloop
  endfacet
  facet normal 0.830899 0.0325467 -0.55547
    outer loop
      vertex 39.645 15.9915 -2.29497
      vertex 39.5483 18.4602 -2.29497
      vertex 39.7967 15.9944 -2.06788
    endloop
  endfacet
  facet normal 0.0242696 0.193559 -0.980788
    outer loop
      vertex 6.85709 50.5604 -2.44672
      vertex 4.10258 50.6358 -2.5
      vertex 4.12791 50.9026 -2.44672
    endloop
  endfacet
  facet normal -0.36919 0.929354 0
    outer loop
      vertex -14.9367 48.9376 -1.8
      vertex -17.4789 47.9277 0
      vertex -14.9367 48.9376 0
    endloop
  endfacet
  facet normal -0.36919 0.929354 0
    outer loop
      vertex -17.4789 47.9277 0
      vertex -14.9367 48.9376 -1.8
      vertex -17.4789 47.9277 -1.8
    endloop
  endfacet
  facet normal 0.781268 0.284481 -0.5556
    outer loop
      vertex 38.113 25.7225 -2.29497
      vertex 37.4007 28.1222 -2.06788
      vertex 38.2576 25.7689 -2.06788
    endloop
  endfacet
  facet normal -0.0691263 0.551309 -0.831432
    outer loop
      vertex -6.85709 50.5604 -2.44672
      vertex -6.89262 50.7848 -2.29497
      vertex -4.12791 50.9026 -2.44672
    endloop
  endfacet
  facet normal 0.0346047 0.554487 -0.831473
    outer loop
      vertex 4.12791 50.9026 -2.44672
      vertex 1.37828 51.0742 -2.44672
      vertex 1.38556 51.3013 -2.29497
    endloop
  endfacet
  facet normal 0.103437 0.824961 -0.555644
    outer loop
      vertex 6.89262 50.7848 -2.29497
      vertex 4.16304 51.28 -2.06788
      vertex 6.91618 50.9348 -2.06788
    endloop
  endfacet
  facet normal 0.103424 0.82492 -0.555707
    outer loop
      vertex 6.89262 50.7848 -2.29497
      vertex 4.14885 51.1288 -2.29497
      vertex 4.16304 51.28 -2.06788
    endloop
  endfacet
  facet normal 0.124442 0.992227 -0
    outer loop
      vertex 6.9245 50.9874 -1.8
      vertex 4.16809 51.3331 0
      vertex 6.9245 50.9874 0
    endloop
  endfacet
  facet normal 0.124442 0.992227 0
    outer loop
      vertex 4.16809 51.3331 0
      vertex 6.9245 50.9874 -1.8
      vertex 4.16809 51.3331 -1.8
    endloop
  endfacet
  facet normal -0.122056 0.973202 -0.194885
    outer loop
      vertex -6.91618 50.9348 -2.06788
      vertex -6.9245 50.9874 -1.8
      vertex -4.16809 51.3331 -1.8
    endloop
  endfacet
  facet normal 0.0622626 0.99806 -0
    outer loop
      vertex 4.16809 51.3331 -1.8
      vertex 1.39172 51.5063 0
      vertex 4.16809 51.3331 0
    endloop
  endfacet
  facet normal 0.0622626 0.99806 0
    outer loop
      vertex 1.39172 51.5063 0
      vertex 4.16809 51.3331 -1.8
      vertex 1.39172 51.5063 -1.8
    endloop
  endfacet
  facet normal -0.981026 0.193874 0
    outer loop
      vertex -39.4626 20.9403 -1.8
      vertex -38.9803 23.3808 0
      vertex -38.9803 23.3808 -1.8
    endloop
  endfacet
  facet normal -0.981026 0.193874 0
    outer loop
      vertex -38.9803 23.3808 0
      vertex -39.4626 20.9403 -1.8
      vertex -39.4626 20.9403 0
    endloop
  endfacet
  facet normal -0.652739 0.757583 0
    outer loop
      vertex -26.6756 42.3932 -1.8
      vertex -28.6757 40.6699 0
      vertex -26.6756 42.3932 0
    endloop
  endfacet
  facet normal -0.652739 0.757583 0
    outer loop
      vertex -28.6757 40.6699 0
      vertex -26.6756 42.3932 -1.8
      vertex -28.6757 40.6699 -1.8
    endloop
  endfacet
  facet normal 0.137684 0.538208 -0.83149
    outer loop
      vertex 12.2016 49.3715 -2.44672
      vertex 9.55286 50.0491 -2.44672
      vertex 12.2647 49.5898 -2.29497
    endloop
  endfacet
  facet normal -0.825753 0.0972777 -0.555581
    outer loop
      vertex -39.5483 18.4602 -2.29497
      vertex -39.6997 18.472 -2.06788
      vertex -39.4099 20.932 -2.06788
    endloop
  endfacet
  facet normal 0.980775 0 -0.195144
    outer loop
      vertex 39.85 15.9953 -1.8
      vertex 39.7967 2.30328 -2.06788
      vertex 39.7967 15.9944 -2.06788
    endloop
  endfacet
  facet normal 0.980775 0 -0.195144
    outer loop
      vertex 39.7967 2.30328 -2.06788
      vertex 39.85 15.9953 -1.8
      vertex 39.85 2.25 -1.8
    endloop
  endfacet
  facet normal -0.782393 0.591437 -0.1951
    outer loop
      vertex -32.2062 36.8383 -2.06788
      vertex -33.8018 34.8159 -1.8
      vertex -32.2476 36.8719 -1.8
    endloop
  endfacet
  facet normal -0.640207 0.743039 -0.195007
    outer loop
      vertex -28.6396 40.6307 -2.06788
      vertex -28.6757 40.6699 -1.8
      vertex -26.6756 42.3932 -1.8
    endloop
  endfacet
  facet normal 0 -0.831447 -0.555604
    outer loop
      vertex -39.645 2.45503 -2.29497
      vertex 39.7967 2.30328 -2.06788
      vertex -39.7967 2.30328 -2.06788
    endloop
  endfacet
  facet normal 0 -0.831447 -0.555604
    outer loop
      vertex 39.7967 2.30328 -2.06788
      vertex -39.645 2.45503 -2.29497
      vertex 39.645 2.45503 -2.29497
    endloop
  endfacet
  facet normal 0.999235 0.0391091 0
    outer loop
      vertex 39.85 15.9953 0
      vertex 39.7529 18.4762 -1.8
      vertex 39.7529 18.4762 0
    endloop
  endfacet
  facet normal 0.999235 0.0391091 0
    outer loop
      vertex 39.7529 18.4762 -1.8
      vertex 39.85 15.9953 0
      vertex 39.85 15.9953 -1.8
    endloop
  endfacet
  facet normal -0.30696 0.77273 -0.555576
    outer loop
      vertex -17.397 47.7397 -2.29497
      vertex -17.4576 47.8789 -2.06788
      vertex -14.8673 48.7446 -2.29497
    endloop
  endfacet
  facet normal -0.542687 0.629877 -0.555649
    outer loop
      vertex -28.5365 40.5192 -2.29497
      vertex -28.6396 40.6307 -2.06788
      vertex -26.6421 42.3517 -2.06788
    endloop
  endfacet
  facet normal -0.58521 0.590572 -0.555656
    outer loop
      vertex -28.5365 40.5192 -2.29497
      vertex -30.3866 38.6859 -2.29497
      vertex -28.6396 40.6307 -2.06788
    endloop
  endfacet
  facet normal -0.362697 0.420971 -0.831405
    outer loop
      vertex -26.4047 42.0562 -2.44672
      vertex -28.5365 40.5192 -2.29497
      vertex -26.547 42.2333 -2.29497
    endloop
  endfacet
  facet normal -0.33303 0.444809 -0.831406
    outer loop
      vertex -26.4047 42.0562 -2.44672
      vertex -26.547 42.2333 -2.29497
      vertex -24.4276 43.8201 -2.29497
    endloop
  endfacet
  facet normal -0.0602437 0.185491 -0.980798
    outer loop
      vertex -14.6992 48.2787 -2.5
      vertex -14.7901 48.5309 -2.44672
      vertex -12.127 49.1141 -2.5
    endloop
  endfacet
  facet normal -0.137691 0.538257 -0.831457
    outer loop
      vertex -9.55286 50.0491 -2.44672
      vertex -12.2647 49.5898 -2.29497
      vertex -9.60216 50.2709 -2.29497
    endloop
  endfacet
  facet normal -0.154939 0.81689 -0.555594
    outer loop
      vertex -9.60216 50.2709 -2.29497
      vertex -9.63512 50.4191 -2.06788
      vertex -6.91618 50.9348 -2.06788
    endloop
  endfacet
  facet normal 0.0610704 0.978863 -0.195185
    outer loop
      vertex 4.16304 51.28 -2.06788
      vertex 1.39012 51.453 -2.06788
      vertex 4.16809 51.3331 -1.8
    endloop
  endfacet
  facet normal -0.243077 0.950148 -0.195275
    outer loop
      vertex -9.63512 50.4191 -2.06788
      vertex -12.3072 49.7355 -2.06788
      vertex -9.64667 50.4712 -1.8
    endloop
  endfacet
  facet normal -0.418065 0.366076 -0.831391
    outer loop
      vertex -31.9122 36.599 -2.44672
      vertex -32.0885 36.7423 -2.29497
      vertex -30.3866 38.6859 -2.29497
    endloop
  endfacet
  facet normal 0 0.19506 -0.980791
    outer loop
      vertex -1.3699 50.8063 -2.5
      vertex 1.37828 51.0742 -2.44672
      vertex 1.3699 50.8063 -2.5
    endloop
  endfacet
  facet normal 0 0.19506 -0.980791
    outer loop
      vertex 1.37828 51.0742 -2.44672
      vertex -1.3699 50.8063 -2.5
      vertex -1.37828 51.0742 -2.44672
    endloop
  endfacet
  facet normal -0.0363507 0.191657 -0.980789
    outer loop
      vertex -9.49457 49.7875 -2.5
      vertex -9.55286 50.0491 -2.44672
      vertex -6.81564 50.2956 -2.5
    endloop
  endfacet
  facet normal 0 -0.555587 -0.831458
    outer loop
      vertex 39.645 2.45503 -2.29497
      vertex -39.4179 2.68213 -2.44672
      vertex 39.4179 2.68213 -2.44672
    endloop
  endfacet
  facet normal 0 -0.555587 -0.831458
    outer loop
      vertex -39.4179 2.68213 -2.44672
      vertex 39.645 2.45503 -2.29497
      vertex -39.645 2.45503 -2.29497
    endloop
  endfacet
  facet normal -0.428611 0.903489 0
    outer loop
      vertex -17.4789 47.9277 -1.8
      vertex -19.9355 46.7623 0
      vertex -17.4789 47.9277 0
    endloop
  endfacet
  facet normal -0.428611 0.903489 0
    outer loop
      vertex -19.9355 46.7623 0
      vertex -17.4789 47.9277 -1.8
      vertex -19.9355 46.7623 -1.8
    endloop
  endfacet
  facet normal -0.962167 0.190143 -0.195144
    outer loop
      vertex -38.9284 23.3685 -2.06788
      vertex -39.4099 20.932 -2.06788
      vertex -38.9803 23.3808 -1.8
    endloop
  endfacet
  facet normal 0.0242692 0.193545 -0.980791
    outer loop
      vertex 6.81564 50.2956 -2.5
      vertex 4.10258 50.6358 -2.5
      vertex 6.85709 50.5604 -2.44672
    endloop
  endfacet
  facet normal 0.782393 0.591437 -0.1951
    outer loop
      vertex 33.8018 34.8159 -1.8
      vertex 32.2062 36.8383 -2.06788
      vertex 32.2476 36.8719 -1.8
    endloop
  endfacet
  facet normal 0.543941 0.839124 -0
    outer loop
      vertex 24.5449 43.9884 -1.8
      vertex 22.2946 45.4471 0
      vertex 24.5449 43.9884 0
    endloop
  endfacet
  facet normal 0.543941 0.839124 0
    outer loop
      vertex 22.2946 45.4471 0
      vertex 24.5449 43.9884 -1.8
      vertex 22.2946 45.4471 -1.8
    endloop
  endfacet
  facet normal 0 1 -0
    outer loop
      vertex 1.39172 51.5063 -1.8
      vertex -1.39172 51.5063 0
      vertex 1.39172 51.5063 0
    endloop
  endfacet
  facet normal 0 1 0
    outer loop
      vertex -1.39172 51.5063 0
      vertex 1.39172 51.5063 -1.8
      vertex -1.39172 51.5063 -1.8
    endloop
  endfacet
  facet normal -0.106083 0.163654 -0.980797
    outer loop
      vertex -21.9333 44.847 -2.5
      vertex -24.1443 43.4138 -2.5
      vertex -22.0717 45.0766 -2.44672
    endloop
  endfacet
  facet normal 0.155619 0.117647 -0.980786
    outer loop
      vertex 33.228 34.4142 -2.5
      vertex 31.7043 36.4297 -2.5
      vertex 33.4476 34.5679 -2.44672
    endloop
  endfacet
  facet normal -0.194906 0.00762882 -0.980792
    outer loop
      vertex -39.15 15.9816 -2.5
      vertex -39.4179 15.987 -2.44672
      vertex -39.0545 18.4215 -2.5
    endloop
  endfacet
  facet normal 0.0121515 0.194709 -0.980786
    outer loop
      vertex 4.10258 50.6358 -2.5
      vertex 1.37828 51.0742 -2.44672
      vertex 4.12791 50.9026 -2.44672
    endloop
  endfacet
  facet normal 0.0691263 0.551309 -0.831432
    outer loop
      vertex 6.85709 50.5604 -2.44672
      vertex 4.12791 50.9026 -2.44672
      vertex 6.89262 50.7848 -2.29497
    endloop
  endfacet
  facet normal 0.122017 0.973144 -0.1952
    outer loop
      vertex 6.91618 50.9348 -2.06788
      vertex 4.16304 51.28 -2.06788
      vertex 4.16809 51.3331 -1.8
    endloop
  endfacet
  facet normal 0.30696 0.77273 -0.555576
    outer loop
      vertex 17.397 47.7397 -2.29497
      vertex 14.8673 48.7446 -2.29497
      vertex 17.4576 47.8789 -2.06788
    endloop
  endfacet
  facet normal 0.993132 0.117003 0
    outer loop
      vertex 39.7529 18.4762 0
      vertex 39.4626 20.9403 -1.8
      vertex 39.4626 20.9403 0
    endloop
  endfacet
  facet normal 0.993132 0.117003 0
    outer loop
      vertex 39.4626 20.9403 -1.8
      vertex 39.7529 18.4762 0
      vertex 39.7529 18.4762 -1.8
    endloop
  endfacet
  facet normal 0.0610657 0.978874 -0.195131
    outer loop
      vertex 4.16809 51.3331 -1.8
      vertex 1.39012 51.453 -2.06788
      vertex 1.39172 51.5063 -1.8
    endloop
  endfacet
  facet normal 0.752326 0.658791 0
    outer loop
      vertex 32.2476 36.8719 0
      vertex 30.5361 38.8264 -1.8
      vertex 30.5361 38.8264 0
    endloop
  endfacet
  facet normal 0.752326 0.658791 0
    outer loop
      vertex 30.5361 38.8264 -1.8
      vertex 32.2476 36.8719 0
      vertex 32.2476 36.8719 -1.8
    endloop
  endfacet
  facet normal 0.428611 0.903489 -0
    outer loop
      vertex 19.9355 46.7623 -1.8
      vertex 17.4789 47.9277 0
      vertex 19.9355 46.7623 0
    endloop
  endfacet
  facet normal 0.428611 0.903489 0
    outer loop
      vertex 17.4789 47.9277 0
      vertex 19.9355 46.7623 -1.8
      vertex 17.4789 47.9277 -1.8
    endloop
  endfacet
  facet normal -0.154929 0.816863 -0.555637
    outer loop
      vertex -6.89262 50.7848 -2.29497
      vertex -9.60216 50.2709 -2.29497
      vertex -6.91618 50.9348 -2.06788
    endloop
  endfacet
  facet normal -0.182759 0.963568 -0.195284
    outer loop
      vertex -9.63512 50.4191 -2.06788
      vertex -9.64667 50.4712 -1.8
      vertex -6.91618 50.9348 -2.06788
    endloop
  endfacet
  facet normal 0.797722 0.603025 0
    outer loop
      vertex 33.8018 34.8159 0
      vertex 32.2476 36.8719 -1.8
      vertex 32.2476 36.8719 0
    endloop
  endfacet
  facet normal 0.797722 0.603025 0
    outer loop
      vertex 32.2476 36.8719 -1.8
      vertex 33.8018 34.8159 0
      vertex 33.8018 34.8159 -1.8
    endloop
  endfacet
  facet normal -0.486941 0.873435 0
    outer loop
      vertex -19.9355 46.7623 -1.8
      vertex -22.2946 45.4471 0
      vertex -19.9355 46.7623 0
    endloop
  endfacet
  facet normal -0.486941 0.873435 0
    outer loop
      vertex -22.2946 45.4471 0
      vertex -19.9355 46.7623 -1.8
      vertex -22.2946 45.4471 -1.8
    endloop
  endfacet
  facet normal -0.980028 0.0383573 -0.195125
    outer loop
      vertex -39.7967 15.9944 -2.06788
      vertex -39.85 15.9953 -1.8
      vertex -39.7529 18.4762 -1.8
    endloop
  endfacet
  facet normal -0.962159 0.190145 -0.195177
    outer loop
      vertex -39.4099 20.932 -2.06788
      vertex -39.4626 20.9403 -1.8
      vertex -38.9803 23.3808 -1.8
    endloop
  endfacet
  facet normal -0.980007 0.0383681 -0.195227
    outer loop
      vertex -39.6997 18.472 -2.06788
      vertex -39.7967 15.9944 -2.06788
      vertex -39.7529 18.4762 -1.8
    endloop
  endfacet
  facet normal -0.19506 -0 -0.980791
    outer loop
      vertex -39.4179 15.987 -2.44672
      vertex -39.15 2.95 -2.5
      vertex -39.4179 2.68213 -2.44672
    endloop
  endfacet
  facet normal -0.19506 0 -0.980791
    outer loop
      vertex -39.15 2.95 -2.5
      vertex -39.4179 15.987 -2.44672
      vertex -39.15 15.9816 -2.5
    endloop
  endfacet
  facet normal -0.306977 0.772815 -0.555448
    outer loop
      vertex -14.8673 48.7446 -2.29497
      vertex -17.4576 47.8789 -2.06788
      vertex -14.9187 48.8874 -2.06788
    endloop
  endfacet
  facet normal -0.690363 0.696692 -0.194984
    outer loop
      vertex -28.6396 40.6307 -2.06788
      vertex -30.5361 38.8264 -1.8
      vertex -28.6757 40.6699 -1.8
    endloop
  endfacet
  facet normal -0.737842 0.646127 -0.195217
    outer loop
      vertex -30.4971 38.79 -2.06788
      vertex -32.2062 36.8383 -2.06788
      vertex -30.5361 38.8264 -1.8
    endloop
  endfacet
  facet normal -0.993132 0.117003 0
    outer loop
      vertex -39.7529 18.4762 -1.8
      vertex -39.4626 20.9403 0
      vertex -39.4626 20.9403 -1.8
    endloop
  endfacet
  facet normal -0.993132 0.117003 0
    outer loop
      vertex -39.4626 20.9403 0
      vertex -39.7529 18.4762 -1.8
      vertex -39.7529 18.4762 0
    endloop
  endfacet
  facet normal -0.171608 0.528427 -0.831454
    outer loop
      vertex -14.7901 48.5309 -2.44672
      vertex -14.8673 48.7446 -2.29497
      vertex -12.2647 49.5898 -2.29497
    endloop
  endfacet
  facet normal -0.308863 0.951106 0
    outer loop
      vertex -12.322 49.7867 -1.8
      vertex -14.9367 48.9376 0
      vertex -12.322 49.7867 0
    endloop
  endfacet
  facet normal -0.308863 0.951106 0
    outer loop
      vertex -14.9367 48.9376 0
      vertex -12.322 49.7867 -1.8
      vertex -14.9367 48.9376 -1.8
    endloop
  endfacet
  facet normal -0.391075 0.394659 -0.831447
    outer loop
      vertex -28.3822 40.3524 -2.44672
      vertex -30.3866 38.6859 -2.29497
      vertex -28.5365 40.5192 -2.29497
    endloop
  endfacet
  facet normal -0.362669 0.420929 -0.831438
    outer loop
      vertex -28.3822 40.3524 -2.44672
      vertex -28.5365 40.5192 -2.29497
      vertex -26.4047 42.0562 -2.44672
    endloop
  endfacet
  facet normal 0.183253 0.0667383 -0.980798
    outer loop
      vertex 37.6414 25.571 -2.5
      vertex 37.0496 27.979 -2.44672
      vertex 37.8967 25.653 -2.44672
    endloop
  endfacet
  facet normal -0.404912 0.726252 -0.555521
    outer loop
      vertex -19.8416 46.58 -2.29497
      vertex -22.2671 45.4014 -2.06788
      vertex -19.9112 46.7149 -2.06788
    endloop
  endfacet
  facet normal -0.0242696 0.193559 -0.980788
    outer loop
      vertex -4.10258 50.6358 -2.5
      vertex -6.85709 50.5604 -2.44672
      vertex -4.12791 50.9026 -2.44672
    endloop
  endfacet
  facet normal -0.11692 0.15618 -0.980784
    outer loop
      vertex -24.1443 43.4138 -2.5
      vertex -26.4047 42.0562 -2.44672
      vertex -24.2975 43.6337 -2.44672
    endloop
  endfacet
  facet normal -0.0517789 0.829936 -0.555451
    outer loop
      vertex -1.38556 51.3013 -2.29497
      vertex -4.16304 51.28 -2.06788
      vertex -1.39012 51.453 -2.06788
    endloop
  endfacet
  facet normal -0.443266 0.335085 -0.831404
    outer loop
      vertex -31.9122 36.599 -2.44672
      vertex -33.4476 34.5679 -2.44672
      vertex -32.0885 36.7423 -2.29497
    endloop
  endfacet
  facet normal -0.487491 0.26647 -0.831472
    outer loop
      vertex -36.0223 30.2476 -2.44672
      vertex -36.2257 30.349 -2.29497
      vertex -34.8198 32.4475 -2.44672
    endloop
  endfacet
  facet normal -0.737872 0.646134 -0.19508
    outer loop
      vertex -32.2062 36.8383 -2.06788
      vertex -32.2476 36.8719 -1.8
      vertex -30.5361 38.8264 -1.8
    endloop
  endfacet
  facet normal -0.625559 0.547801 -0.555508
    outer loop
      vertex -30.3866 38.6859 -2.29497
      vertex -32.2062 36.8383 -2.06788
      vertex -30.4971 38.79 -2.06788
    endloop
  endfacet
  facet normal -0.860563 0.470435 -0.19525
    outer loop
      vertex -35.1455 32.6414 -2.06788
      vertex -36.3616 30.4168 -2.06788
      vertex -35.1913 32.6688 -1.8
    endloop
  endfacet
  facet normal -0.698076 0.451704 -0.555566
    outer loop
      vertex -33.6337 34.6984 -2.29497
      vertex -35.015 32.5637 -2.29497
      vertex -33.7582 34.7853 -2.06788
    endloop
  endfacet
  facet normal -0.0719974 0.181244 -0.980799
    outer loop
      vertex -17.1992 47.2856 -2.5
      vertex -17.3065 47.5313 -2.44672
      vertex -14.6992 48.2787 -2.5
    endloop
  endfacet
  facet normal -0.921558 0.33561 -0.195183
    outer loop
      vertex -38.2576 25.7689 -2.06788
      vertex -38.3084 25.7852 -1.8
      vertex -37.45 28.1423 -1.8
    endloop
  endfacet
  facet normal -0.921645 0.335596 -0.194798
    outer loop
      vertex -37.4007 28.1222 -2.06788
      vertex -38.2576 25.7689 -2.06788
      vertex -37.45 28.1423 -1.8
    endloop
  endfacet
  facet normal 0.0691266 0.551359 -0.831399
    outer loop
      vertex 6.89262 50.7848 -2.29497
      vertex 4.12791 50.9026 -2.44672
      vertex 4.14885 51.1288 -2.29497
    endloop
  endfacet
  facet normal 0.171608 0.528427 -0.831454
    outer loop
      vertex 14.7901 48.5309 -2.44672
      vertex 12.2647 49.5898 -2.29497
      vertex 14.8673 48.7446 -2.29497
    endloop
  endfacet
  facet normal 0.0949727 0.170351 -0.980796
    outer loop
      vertex 21.9333 44.847 -2.5
      vertex 19.7374 46.378 -2.44672
      vertex 22.0717 45.0766 -2.44672
    endloop
  endfacet
  facet normal 0.155581 0.117611 -0.980797
    outer loop
      vertex 33.4476 34.5679 -2.44672
      vertex 31.7043 36.4297 -2.5
      vertex 31.9122 36.599 -2.44672
    endloop
  endfacet
  facet normal 0.247872 0.968793 -0
    outer loop
      vertex 12.322 49.7867 -1.8
      vertex 9.64667 50.4712 0
      vertex 12.322 49.7867 0
    endloop
  endfacet
  facet normal 0.247872 0.968793 0
    outer loop
      vertex 9.64667 50.4712 0
      vertex 12.322 49.7867 -1.8
      vertex 9.64667 50.4712 -1.8
    endloop
  endfacet
  facet normal 0.587825 0.785132 -0.195009
    outer loop
      vertex 26.6421 42.3517 -2.06788
      vertex 24.5144 43.9447 -2.06788
      vertex 24.5449 43.9884 -1.8
    endloop
  endfacet
  facet normal -0.302225 0.466249 -0.831428
    outer loop
      vertex -22.0717 45.0766 -2.44672
      vertex -24.4276 43.8201 -2.29497
      vertex -22.1888 45.2713 -2.29497
    endloop
  endfacet
  facet normal -0.072 0.181253 -0.980797
    outer loop
      vertex -14.6992 48.2787 -2.5
      vertex -17.3065 47.5313 -2.44672
      vertex -14.7901 48.5309 -2.44672
    endloop
  endfacet
  facet normal 0 -0.195081 -0.980787
    outer loop
      vertex 39.4179 2.68213 -2.44672
      vertex -39.15 2.95 -2.5
      vertex 39.15 2.95 -2.5
    endloop
  endfacet
  facet normal 0 -0.195081 -0.980787
    outer loop
      vertex -39.15 2.95 -2.5
      vertex 39.4179 2.68213 -2.44672
      vertex -39.4179 2.68213 -2.44672
    endloop
  endfacet
  facet normal 0.551748 0.0649903 -0.831475
    outer loop
      vertex 39.3217 18.4425 -2.44672
      vertex 39.0354 20.8731 -2.44672
      vertex 39.5483 18.4602 -2.29497
    endloop
  endfacet
  facet normal 0.163755 0.105969 -0.980793
    outer loop
      vertex 34.5896 32.3101 -2.5
      vertex 33.228 34.4142 -2.5
      vertex 34.8198 32.4475 -2.44672
    endloop
  endfacet
  facet normal 0.194968 0.00763834 -0.98078
    outer loop
      vertex 39.4179 15.987 -2.44672
      vertex 39.0545 18.4215 -2.5
      vertex 39.3217 18.4425 -2.44672
    endloop
  endfacet
  facet normal 0.522174 0.190139 -0.831373
    outer loop
      vertex 37.8967 25.653 -2.44672
      vertex 37.2601 28.0648 -2.29497
      vertex 38.113 25.7225 -2.29497
    endloop
  endfacet
  facet normal 0.171178 0.0935685 -0.980787
    outer loop
      vertex 35.7824 30.128 -2.5
      vertex 34.8198 32.4475 -2.44672
      vertex 36.0223 30.2476 -2.44672
    endloop
  endfacet
  facet normal -0.137684 0.538208 -0.83149
    outer loop
      vertex -12.2016 49.3715 -2.44672
      vertex -12.2647 49.5898 -2.29497
      vertex -9.55286 50.0491 -2.44672
    endloop
  endfacet
  facet normal -0.0691266 0.551359 -0.831399
    outer loop
      vertex -4.12791 50.9026 -2.44672
      vertex -6.89262 50.7848 -2.29497
      vertex -4.14885 51.1288 -2.29497
    endloop
  endfacet
  facet normal -0.0346191 0.554566 -0.831419
    outer loop
      vertex -4.12791 50.9026 -2.44672
      vertex -4.14885 51.1288 -2.29497
      vertex -1.38556 51.3013 -2.29497
    endloop
  endfacet
  facet normal -0.127321 0.147774 -0.980791
    outer loop
      vertex -28.2003 40.1555 -2.5
      vertex -28.3822 40.3524 -2.44672
      vertex -26.4047 42.0562 -2.44672
    endloop
  endfacet
  facet normal -0.155619 0.117647 -0.980786
    outer loop
      vertex -33.228 34.4142 -2.5
      vertex -33.4476 34.5679 -2.44672
      vertex -31.7043 36.4297 -2.5
    endloop
  endfacet
  facet normal 0.0121467 0.19468 -0.980792
    outer loop
      vertex 4.10258 50.6358 -2.5
      vertex 1.3699 50.8063 -2.5
      vertex 1.37828 51.0742 -2.44672
    endloop
  endfacet
  facet normal -0.183322 0.0667551 -0.980784
    outer loop
      vertex -36.8014 27.8778 -2.5
      vertex -37.6414 25.571 -2.5
      vertex -37.0496 27.979 -2.44672
    endloop
  endfacet
  facet normal 0.0517789 0.829936 -0.555451
    outer loop
      vertex 4.16304 51.28 -2.06788
      vertex 1.38556 51.3013 -2.29497
      vertex 1.39012 51.453 -2.06788
    endloop
  endfacet
  facet normal 0.737872 0.646134 -0.19508
    outer loop
      vertex 32.2062 36.8383 -2.06788
      vertex 30.5361 38.8264 -1.8
      vertex 32.2476 36.8719 -1.8
    endloop
  endfacet
  facet normal -0.182735 0.963651 -0.194895
    outer loop
      vertex -6.91618 50.9348 -2.06788
      vertex -9.64667 50.4712 -1.8
      vertex -6.9245 50.9874 -1.8
    endloop
  endfacet
  facet normal -0.124442 0.992227 0
    outer loop
      vertex -4.16809 51.3331 -1.8
      vertex -6.9245 50.9874 0
      vertex -4.16809 51.3331 0
    endloop
  endfacet
  facet normal -0.124442 0.992227 0
    outer loop
      vertex -6.9245 50.9874 0
      vertex -4.16809 51.3331 -1.8
      vertex -6.9245 50.9874 -1.8
    endloop
  endfacet
  facet normal -0.247872 0.968793 0
    outer loop
      vertex -9.64667 50.4712 -1.8
      vertex -12.322 49.7867 0
      vertex -9.64667 50.4712 0
    endloop
  endfacet
  facet normal -0.247872 0.968793 0
    outer loop
      vertex -12.322 49.7867 0
      vertex -9.64667 50.4712 -1.8
      vertex -12.322 49.7867 -1.8
    endloop
  endfacet
  facet normal -0.243111 0.950187 -0.195041
    outer loop
      vertex -12.3072 49.7355 -2.06788
      vertex -12.322 49.7867 -1.8
      vertex -9.64667 50.4712 -1.8
    endloop
  endfacet
  facet normal -0.999235 0.0391091 0
    outer loop
      vertex -39.85 15.9953 -1.8
      vertex -39.7529 18.4762 0
      vertex -39.7529 18.4762 -1.8
    endloop
  endfacet
  facet normal -0.999235 0.0391091 0
    outer loop
      vertex -39.7529 18.4762 0
      vertex -39.85 15.9953 -1.8
      vertex -39.85 15.9953 0
    endloop
  endfacet
  facet normal -0.80076 0.223785 -0.55561
    outer loop
      vertex -38.113 25.7225 -2.29497
      vertex -38.7807 23.3333 -2.29497
      vertex -38.2576 25.7689 -2.06788
    endloop
  endfacet
  facet normal -0.980775 0 -0.195144
    outer loop
      vertex -39.7967 2.30328 -2.06788
      vertex -39.85 15.9953 -1.8
      vertex -39.7967 15.9944 -2.06788
    endloop
  endfacet
  facet normal -0.980775 -0 -0.195144
    outer loop
      vertex -39.85 15.9953 -1.8
      vertex -39.7967 2.30328 -2.06788
      vertex -39.85 2.25 -1.8
    endloop
  endfacet
  facet normal -0.781268 0.284481 -0.5556
    outer loop
      vertex -38.113 25.7225 -2.29497
      vertex -38.2576 25.7689 -2.06788
      vertex -37.4007 28.1222 -2.06788
    endloop
  endfacet
  facet normal -0.535158 0.149551 -0.831409
    outer loop
      vertex -38.5597 23.2805 -2.44672
      vertex -38.7807 23.3333 -2.29497
      vertex -37.8967 25.653 -2.44672
    endloop
  endfacet
  facet normal -0.825749 0.0972779 -0.555585
    outer loop
      vertex -39.2599 20.9083 -2.29497
      vertex -39.5483 18.4602 -2.29497
      vertex -39.4099 20.932 -2.06788
    endloop
  endfacet
  facet normal -0.974021 0.114744 -0.195236
    outer loop
      vertex -39.6997 18.472 -2.06788
      vertex -39.7529 18.4762 -1.8
      vertex -39.4099 20.932 -2.06788
    endloop
  endfacet
  facet normal -0.551811 0.0650064 -0.831432
    outer loop
      vertex -39.0354 20.8731 -2.44672
      vertex -39.5483 18.4602 -2.29497
      vertex -39.2599 20.9083 -2.29497
    endloop
  endfacet
  facet normal -0.545106 0.107712 -0.831419
    outer loop
      vertex -39.0354 20.8731 -2.44672
      vertex -39.2599 20.9083 -2.29497
      vertex -38.5597 23.2805 -2.44672
    endloop
  endfacet
  facet normal -0.963102 0.269135 0
    outer loop
      vertex -38.9803 23.3808 -1.8
      vertex -38.3084 25.7852 0
      vertex -38.3084 25.7852 -1.8
    endloop
  endfacet
  facet normal -0.963102 0.269135 0
    outer loop
      vertex -38.3084 25.7852 0
      vertex -38.9803 23.3808 -1.8
      vertex -38.9803 23.3808 0
    endloop
  endfacet
  facet normal 0.599321 0.800509 -0
    outer loop
      vertex 26.6756 42.3932 -1.8
      vertex 24.5449 43.9884 0
      vertex 26.6756 42.3932 0
    endloop
  endfacet
  facet normal 0.599321 0.800509 0
    outer loop
      vertex 24.5449 43.9884 0
      vertex 26.6756 42.3932 -1.8
      vertex 24.5449 43.9884 -1.8
    endloop
  endfacet
  facet normal 0.533498 0.823015 -0.195003
    outer loop
      vertex 24.5144 43.9447 -2.06788
      vertex 22.2946 45.4471 -1.8
      vertex 24.5449 43.9884 -1.8
    endloop
  endfacet
  facet normal 0.137298 0.138558 -0.980791
    outer loop
      vertex 30.0257 38.3467 -2.5
      vertex 28.2003 40.1555 -2.5
      vertex 28.3822 40.3524 -2.44672
    endloop
  endfacet
  facet normal -0.498289 0.665537 -0.555669
    outer loop
      vertex -26.547 42.2333 -2.29497
      vertex -26.6421 42.3517 -2.06788
      vertex -24.4276 43.8201 -2.29497
    endloop
  endfacet
  facet normal -0.599321 0.800509 0
    outer loop
      vertex -24.5449 43.9884 -1.8
      vertex -26.6756 42.3932 0
      vertex -24.5449 43.9884 0
    endloop
  endfacet
  facet normal -0.599321 0.800509 0
    outer loop
      vertex -26.6756 42.3932 0
      vertex -24.5449 43.9884 -1.8
      vertex -26.6756 42.3932 -1.8
    endloop
  endfacet
  facet normal -0.4776 0.856626 -0.195169
    outer loop
      vertex -22.2671 45.4014 -2.06788
      vertex -22.2946 45.4471 -1.8
      vertex -19.9112 46.7149 -2.06788
    endloop
  endfacet
  facet normal -0.238164 0.501996 -0.831431
    outer loop
      vertex -17.3065 47.5313 -2.44672
      vertex -19.7374 46.378 -2.44672
      vertex -17.397 47.7397 -2.29497
    endloop
  endfacet
  facet normal -0.391077 0.394662 -0.831445
    outer loop
      vertex -30.221 38.5303 -2.44672
      vertex -30.3866 38.6859 -2.29497
      vertex -28.3822 40.3524 -2.44672
    endloop
  endfacet
  facet normal -0.137306 0.138565 -0.980789
    outer loop
      vertex -30.0257 38.3467 -2.5
      vertex -30.221 38.5303 -2.44672
      vertex -28.3822 40.3524 -2.44672
    endloop
  endfacet
  facet normal -0.356381 0.751217 -0.555577
    outer loop
      vertex -17.397 47.7397 -2.29497
      vertex -19.9112 46.7149 -2.06788
      vertex -17.4576 47.8789 -2.06788
    endloop
  endfacet
  facet normal -0.205105 0.516333 -0.831464
    outer loop
      vertex -14.7901 48.5309 -2.44672
      vertex -17.3065 47.5313 -2.44672
      vertex -14.8673 48.7446 -2.29497
    endloop
  endfacet
  facet normal 0.19506 0 -0.980791
    outer loop
      vertex 39.15 2.95 -2.5
      vertex 39.4179 15.987 -2.44672
      vertex 39.4179 2.68213 -2.44672
    endloop
  endfacet
  facet normal 0.19506 0 -0.980791
    outer loop
      vertex 39.4179 15.987 -2.44672
      vertex 39.15 2.95 -2.5
      vertex 39.15 15.9816 -2.5
    endloop
  endfacet
  facet normal -0.0121467 0.19468 -0.980792
    outer loop
      vertex -1.3699 50.8063 -2.5
      vertex -4.10258 50.6358 -2.5
      vertex -1.37828 51.0742 -2.44672
    endloop
  endfacet
  facet normal -0.0610657 0.978874 -0.195131
    outer loop
      vertex -1.39012 51.453 -2.06788
      vertex -4.16809 51.3331 -1.8
      vertex -1.39172 51.5063 -1.8
    endloop
  endfacet
  facet normal -0.0610704 0.978863 -0.195185
    outer loop
      vertex -4.16304 51.28 -2.06788
      vertex -4.16809 51.3331 -1.8
      vertex -1.39012 51.453 -2.06788
    endloop
  endfacet
  facet normal -0.823395 0.532812 -0.195276
    outer loop
      vertex -35.1455 32.6414 -2.06788
      vertex -35.1913 32.6688 -1.8
      vertex -33.7582 34.7853 -2.06788
    endloop
  endfacet
  facet normal -0.625474 0.547692 -0.555712
    outer loop
      vertex -32.0885 36.7423 -2.29497
      vertex -32.2062 36.8383 -2.06788
      vertex -30.3866 38.6859 -2.29497
    endloop
  endfacet
  facet normal -0.690351 0.696652 -0.195169
    outer loop
      vertex -30.4971 38.79 -2.06788
      vertex -30.5361 38.8264 -1.8
      vertex -28.6396 40.6307 -2.06788
    endloop
  endfacet
  facet normal -0.585277 0.590619 -0.555536
    outer loop
      vertex -30.3866 38.6859 -2.29497
      vertex -30.4971 38.79 -2.06788
      vertex -28.6396 40.6307 -2.06788
    endloop
  endfacet
  facet normal -0.75738 0.342976 -0.555646
    outer loop
      vertex -36.2257 30.349 -2.29497
      vertex -37.4007 28.1222 -2.06788
      vertex -36.3616 30.4168 -2.06788
    endloop
  endfacet
  facet normal -0.443121 0.335002 -0.831515
    outer loop
      vertex -33.4476 34.5679 -2.44672
      vertex -33.6337 34.6984 -2.29497
      vertex -32.0885 36.7423 -2.29497
    endloop
  endfacet
  facet normal -0.506088 0.229174 -0.831477
    outer loop
      vertex -36.0223 30.2476 -2.44672
      vertex -37.0496 27.979 -2.44672
      vertex -36.2257 30.349 -2.29497
    endloop
  endfacet
  facet normal -0.506035 0.229158 -0.831514
    outer loop
      vertex -37.0496 27.979 -2.44672
      vertex -37.2601 28.0648 -2.29497
      vertex -36.2257 30.349 -2.29497
    endloop
  endfacet
  facet normal -0.155581 0.117611 -0.980797
    outer loop
      vertex -31.7043 36.4297 -2.5
      vertex -33.4476 34.5679 -2.44672
      vertex -31.9122 36.599 -2.44672
    endloop
  endfacet
  facet normal -0.146729 0.128482 -0.980797
    outer loop
      vertex -31.7043 36.4297 -2.5
      vertex -31.9122 36.599 -2.44672
      vertex -30.0257 38.3467 -2.5
    endloop
  endfacet
  facet normal -0.0242692 0.193545 -0.980791
    outer loop
      vertex -6.81564 50.2956 -2.5
      vertex -6.85709 50.5604 -2.44672
      vertex -4.10258 50.6358 -2.5
    endloop
  endfacet
  facet normal -0.0121515 0.194709 -0.980786
    outer loop
      vertex -4.10258 50.6358 -2.5
      vertex -4.12791 50.9026 -2.44672
      vertex -1.37828 51.0742 -2.44672
    endloop
  endfacet
  facet normal 0.690363 0.696692 -0.194984
    outer loop
      vertex 30.5361 38.8264 -1.8
      vertex 28.6396 40.6307 -2.06788
      vertex 28.6757 40.6699 -1.8
    endloop
  endfacet
  facet normal -0.893509 0.404593 -0.194797
    outer loop
      vertex -37.4007 28.1222 -2.06788
      vertex -37.45 28.1423 -1.8
      vertex -36.4093 30.4406 -1.8
    endloop
  endfacet
  facet normal -0.535208 0.149572 -0.831373
    outer loop
      vertex -37.8967 25.653 -2.44672
      vertex -38.7807 23.3333 -2.29497
      vertex -38.113 25.7225 -2.29497
    endloop
  endfacet
  facet normal -0.944588 0.263968 -0.195128
    outer loop
      vertex -38.9284 23.3685 -2.06788
      vertex -38.9803 23.3808 -1.8
      vertex -38.2576 25.7689 -2.06788
    endloop
  endfacet
  facet normal -0.944578 0.263959 -0.195188
    outer loop
      vertex -38.2576 25.7689 -2.06788
      vertex -38.9803 23.3808 -1.8
      vertex -38.3084 25.7852 -1.8
    endloop
  endfacet
  facet normal 0.205105 0.516333 -0.831464
    outer loop
      vertex 17.3065 47.5313 -2.44672
      vertex 14.7901 48.5309 -2.44672
      vertex 14.8673 48.7446 -2.29497
    endloop
  endfacet
  facet normal 0.182735 0.963651 -0.194895
    outer loop
      vertex 9.64667 50.4712 -1.8
      vertex 6.91618 50.9348 -2.06788
      vertex 6.9245 50.9874 -1.8
    endloop
  endfacet
  facet normal 0.91096 0.412495 0
    outer loop
      vertex 37.45 28.1423 0
      vertex 36.4093 30.4406 -1.8
      vertex 36.4093 30.4406 0
    endloop
  endfacet
  facet normal 0.91096 0.412495 0
    outer loop
      vertex 36.4093 30.4406 -1.8
      vertex 37.45 28.1423 0
      vertex 37.45 28.1423 -1.8
    endloop
  endfacet
  facet normal 0.072 0.181253 -0.980797
    outer loop
      vertex 17.3065 47.5313 -2.44672
      vertex 14.6992 48.2787 -2.5
      vertex 14.7901 48.5309 -2.44672
    endloop
  endfacet
  facet normal 0.362065 0.911498 -0.195141
    outer loop
      vertex 17.4576 47.8789 -2.06788
      vertex 14.9187 48.8874 -2.06788
      vertex 14.9367 48.9376 -1.8
    endloop
  endfacet
  facet normal 0.182759 0.963568 -0.195284
    outer loop
      vertex 9.63512 50.4191 -2.06788
      vertex 6.91618 50.9348 -2.06788
      vertex 9.64667 50.4712 -1.8
    endloop
  endfacet
  facet normal 0.154939 0.81689 -0.555594
    outer loop
      vertex 9.60216 50.2709 -2.29497
      vertex 6.91618 50.9348 -2.06788
      vertex 9.63512 50.4191 -2.06788
    endloop
  endfacet
  facet normal 0.10353 0.545852 -0.83146
    outer loop
      vertex 9.55286 50.0491 -2.44672
      vertex 6.85709 50.5604 -2.44672
      vertex 9.60216 50.2709 -2.29497
    endloop
  endfacet
  facet normal 0.137691 0.538257 -0.831457
    outer loop
      vertex 12.2647 49.5898 -2.29497
      vertex 9.55286 50.0491 -2.44672
      vertex 9.60216 50.2709 -2.29497
    endloop
  endfacet
  facet normal 0.270576 0.485289 -0.831435
    outer loop
      vertex 22.0717 45.0766 -2.44672
      vertex 19.8416 46.58 -2.29497
      vertex 22.1888 45.2713 -2.29497
    endloop
  endfacet
  facet normal 0.585277 0.590619 -0.555536
    outer loop
      vertex 30.3866 38.6859 -2.29497
      vertex 28.6396 40.6307 -2.06788
      vertex 30.4971 38.79 -2.06788
    endloop
  endfacet
  facet normal 0.270482 0.485159 -0.831541
    outer loop
      vertex 22.0717 45.0766 -2.44672
      vertex 19.7374 46.378 -2.44672
      vertex 19.8416 46.58 -2.29497
    endloop
  endfacet
  facet normal 0.404912 0.726252 -0.555521
    outer loop
      vertex 22.2671 45.4014 -2.06788
      vertex 19.8416 46.58 -2.29497
      vertex 19.9112 46.7149 -2.06788
    endloop
  endfacet
  facet normal 0.80081 0.223789 -0.555537
    outer loop
      vertex 38.7807 23.3333 -2.29497
      vertex 38.2576 25.7689 -2.06788
      vertex 38.9284 23.3685 -2.06788
    endloop
  endfacet
  facet normal 0 0 1
    outer loop
      vertex -39.85 15.9953 0
      vertex -38.0304 14.324 0
      vertex -38.1247 14.4779 0
    endloop
  endfacet
  facet normal 0 0 1
    outer loop
      vertex -39.85 15.9953 0
      vertex -38.1247 14.4779 0
      vertex -38.1937 14.6446 0
    endloop
  endfacet
  facet normal 0 0 1
    outer loop
      vertex -39.85 15.9953 0
      vertex -38.1937 14.6446 0
      vertex -38.2358 14.8201 0
    endloop
  endfacet
  facet normal 0 0 1
    outer loop
      vertex -39.85 15.9953 0
      vertex -38.2358 14.8201 0
      vertex -38.25 15 0
    endloop
  endfacet
  facet normal 0 0 1
    outer loop
      vertex -38.0304 15.676 0
      vertex -39.85 15.9953 0
      vertex -38.1247 15.5221 0
    endloop
  endfacet
  facet normal 0 0 1
    outer loop
      vertex -38.1247 15.5221 0
      vertex -39.85 15.9953 0
      vertex -38.1937 15.3554 0
    endloop
  endfacet
  facet normal 0 0 1
    outer loop
      vertex -38.1937 15.3554 0
      vertex -39.85 15.9953 0
      vertex -38.2358 15.1799 0
    endloop
  endfacet
  facet normal 0 0 1
    outer loop
      vertex -38.2358 15.1799 0
      vertex -39.85 15.9953 0
      vertex -38.25 15 0
    endloop
  endfacet
  facet normal 0 0 1
    outer loop
      vertex -38.0304 14.324 0
      vertex -39.85 15.9953 0
      vertex -39.85 7.2 0
    endloop
  endfacet
  facet normal 0 0 1
    outer loop
      vertex -38.0304 14.324 0
      vertex -39.85 7.2 0
      vertex -38.1 7.2 0
    endloop
  endfacet
  facet normal 0 0 1
    outer loop
      vertex -11 24.8041 0
      vertex -35.9642 15.1799 0
      vertex -35.95 15 0
    endloop
  endfacet
  facet normal 0 0 1
    outer loop
      vertex -29.676 30.5178 0
      vertex -36.0063 15.3554 0
      vertex -35.9642 15.1799 0
    endloop
  endfacet
  facet normal 0 0 1
    outer loop
      vertex -29.676 30.5178 0
      vertex -36.0753 15.5221 0
      vertex -36.0063 15.3554 0
    endloop
  endfacet
  facet normal 0 0 1
    outer loop
      vertex -29.8132 30.635 0
      vertex -37.45 28.1423 0
      vertex -29.676 30.5178 0
    endloop
  endfacet
  facet normal 0 0 1
    outer loop
      vertex -29.676 30.5178 0
      vertex -36.1696 15.676 0
      vertex -36.0753 15.5221 0
    endloop
  endfacet
  facet normal 0 0 1
    outer loop
      vertex -38.3084 25.7852 0
      vertex -29.676 30.5178 0
      vertex -37.45 28.1423 0
    endloop
  endfacet
  facet normal 0 0 1
    outer loop
      vertex -38.9803 23.3808 0
      vertex -29.676 30.5178 0
      vertex -38.3084 25.7852 0
    endloop
  endfacet
  facet normal 0 0 1
    outer loop
      vertex -29.676 30.5178 0
      vertex -36.2868 15.8132 0
      vertex -36.1696 15.676 0
    endloop
  endfacet
  facet normal 0 0 1
    outer loop
      vertex -29.676 30.5178 0
      vertex -38.9803 23.3808 0
      vertex -36.2868 15.8132 0
    endloop
  endfacet
  facet normal 0 0 1
    outer loop
      vertex -36.2868 15.8132 0
      vertex -38.9803 23.3808 0
      vertex -36.424 15.9304 0
    endloop
  endfacet
  facet normal 0 0 1
    outer loop
      vertex -36.424 15.9304 0
      vertex -38.9803 23.3808 0
      vertex -36.5779 16.0247 0
    endloop
  endfacet
  facet normal -0 0 1
    outer loop
      vertex -39.4626 20.9403 0
      vertex -36.5779 16.0247 0
      vertex -38.9803 23.3808 0
    endloop
  endfacet
  facet normal 0 0 1
    outer loop
      vertex -36.5779 16.0247 0
      vertex -39.4626 20.9403 0
      vertex -36.7446 16.0937 0
    endloop
  endfacet
  facet normal 0 0 1
    outer loop
      vertex -36.7446 16.0937 0
      vertex -39.4626 20.9403 0
      vertex -36.9201 16.1358 0
    endloop
  endfacet
  facet normal -0 0 1
    outer loop
      vertex -39.7529 18.4762 0
      vertex -36.9201 16.1358 0
      vertex -39.4626 20.9403 0
    endloop
  endfacet
  facet normal 0 0 1
    outer loop
      vertex -36.9201 16.1358 0
      vertex -39.7529 18.4762 0
      vertex -37.1 16.15 0
    endloop
  endfacet
  facet normal 0 0 1
    outer loop
      vertex -37.1 16.15 0
      vertex -39.7529 18.4762 0
      vertex -37.2799 16.1358 0
    endloop
  endfacet
  facet normal 0 0 1
    outer loop
      vertex -37.2799 16.1358 0
      vertex -39.7529 18.4762 0
      vertex -37.4554 16.0937 0
    endloop
  endfacet
  facet normal 0 0 1
    outer loop
      vertex -37.4554 16.0937 0
      vertex -39.7529 18.4762 0
      vertex -37.6221 16.0247 0
    endloop
  endfacet
  facet normal 0 0 1
    outer loop
      vertex -37.6221 16.0247 0
      vertex -39.7529 18.4762 0
      vertex -37.776 15.9304 0
    endloop
  endfacet
  facet normal -0 0 1
    outer loop
      vertex -39.85 15.9953 0
      vertex -37.776 15.9304 0
      vertex -39.7529 18.4762 0
    endloop
  endfacet
  facet normal 0 0 1
    outer loop
      vertex -37.776 15.9304 0
      vertex -39.85 15.9953 0
      vertex -37.9132 15.8132 0
    endloop
  endfacet
  facet normal 0 0 1
    outer loop
      vertex -37.9132 15.8132 0
      vertex -39.85 15.9953 0
      vertex -38.0304 15.676 0
    endloop
  endfacet
  facet normal 0 0 1
    outer loop
      vertex -11 38.8041 0
      vertex -27.8642 31.6281 0
      vertex -27.85 31.4482 0
    endloop
  endfacet
  facet normal 0 0 1
    outer loop
      vertex -24.5449 43.9884 0
      vertex -27.9063 31.8036 0
      vertex -27.8642 31.6281 0
    endloop
  endfacet
  facet normal 0 0 1
    outer loop
      vertex -24.5449 43.9884 0
      vertex -27.9753 31.9703 0
      vertex -27.9063 31.8036 0
    endloop
  endfacet
  facet normal 0 0 1
    outer loop
      vertex -26.6756 42.3932 0
      vertex -28.0696 32.1241 0
      vertex -27.9753 31.9703 0
    endloop
  endfacet
  facet normal 0 0 1
    outer loop
      vertex -26.6756 42.3932 0
      vertex -28.1868 32.2614 0
      vertex -28.0696 32.1241 0
    endloop
  endfacet
  facet normal -0 0 1
    outer loop
      vertex -28.6757 40.6699 0
      vertex -28.1868 32.2614 0
      vertex -26.6756 42.3932 0
    endloop
  endfacet
  facet normal 0 0 1
    outer loop
      vertex -28.1868 32.2614 0
      vertex -28.6757 40.6699 0
      vertex -28.324 32.3786 0
    endloop
  endfacet
  facet normal 0 0 1
    outer loop
      vertex -28.324 32.3786 0
      vertex -28.6757 40.6699 0
      vertex -28.4779 32.4728 0
    endloop
  endfacet
  facet normal -0 0 1
    outer loop
      vertex -30.5361 38.8264 0
      vertex -28.4779 32.4728 0
      vertex -28.6757 40.6699 0
    endloop
  endfacet
  facet normal 0 0 1
    outer loop
      vertex -28.4779 32.4728 0
      vertex -30.5361 38.8264 0
      vertex -28.6446 32.5419 0
    endloop
  endfacet
  facet normal 0 0 1
    outer loop
      vertex -28.6446 32.5419 0
      vertex -30.5361 38.8264 0
      vertex -28.8201 32.584 0
    endloop
  endfacet
  facet normal 0 0 1
    outer loop
      vertex -28.8201 32.584 0
      vertex -30.5361 38.8264 0
      vertex -29 32.5982 0
    endloop
  endfacet
  facet normal -0 0 1
    outer loop
      vertex -32.2476 36.8719 0
      vertex -29 32.5982 0
      vertex -30.5361 38.8264 0
    endloop
  endfacet
  facet normal 0 0 1
    outer loop
      vertex -29 32.5982 0
      vertex -32.2476 36.8719 0
      vertex -29.1799 32.584 0
    endloop
  endfacet
  facet normal 0 0 1
    outer loop
      vertex -29.1799 32.584 0
      vertex -32.2476 36.8719 0
      vertex -29.3554 32.5419 0
    endloop
  endfacet
  facet normal 0 0 1
    outer loop
      vertex -29.3554 32.5419 0
      vertex -32.2476 36.8719 0
      vertex -29.5221 32.4728 0
    endloop
  endfacet
  facet normal 0 0 1
    outer loop
      vertex -29.5221 32.4728 0
      vertex -32.2476 36.8719 0
      vertex -29.676 32.3786 0
    endloop
  endfacet
  facet normal -0 0 1
    outer loop
      vertex -33.8018 34.8159 0
      vertex -29.676 32.3786 0
      vertex -32.2476 36.8719 0
    endloop
  endfacet
  facet normal 0 0 1
    outer loop
      vertex -29.676 32.3786 0
      vertex -33.8018 34.8159 0
      vertex -29.8132 32.2614 0
    endloop
  endfacet
  facet normal 0 0 1
    outer loop
      vertex -29.8132 32.2614 0
      vertex -33.8018 34.8159 0
      vertex -29.9304 32.1241 0
    endloop
  endfacet
  facet normal 0 0 1
    outer loop
      vertex -30.0247 31.9703 0
      vertex -33.8018 34.8159 0
      vertex -30.0937 31.8036 0
    endloop
  endfacet
  facet normal 0 0 1
    outer loop
      vertex -29.9304 32.1241 0
      vertex -33.8018 34.8159 0
      vertex -30.0247 31.9703 0
    endloop
  endfacet
  facet normal 0 0 1
    outer loop
      vertex 9.64667 50.4712 0
      vertex 11 38.8041 0
      vertex 12.322 49.7867 0
    endloop
  endfacet
  facet normal 0 0 1
    outer loop
      vertex 6.9245 50.9874 0
      vertex 11 38.8041 0
      vertex 9.64667 50.4712 0
    endloop
  endfacet
  facet normal 0 0 1
    outer loop
      vertex 4.16809 51.3331 0
      vertex 11 38.8041 0
      vertex 6.9245 50.9874 0
    endloop
  endfacet
  facet normal 0 0 1
    outer loop
      vertex 1.39172 51.5063 0
      vertex 11 38.8041 0
      vertex 4.16809 51.3331 0
    endloop
  endfacet
  facet normal -0 0 1
    outer loop
      vertex -1.39172 51.5063 0
      vertex 11 38.8041 0
      vertex 1.39172 51.5063 0
    endloop
  endfacet
  facet normal 0 0 1
    outer loop
      vertex -11 38.8041 0
      vertex -1.39172 51.5063 0
      vertex -4.16809 51.3331 0
    endloop
  endfacet
  facet normal 0 0 1
    outer loop
      vertex -11 38.8041 0
      vertex -4.16809 51.3331 0
      vertex -6.9245 50.9874 0
    endloop
  endfacet
  facet normal 0 0 1
    outer loop
      vertex -11 38.8041 0
      vertex -6.9245 50.9874 0
      vertex -9.64667 50.4712 0
    endloop
  endfacet
  facet normal 0 0 1
    outer loop
      vertex -1.39172 51.5063 0
      vertex -11 38.8041 0
      vertex 11 38.8041 0
    endloop
  endfacet
  facet normal -0 0 1
    outer loop
      vertex -14.9367 48.9376 0
      vertex -11 38.8041 0
      vertex -12.322 49.7867 0
    endloop
  endfacet
  facet normal -0 0 1
    outer loop
      vertex -12.322 49.7867 0
      vertex -11 38.8041 0
      vertex -9.64667 50.4712 0
    endloop
  endfacet
  facet normal 0 0 1
    outer loop
      vertex 35.1913 32.6688 0
      vertex 30.1358 31.6281 0
      vertex 30.15 31.4482 0
    endloop
  endfacet
  facet normal 0 0 1
    outer loop
      vertex 32.2476 36.8719 0
      vertex 30.0937 31.8036 0
      vertex 30.1358 31.6281 0
    endloop
  endfacet
  facet normal 0 0 1
    outer loop
      vertex 32.2476 36.8719 0
      vertex 30.0247 31.9703 0
      vertex 30.0937 31.8036 0
    endloop
  endfacet
  facet normal 0 0 1
    outer loop
      vertex 32.2476 36.8719 0
      vertex 29.9304 32.1241 0
      vertex 30.0247 31.9703 0
    endloop
  endfacet
  facet normal 0 0 1
    outer loop
      vertex 32.2476 36.8719 0
      vertex 29.8132 32.2614 0
      vertex 29.9304 32.1241 0
    endloop
  endfacet
  facet normal 0 0 1
    outer loop
      vertex 32.2476 36.8719 0
      vertex 29.676 32.3786 0
      vertex 29.8132 32.2614 0
    endloop
  endfacet
  facet normal 0 0 1
    outer loop
      vertex 32.2476 36.8719 0
      vertex 29.5221 32.4728 0
      vertex 29.676 32.3786 0
    endloop
  endfacet
  facet normal 0 0 1
    outer loop
      vertex 32.2476 36.8719 0
      vertex 29.3554 32.5419 0
      vertex 29.5221 32.4728 0
    endloop
  endfacet
  facet normal 0 0 1
    outer loop
      vertex 32.2476 36.8719 0
      vertex 29.1799 32.584 0
      vertex 29.3554 32.5419 0
    endloop
  endfacet
  facet normal 0 0 1
    outer loop
      vertex 32.2476 36.8719 0
      vertex 29 32.5982 0
      vertex 29.1799 32.584 0
    endloop
  endfacet
  facet normal 0 0 1
    outer loop
      vertex 30.5361 38.8264 0
      vertex 28.8201 32.584 0
      vertex 29 32.5982 0
    endloop
  endfacet
  facet normal 0 0 1
    outer loop
      vertex 28.4779 32.4728 0
      vertex 30.5361 38.8264 0
      vertex 28.6757 40.6699 0
    endloop
  endfacet
  facet normal 0 0 1
    outer loop
      vertex 30.5361 38.8264 0
      vertex 28.6446 32.5419 0
      vertex 28.8201 32.584 0
    endloop
  endfacet
  facet normal 0 0 1
    outer loop
      vertex 30.5361 38.8264 0
      vertex 28.4779 32.4728 0
      vertex 28.6446 32.5419 0
    endloop
  endfacet
  facet normal 0 0 1
    outer loop
      vertex 28.6757 40.6699 0
      vertex 28.324 32.3786 0
      vertex 28.4779 32.4728 0
    endloop
  endfacet
  facet normal 0 0 1
    outer loop
      vertex 28.6757 40.6699 0
      vertex 28.1868 32.2614 0
      vertex 28.324 32.3786 0
    endloop
  endfacet
  facet normal 0 0 1
    outer loop
      vertex 26.6756 42.3932 0
      vertex 28.1868 32.2614 0
      vertex 28.6757 40.6699 0
    endloop
  endfacet
  facet normal 0 0 1
    outer loop
      vertex 28.1868 32.2614 0
      vertex 26.6756 42.3932 0
      vertex 28.0696 32.1241 0
    endloop
  endfacet
  facet normal 0 0 1
    outer loop
      vertex 28.0696 32.1241 0
      vertex 26.6756 42.3932 0
      vertex 27.9753 31.9703 0
    endloop
  endfacet
  facet normal 0 0 1
    outer loop
      vertex 24.5449 43.9884 0
      vertex 27.9753 31.9703 0
      vertex 26.6756 42.3932 0
    endloop
  endfacet
  facet normal 0 0 1
    outer loop
      vertex 27.9753 31.9703 0
      vertex 11 38.8041 0
      vertex 27.9063 31.8036 0
    endloop
  endfacet
  facet normal -0 0 1
    outer loop
      vertex 11 38.8041 0
      vertex 27.9753 31.9703 0
      vertex 24.5449 43.9884 0
    endloop
  endfacet
  facet normal 0 0 1
    outer loop
      vertex 39.85 15.9953 0
      vertex 38.2358 15.1799 0
      vertex 38.25 15 0
    endloop
  endfacet
  facet normal 0 0 1
    outer loop
      vertex 38.9803 23.3808 0
      vertex 38.1937 15.3554 0
      vertex 38.2358 15.1799 0
    endloop
  endfacet
  facet normal 0 0 1
    outer loop
      vertex 38.9803 23.3808 0
      vertex 38.1247 15.5221 0
      vertex 38.1937 15.3554 0
    endloop
  endfacet
  facet normal 0 0 1
    outer loop
      vertex 38.9803 23.3808 0
      vertex 38.0304 15.676 0
      vertex 38.1247 15.5221 0
    endloop
  endfacet
  facet normal 0 0 1
    outer loop
      vertex 38.9803 23.3808 0
      vertex 37.9132 15.8132 0
      vertex 38.0304 15.676 0
    endloop
  endfacet
  facet normal 0 0 1
    outer loop
      vertex 38.9803 23.3808 0
      vertex 37.776 15.9304 0
      vertex 37.9132 15.8132 0
    endloop
  endfacet
  facet normal 0 0 1
    outer loop
      vertex 38.9803 23.3808 0
      vertex 37.6221 16.0247 0
      vertex 37.776 15.9304 0
    endloop
  endfacet
  facet normal 0 0 1
    outer loop
      vertex 38.9803 23.3808 0
      vertex 37.4554 16.0937 0
      vertex 37.6221 16.0247 0
    endloop
  endfacet
  facet normal 0 0 1
    outer loop
      vertex 29.5221 30.4235 0
      vertex 38.3084 25.7852 0
      vertex 37.45 28.1423 0
    endloop
  endfacet
  facet normal 0 0 1
    outer loop
      vertex 38.9803 23.3808 0
      vertex 37.2799 16.1358 0
      vertex 37.4554 16.0937 0
    endloop
  endfacet
  facet normal 0 0 1
    outer loop
      vertex 38.9803 23.3808 0
      vertex 37.1 16.15 0
      vertex 37.2799 16.1358 0
    endloop
  endfacet
  facet normal 0 0 1
    outer loop
      vertex 38.9803 23.3808 0
      vertex 36.9201 16.1358 0
      vertex 37.1 16.15 0
    endloop
  endfacet
  facet normal 0 0 1
    outer loop
      vertex 38.9803 23.3808 0
      vertex 36.7446 16.0937 0
      vertex 36.9201 16.1358 0
    endloop
  endfacet
  facet normal 0 0 1
    outer loop
      vertex 38.9803 23.3808 0
      vertex 36.5779 16.0247 0
      vertex 36.7446 16.0937 0
    endloop
  endfacet
  facet normal 0 0 1
    outer loop
      vertex 38.9803 23.3808 0
      vertex 36.424 15.9304 0
      vertex 36.5779 16.0247 0
    endloop
  endfacet
  facet normal 0 0 1
    outer loop
      vertex 29.8132 30.635 0
      vertex 37.45 28.1423 0
      vertex 36.4093 30.4406 0
    endloop
  endfacet
  facet normal 0 0 1
    outer loop
      vertex 38.3084 25.7852 0
      vertex 29.5221 30.4235 0
      vertex 29.3554 30.3545 0
    endloop
  endfacet
  facet normal -0 0 1
    outer loop
      vertex 29.1799 30.3123 0
      vertex 38.3084 25.7852 0
      vertex 29.3554 30.3545 0
    endloop
  endfacet
  facet normal 0 0 1
    outer loop
      vertex 38.9803 23.3808 0
      vertex 29.1799 30.3123 0
      vertex 36.2868 15.8132 0
    endloop
  endfacet
  facet normal 0 0 1
    outer loop
      vertex 38.9803 23.3808 0
      vertex 36.2868 15.8132 0
      vertex 36.424 15.9304 0
    endloop
  endfacet
  facet normal -0 0 1
    outer loop
      vertex 29 30.2982 0
      vertex 36.2868 15.8132 0
      vertex 29.1799 30.3123 0
    endloop
  endfacet
  facet normal 0 0 1
    outer loop
      vertex 36.2868 15.8132 0
      vertex 29 30.2982 0
      vertex 36.1696 15.676 0
    endloop
  endfacet
  facet normal -0 0 1
    outer loop
      vertex 30.0937 31.0928 0
      vertex 36.4093 30.4406 0
      vertex 35.1913 32.6688 0
    endloop
  endfacet
  facet normal 0 0 1
    outer loop
      vertex 38.2358 15.1799 0
      vertex 39.85 15.9953 0
      vertex 39.7529 18.4762 0
    endloop
  endfacet
  facet normal 0 0 1
    outer loop
      vertex 38.2358 15.1799 0
      vertex 39.7529 18.4762 0
      vertex 39.4626 20.9403 0
    endloop
  endfacet
  facet normal 0 0 1
    outer loop
      vertex 38.2358 15.1799 0
      vertex 39.4626 20.9403 0
      vertex 38.9803 23.3808 0
    endloop
  endfacet
  facet normal 0 0 1
    outer loop
      vertex 29.1799 30.3123 0
      vertex 38.9803 23.3808 0
      vertex 38.3084 25.7852 0
    endloop
  endfacet
  facet normal 0 0 1
    outer loop
      vertex 39.85 15.9953 0
      vertex 38.25 15 0
      vertex 38.2358 14.8201 0
    endloop
  endfacet
  facet normal 0 0 1
    outer loop
      vertex 38.1937 14.6446 0
      vertex 39.85 15.9953 0
      vertex 38.2358 14.8201 0
    endloop
  endfacet
  facet normal 0 0 1
    outer loop
      vertex 38.1247 14.4779 0
      vertex 39.85 15.9953 0
      vertex 38.1937 14.6446 0
    endloop
  endfacet
  facet normal 0 0 1
    outer loop
      vertex 38.0304 14.324 0
      vertex 39.85 15.9953 0
      vertex 38.1247 14.4779 0
    endloop
  endfacet
  facet normal 0 0 1
    outer loop
      vertex 39.85 15.9953 0
      vertex 38.0304 14.324 0
      vertex 39.85 7.2 0
    endloop
  endfacet
  facet normal -0 0 1
    outer loop
      vertex 37.9132 14.1868 0
      vertex 39.85 7.2 0
      vertex 38.0304 14.324 0
    endloop
  endfacet
  facet normal -0 0 1
    outer loop
      vertex 37.776 14.0696 0
      vertex 39.85 7.2 0
      vertex 37.9132 14.1868 0
    endloop
  endfacet
  facet normal -0 0 1
    outer loop
      vertex 37.6221 13.9753 0
      vertex 39.85 7.2 0
      vertex 37.776 14.0696 0
    endloop
  endfacet
  facet normal -0 0 1
    outer loop
      vertex 37.4554 13.9063 0
      vertex 39.85 7.2 0
      vertex 37.6221 13.9753 0
    endloop
  endfacet
  facet normal -0 0 1
    outer loop
      vertex 37.2799 13.8642 0
      vertex 39.85 7.2 0
      vertex 37.4554 13.9063 0
    endloop
  endfacet
  facet normal 0 0 1
    outer loop
      vertex 36.6 7.2 0
      vertex 37.2799 13.8642 0
      vertex 37.1 13.85 0
    endloop
  endfacet
  facet normal 0 0 1
    outer loop
      vertex 36.6 7.2 0
      vertex 37.1 13.85 0
      vertex 36.9201 13.8642 0
    endloop
  endfacet
  facet normal 0 0 1
    outer loop
      vertex 36.6 7.2 0
      vertex 36.9201 13.8642 0
      vertex 36.7446 13.9063 0
    endloop
  endfacet
  facet normal 0 0 1
    outer loop
      vertex 37.2799 13.8642 0
      vertex 36.6 7.2 0
      vertex 39.85 7.2 0
    endloop
  endfacet
  facet normal 0 0 1
    outer loop
      vertex 36.5779 13.9753 0
      vertex 36.6 7.2 0
      vertex 36.7446 13.9063 0
    endloop
  endfacet
  facet normal 0 0 1
    outer loop
      vertex 36.424 14.0696 0
      vertex 36.6 7.2 0
      vertex 36.5779 13.9753 0
    endloop
  endfacet
  facet normal 0 0 1
    outer loop
      vertex 36.2868 14.1868 0
      vertex 36.6 7.2 0
      vertex 36.424 14.0696 0
    endloop
  endfacet
  facet normal 0 0 1
    outer loop
      vertex 36.1696 14.324 0
      vertex 36.6 7.2 0
      vertex 36.2868 14.1868 0
    endloop
  endfacet
  facet normal 0 0 1
    outer loop
      vertex 36.0753 14.4779 0
      vertex 36.6 7.2 0
      vertex 36.1696 14.324 0
    endloop
  endfacet
  facet normal 0 0 1
    outer loop
      vertex 36.0063 14.6446 0
      vertex 36.6 7.2 0
      vertex 36.0753 14.4779 0
    endloop
  endfacet
  facet normal 0 0 1
    outer loop
      vertex 11 24.8041 0
      vertex 36.6 7.2 0
      vertex 36.0063 14.6446 0
    endloop
  endfacet
  facet normal 0 0 1
    outer loop
      vertex 11 24.8041 0
      vertex 36.0063 14.6446 0
      vertex 35.9642 14.8201 0
    endloop
  endfacet
  facet normal 0 0 1
    outer loop
      vertex 11 24.8041 0
      vertex 35.9642 14.8201 0
      vertex 35.95 15 0
    endloop
  endfacet
  facet normal 0 0 1
    outer loop
      vertex 30.1358 31.6281 0
      vertex 35.1913 32.6688 0
      vertex 33.8018 34.8159 0
    endloop
  endfacet
  facet normal 0 0 1
    outer loop
      vertex 36.4093 30.4406 0
      vertex 30.0247 30.9261 0
      vertex 29.9304 30.7722 0
    endloop
  endfacet
  facet normal 0 0 1
    outer loop
      vertex 30.1358 31.6281 0
      vertex 33.8018 34.8159 0
      vertex 32.2476 36.8719 0
    endloop
  endfacet
  facet normal 0 0 1
    outer loop
      vertex 29 32.5982 0
      vertex 32.2476 36.8719 0
      vertex 30.5361 38.8264 0
    endloop
  endfacet
  facet normal 0 0 1
    outer loop
      vertex 35.1913 32.6688 0
      vertex 30.15 31.4482 0
      vertex 30.1358 31.2683 0
    endloop
  endfacet
  facet normal 0 0 1
    outer loop
      vertex 35.1913 32.6688 0
      vertex 30.1358 31.2683 0
      vertex 30.0937 31.0928 0
    endloop
  endfacet
  facet normal 0 0 1
    outer loop
      vertex 36.4093 30.4406 0
      vertex 30.0937 31.0928 0
      vertex 30.0247 30.9261 0
    endloop
  endfacet
  facet normal 0 0 1
    outer loop
      vertex 36.4093 30.4406 0
      vertex 29.9304 30.7722 0
      vertex 29.8132 30.635 0
    endloop
  endfacet
  facet normal 0 0 1
    outer loop
      vertex 37.45 28.1423 0
      vertex 29.8132 30.635 0
      vertex 29.676 30.5178 0
    endloop
  endfacet
  facet normal 0 0 1
    outer loop
      vertex 37.45 28.1423 0
      vertex 29.676 30.5178 0
      vertex 29.5221 30.4235 0
    endloop
  endfacet
  facet normal 0 0 1
    outer loop
      vertex 28.8201 30.3123 0
      vertex 36.1696 15.676 0
      vertex 29 30.2982 0
    endloop
  endfacet
  facet normal 0 0 1
    outer loop
      vertex 36.1696 15.676 0
      vertex 28.8201 30.3123 0
      vertex 36.0753 15.5221 0
    endloop
  endfacet
  facet normal 0 0 1
    outer loop
      vertex 28.6446 30.3545 0
      vertex 36.0753 15.5221 0
      vertex 28.8201 30.3123 0
    endloop
  endfacet
  facet normal 0 0 1
    outer loop
      vertex 36.0753 15.5221 0
      vertex 28.6446 30.3545 0
      vertex 36.0063 15.3554 0
    endloop
  endfacet
  facet normal 0 0 1
    outer loop
      vertex 28.4779 30.4235 0
      vertex 36.0063 15.3554 0
      vertex 28.6446 30.3545 0
    endloop
  endfacet
  facet normal 0 0 1
    outer loop
      vertex 36.0063 15.3554 0
      vertex 28.4779 30.4235 0
      vertex 35.9642 15.1799 0
    endloop
  endfacet
  facet normal -0 0 1
    outer loop
      vertex 11 24.8041 0
      vertex 35.9642 15.1799 0
      vertex 28.4779 30.4235 0
    endloop
  endfacet
  facet normal 0 0 1
    outer loop
      vertex 35.9642 15.1799 0
      vertex 11 24.8041 0
      vertex 35.95 15 0
    endloop
  endfacet
  facet normal 0 0 1
    outer loop
      vertex 11 24.8041 0
      vertex 28.4779 30.4235 0
      vertex 28.324 30.5178 0
    endloop
  endfacet
  facet normal 0 0 1
    outer loop
      vertex 11 24.8041 0
      vertex 28.324 30.5178 0
      vertex 28.1868 30.635 0
    endloop
  endfacet
  facet normal 0 0 1
    outer loop
      vertex 11 24.8041 0
      vertex 28.1868 30.635 0
      vertex 28.0696 30.7722 0
    endloop
  endfacet
  facet normal 0 0 1
    outer loop
      vertex 11 24.8041 0
      vertex 28.0696 30.7722 0
      vertex 27.9753 30.9261 0
    endloop
  endfacet
  facet normal 0 0 1
    outer loop
      vertex 11 24.8041 0
      vertex 27.9753 30.9261 0
      vertex 27.9063 31.0928 0
    endloop
  endfacet
  facet normal 0 0 1
    outer loop
      vertex 27.9063 31.8036 0
      vertex 11 38.8041 0
      vertex 27.8642 31.6281 0
    endloop
  endfacet
  facet normal 0 0 1
    outer loop
      vertex 27.8642 31.6281 0
      vertex 11 38.8041 0
      vertex 27.85 31.4482 0
    endloop
  endfacet
  facet normal 0 0 1
    outer loop
      vertex 11 24.8041 0
      vertex 27.85 31.4482 0
      vertex 11 38.8041 0
    endloop
  endfacet
  facet normal 0 0 1
    outer loop
      vertex 11 38.8041 0
      vertex 24.5449 43.9884 0
      vertex 22.2946 45.4471 0
    endloop
  endfacet
  facet normal 0 0 1
    outer loop
      vertex 27.85 31.4482 0
      vertex 11 24.8041 0
      vertex 27.8642 31.2683 0
    endloop
  endfacet
  facet normal 0 0 1
    outer loop
      vertex 11 38.8041 0
      vertex 22.2946 45.4471 0
      vertex 19.9355 46.7623 0
    endloop
  endfacet
  facet normal 0 0 1
    outer loop
      vertex 11 38.8041 0
      vertex 19.9355 46.7623 0
      vertex 17.4789 47.9277 0
    endloop
  endfacet
  facet normal 0 0 1
    outer loop
      vertex 11 38.8041 0
      vertex 17.4789 47.9277 0
      vertex 14.9367 48.9376 0
    endloop
  endfacet
  facet normal 0 0 1
    outer loop
      vertex 11 38.8041 0
      vertex 14.9367 48.9376 0
      vertex 12.322 49.7867 0
    endloop
  endfacet
  facet normal 0 0 1
    outer loop
      vertex 27.8642 31.2683 0
      vertex 11 24.8041 0
      vertex 27.9063 31.0928 0
    endloop
  endfacet
  facet normal 0 0 1
    outer loop
      vertex 36.6 7.2 0
      vertex 11 24.8041 0
      vertex 36.6 5.45 0
    endloop
  endfacet
  facet normal -0 0 1
    outer loop
      vertex -11 24.8041 0
      vertex 36.6 5.45 0
      vertex 11 24.8041 0
    endloop
  endfacet
  facet normal -0 0 1
    outer loop
      vertex -17.4789 47.9277 0
      vertex -11 38.8041 0
      vertex -14.9367 48.9376 0
    endloop
  endfacet
  facet normal -0 0 1
    outer loop
      vertex -19.9355 46.7623 0
      vertex -11 38.8041 0
      vertex -17.4789 47.9277 0
    endloop
  endfacet
  facet normal -0 0 1
    outer loop
      vertex -22.2946 45.4471 0
      vertex -11 38.8041 0
      vertex -19.9355 46.7623 0
    endloop
  endfacet
  facet normal -0 0 1
    outer loop
      vertex -24.5449 43.9884 0
      vertex -11 38.8041 0
      vertex -22.2946 45.4471 0
    endloop
  endfacet
  facet normal 0 0 1
    outer loop
      vertex -27.8642 31.6281 0
      vertex -11 38.8041 0
      vertex -24.5449 43.9884 0
    endloop
  endfacet
  facet normal 0 0 1
    outer loop
      vertex -27.9753 31.9703 0
      vertex -24.5449 43.9884 0
      vertex -26.6756 42.3932 0
    endloop
  endfacet
  facet normal 0 0 1
    outer loop
      vertex -11 38.8041 0
      vertex -27.85 31.4482 0
      vertex -11 24.8041 0
    endloop
  endfacet
  facet normal -0 0 1
    outer loop
      vertex -27.8642 31.2683 0
      vertex -11 24.8041 0
      vertex -27.85 31.4482 0
    endloop
  endfacet
  facet normal -0 0 1
    outer loop
      vertex -27.9063 31.0928 0
      vertex -11 24.8041 0
      vertex -27.8642 31.2683 0
    endloop
  endfacet
  facet normal -0 0 1
    outer loop
      vertex -27.9753 30.9261 0
      vertex -11 24.8041 0
      vertex -27.9063 31.0928 0
    endloop
  endfacet
  facet normal -0 0 1
    outer loop
      vertex -28.0696 30.7722 0
      vertex -11 24.8041 0
      vertex -27.9753 30.9261 0
    endloop
  endfacet
  facet normal -0 0 1
    outer loop
      vertex -28.1868 30.635 0
      vertex -11 24.8041 0
      vertex -28.0696 30.7722 0
    endloop
  endfacet
  facet normal -0 0 1
    outer loop
      vertex -28.324 30.5178 0
      vertex -11 24.8041 0
      vertex -28.1868 30.635 0
    endloop
  endfacet
  facet normal -0 0 1
    outer loop
      vertex -28.4779 30.4235 0
      vertex -11 24.8041 0
      vertex -28.324 30.5178 0
    endloop
  endfacet
  facet normal 0 0 1
    outer loop
      vertex -35.9642 15.1799 0
      vertex -11 24.8041 0
      vertex -28.4779 30.4235 0
    endloop
  endfacet
  facet normal 0 0 1
    outer loop
      vertex -35.9642 15.1799 0
      vertex -28.4779 30.4235 0
      vertex -28.6446 30.3545 0
    endloop
  endfacet
  facet normal 0 0 1
    outer loop
      vertex -35.9642 15.1799 0
      vertex -28.6446 30.3545 0
      vertex -28.8201 30.3123 0
    endloop
  endfacet
  facet normal 0 0 1
    outer loop
      vertex -35.9642 15.1799 0
      vertex -28.8201 30.3123 0
      vertex -29 30.2982 0
    endloop
  endfacet
  facet normal 0 0 1
    outer loop
      vertex -35.9642 15.1799 0
      vertex -29 30.2982 0
      vertex -29.1799 30.3123 0
    endloop
  endfacet
  facet normal 0 0 1
    outer loop
      vertex -35.9642 15.1799 0
      vertex -29.1799 30.3123 0
      vertex -29.3554 30.3545 0
    endloop
  endfacet
  facet normal -0 0 1
    outer loop
      vertex -35.1913 32.6688 0
      vertex -30.0937 31.8036 0
      vertex -33.8018 34.8159 0
    endloop
  endfacet
  facet normal 0 0 1
    outer loop
      vertex -30.0937 31.8036 0
      vertex -35.1913 32.6688 0
      vertex -30.1358 31.6281 0
    endloop
  endfacet
  facet normal 0 0 1
    outer loop
      vertex -30.1358 31.6281 0
      vertex -35.1913 32.6688 0
      vertex -30.15 31.4482 0
    endloop
  endfacet
  facet normal 0 0 1
    outer loop
      vertex -30.15 31.4482 0
      vertex -35.1913 32.6688 0
      vertex -30.1358 31.2683 0
    endloop
  endfacet
  facet normal 0 0 1
    outer loop
      vertex -30.1358 31.2683 0
      vertex -35.1913 32.6688 0
      vertex -30.0937 31.0928 0
    endloop
  endfacet
  facet normal 0 0 1
    outer loop
      vertex -36.4093 30.4406 0
      vertex -30.0937 31.0928 0
      vertex -35.1913 32.6688 0
    endloop
  endfacet
  facet normal 0 0 1
    outer loop
      vertex -30.0937 31.0928 0
      vertex -36.4093 30.4406 0
      vertex -30.0247 30.9261 0
    endloop
  endfacet
  facet normal 0 0 1
    outer loop
      vertex -30.0247 30.9261 0
      vertex -36.4093 30.4406 0
      vertex -29.9304 30.7722 0
    endloop
  endfacet
  facet normal 0 0 1
    outer loop
      vertex -29.9304 30.7722 0
      vertex -36.4093 30.4406 0
      vertex -29.8132 30.635 0
    endloop
  endfacet
  facet normal 0 0 1
    outer loop
      vertex -37.45 28.1423 0
      vertex -29.8132 30.635 0
      vertex -36.4093 30.4406 0
    endloop
  endfacet
  facet normal 0 0 1
    outer loop
      vertex -35.9642 15.1799 0
      vertex -29.5221 30.4235 0
      vertex -29.676 30.5178 0
    endloop
  endfacet
  facet normal 0 0 1
    outer loop
      vertex -35.9642 15.1799 0
      vertex -29.3554 30.3545 0
      vertex -29.5221 30.4235 0
    endloop
  endfacet
  facet normal 0 0 1
    outer loop
      vertex -11 24.8041 0
      vertex -35.95 15 0
      vertex -35.9642 14.8201 0
    endloop
  endfacet
  facet normal 0 0 1
    outer loop
      vertex -36.0063 14.6446 0
      vertex -11 24.8041 0
      vertex -35.9642 14.8201 0
    endloop
  endfacet
  facet normal 0 0 1
    outer loop
      vertex -36.0753 14.4779 0
      vertex -11 24.8041 0
      vertex -36.0063 14.6446 0
    endloop
  endfacet
  facet normal 0 0 1
    outer loop
      vertex -11 24.8041 0
      vertex -36.0753 14.4779 0
      vertex -38.1 5.45 0
    endloop
  endfacet
  facet normal 0 0 1
    outer loop
      vertex -38.1 7.2 0
      vertex -36.0753 14.4779 0
      vertex -36.1696 14.324 0
    endloop
  endfacet
  facet normal 0 0 1
    outer loop
      vertex -38.1 7.2 0
      vertex -36.1696 14.324 0
      vertex -36.2868 14.1868 0
    endloop
  endfacet
  facet normal 0 0 1
    outer loop
      vertex -38.1 7.2 0
      vertex -36.2868 14.1868 0
      vertex -36.424 14.0696 0
    endloop
  endfacet
  facet normal 0 0 1
    outer loop
      vertex -38.1 7.2 0
      vertex -36.424 14.0696 0
      vertex -36.5779 13.9753 0
    endloop
  endfacet
  facet normal 0 0 1
    outer loop
      vertex -38.1 7.2 0
      vertex -36.5779 13.9753 0
      vertex -36.7446 13.9063 0
    endloop
  endfacet
  facet normal 0 0 1
    outer loop
      vertex -38.1 7.2 0
      vertex -36.7446 13.9063 0
      vertex -36.9201 13.8642 0
    endloop
  endfacet
  facet normal 0 0 1
    outer loop
      vertex -38.1 7.2 0
      vertex -36.9201 13.8642 0
      vertex -37.1 13.85 0
    endloop
  endfacet
  facet normal 0 0 1
    outer loop
      vertex -38.1 7.2 0
      vertex -37.1 13.85 0
      vertex -37.2799 13.8642 0
    endloop
  endfacet
  facet normal 0 0 1
    outer loop
      vertex -38.1 7.2 0
      vertex -37.9132 14.1868 0
      vertex -38.0304 14.324 0
    endloop
  endfacet
  facet normal 0 0 1
    outer loop
      vertex -38.1 7.2 0
      vertex -37.776 14.0696 0
      vertex -37.9132 14.1868 0
    endloop
  endfacet
  facet normal 0 0 1
    outer loop
      vertex -38.1 7.2 0
      vertex -37.6221 13.9753 0
      vertex -37.776 14.0696 0
    endloop
  endfacet
  facet normal 0 0 1
    outer loop
      vertex -38.1 7.2 0
      vertex -37.4554 13.9063 0
      vertex -37.6221 13.9753 0
    endloop
  endfacet
  facet normal 0 0 1
    outer loop
      vertex -38.1 7.2 0
      vertex -37.2799 13.8642 0
      vertex -37.4554 13.9063 0
    endloop
  endfacet
  facet normal 0 0 1
    outer loop
      vertex -36.0753 14.4779 0
      vertex -38.1 7.2 0
      vertex -38.1 5.45 0
    endloop
  endfacet
  facet normal 0 0 1
    outer loop
      vertex -11 24.8041 0
      vertex -38.1 5.45 0
      vertex 36.6 5.45 0
    endloop
  endfacet
  facet normal -0 0 1
    outer loop
      vertex -38.1 3.95 0
      vertex 36.6 2.25 0
      vertex 36.6 3.95 0
    endloop
  endfacet
  facet normal 0 0 1
    outer loop
      vertex 36.6 2.25 0
      vertex -38.1 3.95 0
      vertex -38.1 2.25 0
    endloop
  endfacet
  facet normal 0.980028 0.0383573 -0.195125
    outer loop
      vertex 39.7967 15.9944 -2.06788
      vertex 39.7529 18.4762 -1.8
      vertex 39.85 15.9953 -1.8
    endloop
  endfacet
  facet normal 0.893509 0.404593 -0.194797
    outer loop
      vertex 37.4007 28.1222 -2.06788
      vertex 36.4093 30.4406 -1.8
      vertex 37.45 28.1423 -1.8
    endloop
  endfacet
  facet normal 0.177707 0.0804719 -0.980788
    outer loop
      vertex 37.0496 27.979 -2.44672
      vertex 35.7824 30.128 -2.5
      vertex 36.0223 30.2476 -2.44672
    endloop
  endfacet
  facet normal 0.19374 0.0228206 -0.980787
    outer loop
      vertex 39.3217 18.4425 -2.44672
      vertex 38.7706 20.8313 -2.5
      vertex 39.0354 20.8731 -2.44672
    endloop
  endfacet
  facet normal -0.137298 0.138558 -0.980791
    outer loop
      vertex -28.2003 40.1555 -2.5
      vertex -30.0257 38.3467 -2.5
      vertex -28.3822 40.3524 -2.44672
    endloop
  endfacet
  facet normal 0.980007 0.0383681 -0.195227
    outer loop
      vertex 39.7967 15.9944 -2.06788
      vertex 39.6997 18.472 -2.06788
      vertex 39.7529 18.4762 -1.8
    endloop
  endfacet
  facet normal 0.194906 0.00762882 -0.980792
    outer loop
      vertex 39.15 15.9816 -2.5
      vertex 39.0545 18.4215 -2.5
      vertex 39.4179 15.987 -2.44672
    endloop
  endfacet
  facet normal -0.171178 0.0935685 -0.980787
    outer loop
      vertex -35.7824 30.128 -2.5
      vertex -36.0223 30.2476 -2.44672
      vertex -34.8198 32.4475 -2.44672
    endloop
  endfacet
  facet normal 0.831532 0 -0.555477
    outer loop
      vertex 39.7967 15.9944 -2.06788
      vertex 39.645 2.45503 -2.29497
      vertex 39.645 15.9915 -2.29497
    endloop
  endfacet
  facet normal 0.831532 0 -0.555477
    outer loop
      vertex 39.645 2.45503 -2.29497
      vertex 39.7967 15.9944 -2.06788
      vertex 39.7967 2.30328 -2.06788
    endloop
  endfacet
  facet normal 0.555129 0.0217485 -0.83148
    outer loop
      vertex 39.4179 15.987 -2.44672
      vertex 39.3217 18.4425 -2.44672
      vertex 39.5483 18.4602 -2.29497
    endloop
  endfacet
  facet normal -0.0483506 0.189003 -0.980785
    outer loop
      vertex -12.127 49.1141 -2.5
      vertex -12.2016 49.3715 -2.44672
      vertex -9.55286 50.0491 -2.44672
    endloop
  endfacet
  facet normal -0.0602569 0.185552 -0.980785
    outer loop
      vertex -12.127 49.1141 -2.5
      vertex -14.7901 48.5309 -2.44672
      vertex -12.2016 49.3715 -2.44672
    endloop
  endfacet
  facet normal -0.0346047 0.554487 -0.831473
    outer loop
      vertex -1.37828 51.0742 -2.44672
      vertex -4.12791 50.9026 -2.44672
      vertex -1.38556 51.3013 -2.29497
    endloop
  endfacet
  facet normal -0.187829 0.0524893 -0.980798
    outer loop
      vertex -37.6414 25.571 -2.5
      vertex -38.5597 23.2805 -2.44672
      vertex -37.8967 25.653 -2.44672
    endloop
  endfacet
  facet normal 0.0836126 0.176237 -0.98079
    outer loop
      vertex 19.6147 46.1397 -2.5
      vertex 17.3065 47.5313 -2.44672
      vertex 19.7374 46.378 -2.44672
    endloop
  endfacet
  facet normal -0.206058 0.805517 -0.555592
    outer loop
      vertex -9.60216 50.2709 -2.29497
      vertex -12.2647 49.5898 -2.29497
      vertex -9.63512 50.4191 -2.06788
    endloop
  endfacet
  facet normal -0.206099 0.805607 -0.555446
    outer loop
      vertex -12.2647 49.5898 -2.29497
      vertex -12.3072 49.7355 -2.06788
      vertex -9.63512 50.4191 -2.06788
    endloop
  endfacet
  facet normal 0 -0.980789 -0.195074
    outer loop
      vertex -39.7967 2.30328 -2.06788
      vertex 39.85 2.25 -1.8
      vertex -39.85 2.25 -1.8
    endloop
  endfacet
  facet normal 0 -0.980789 -0.195074
    outer loop
      vertex 39.85 2.25 -1.8
      vertex -39.7967 2.30328 -2.06788
      vertex 39.7967 2.30328 -2.06788
    endloop
  endfacet
  facet normal -0.555158 0.0217458 -0.831461
    outer loop
      vertex -39.4179 15.987 -2.44672
      vertex -39.645 15.9915 -2.29497
      vertex -39.5483 18.4602 -2.29497
    endloop
  endfacet
  facet normal -0.80081 0.223789 -0.555537
    outer loop
      vertex -38.7807 23.3333 -2.29497
      vertex -38.9284 23.3685 -2.06788
      vertex -38.2576 25.7689 -2.06788
    endloop
  endfacet
  facet normal -0.815719 0.161202 -0.555533
    outer loop
      vertex -38.7807 23.3333 -2.29497
      vertex -39.4099 20.932 -2.06788
      vertex -38.9284 23.3685 -2.06788
    endloop
  endfacet
  facet normal -0.815676 0.161184 -0.555601
    outer loop
      vertex -39.2599 20.9083 -2.29497
      vertex -39.4099 20.932 -2.06788
      vertex -38.7807 23.3333 -2.29497
    endloop
  endfacet
  facet normal -0.545141 0.107724 -0.831394
    outer loop
      vertex -38.5597 23.2805 -2.44672
      vertex -39.2599 20.9083 -2.29497
      vertex -38.7807 23.3333 -2.29497
    endloop
  endfacet
  facet normal -0.127335 0.147787 -0.980788
    outer loop
      vertex -26.237 41.8471 -2.5
      vertex -28.2003 40.1555 -2.5
      vertex -26.4047 42.0562 -2.44672
    endloop
  endfacet
  facet normal -0.177707 0.0804719 -0.980788
    outer loop
      vertex -35.7824 30.128 -2.5
      vertex -37.0496 27.979 -2.44672
      vertex -36.0223 30.2476 -2.44672
    endloop
  endfacet
  facet normal -0.54268 0.629871 -0.555663
    outer loop
      vertex -26.547 42.2333 -2.29497
      vertex -28.5365 40.5192 -2.29497
      vertex -26.6421 42.3517 -2.06788
    endloop
  endfacet
  facet normal -0.498298 0.665555 -0.55564
    outer loop
      vertex -24.4276 43.8201 -2.29497
      vertex -26.6421 42.3517 -2.06788
      vertex -24.5144 43.9447 -2.06788
    endloop
  endfacet
  facet normal -0.543941 0.839124 0
    outer loop
      vertex -22.2946 45.4471 -1.8
      vertex -24.5449 43.9884 0
      vertex -22.2946 45.4471 0
    endloop
  endfacet
  facet normal -0.543941 0.839124 0
    outer loop
      vertex -24.5449 43.9884 0
      vertex -22.2946 45.4471 -1.8
      vertex -24.5449 43.9884 -1.8
    endloop
  endfacet
  facet normal -0.587825 0.785132 -0.195009
    outer loop
      vertex -24.5144 43.9447 -2.06788
      vertex -26.6421 42.3517 -2.06788
      vertex -24.5449 43.9884 -1.8
    endloop
  endfacet
  facet normal -0.477602 0.856684 -0.19491
    outer loop
      vertex -19.9112 46.7149 -2.06788
      vertex -22.2946 45.4471 -1.8
      vertex -19.9355 46.7623 -1.8
    endloop
  endfacet
  facet normal -0.452238 0.697678 -0.555631
    outer loop
      vertex -22.1888 45.2713 -2.29497
      vertex -24.4276 43.8201 -2.29497
      vertex -22.2671 45.4014 -2.06788
    endloop
  endfacet
  facet normal -0.187868 0.0525049 -0.98079
    outer loop
      vertex -38.2989 23.2184 -2.5
      vertex -38.5597 23.2805 -2.44672
      vertex -37.6414 25.571 -2.5
    endloop
  endfacet
  facet normal 0.0483506 0.189003 -0.980785
    outer loop
      vertex 12.127 49.1141 -2.5
      vertex 9.55286 50.0491 -2.44672
      vertex 12.2016 49.3715 -2.44672
    endloop
  endfacet
  facet normal -0.146757 0.128512 -0.980789
    outer loop
      vertex -30.0257 38.3467 -2.5
      vertex -31.9122 36.599 -2.44672
      vertex -30.221 38.5303 -2.44672
    endloop
  endfacet
  facet normal -0.41799 0.366025 -0.831451
    outer loop
      vertex -30.221 38.5303 -2.44672
      vertex -31.9122 36.599 -2.44672
      vertex -30.3866 38.6859 -2.29497
    endloop
  endfacet
  facet normal -0.420396 0.886153 -0.194935
    outer loop
      vertex -19.9112 46.7149 -2.06788
      vertex -19.9355 46.7623 -1.8
      vertex -17.4576 47.8789 -2.06788
    endloop
  endfacet
  facet normal -0.302937 0.932813 -0.195162
    outer loop
      vertex -14.9187 48.8874 -2.06788
      vertex -14.9367 48.9376 -1.8
      vertex -12.3072 49.7355 -2.06788
    endloop
  endfacet
  facet normal -0.106122 0.163703 -0.980785
    outer loop
      vertex -24.1443 43.4138 -2.5
      vertex -24.2975 43.6337 -2.44672
      vertex -22.0717 45.0766 -2.44672
    endloop
  endfacet
  facet normal -0.302145 0.466086 -0.831548
    outer loop
      vertex -24.2975 43.6337 -2.44672
      vertex -24.4276 43.8201 -2.29497
      vertex -22.0717 45.0766 -2.44672
    endloop
  endfacet
  facet normal -0.205118 0.516357 -0.831446
    outer loop
      vertex -17.3065 47.5313 -2.44672
      vertex -17.397 47.7397 -2.29497
      vertex -14.8673 48.7446 -2.29497
    endloop
  endfacet
  facet normal 0.177725 0.0804825 -0.980784
    outer loop
      vertex 36.8014 27.8778 -2.5
      vertex 35.7824 30.128 -2.5
      vertex 37.0496 27.979 -2.44672
    endloop
  endfacet
  facet normal -0.78241 0.591476 -0.194909
    outer loop
      vertex -33.7582 34.7853 -2.06788
      vertex -33.8018 34.8159 -1.8
      vertex -32.2062 36.8383 -2.06788
    endloop
  endfacet
  facet normal -0.839534 0.543306 0
    outer loop
      vertex -35.1913 32.6688 -1.8
      vertex -33.8018 34.8159 0
      vertex -33.8018 34.8159 -1.8
    endloop
  endfacet
  facet normal -0.839534 0.543306 0
    outer loop
      vertex -33.8018 34.8159 0
      vertex -35.1913 32.6688 -1.8
      vertex -35.1913 32.6688 0
    endloop
  endfacet
  facet normal -0.823436 0.532888 -0.194894
    outer loop
      vertex -33.7582 34.7853 -2.06788
      vertex -35.1913 32.6688 -1.8
      vertex -33.8018 34.8159 -1.8
    endloop
  endfacet
  facet normal -0.729529 0.398804 -0.555647
    outer loop
      vertex -36.2257 30.349 -2.29497
      vertex -36.3616 30.4168 -2.06788
      vertex -35.1455 32.6414 -2.06788
    endloop
  endfacet
  facet normal -0.487624 0.266567 -0.831363
    outer loop
      vertex -34.8198 32.4475 -2.44672
      vertex -36.2257 30.349 -2.29497
      vertex -35.015 32.5637 -2.29497
    endloop
  endfacet
  facet normal 0.187868 0.0525049 -0.98079
    outer loop
      vertex 38.2989 23.2184 -2.5
      vertex 37.6414 25.571 -2.5
      vertex 38.5597 23.2805 -2.44672
    endloop
  endfacet
  facet normal 0.487491 0.26647 -0.831472
    outer loop
      vertex 36.0223 30.2476 -2.44672
      vertex 34.8198 32.4475 -2.44672
      vertex 36.2257 30.349 -2.29497
    endloop
  endfacet
  facet normal -0.521962 0.190092 -0.831517
    outer loop
      vertex -37.0496 27.979 -2.44672
      vertex -37.8967 25.653 -2.44672
      vertex -37.2601 28.0648 -2.29497
    endloop
  endfacet
  facet normal -0.522174 0.190139 -0.831373
    outer loop
      vertex -37.8967 25.653 -2.44672
      vertex -38.113 25.7225 -2.29497
      vertex -37.2601 28.0648 -2.29497
    endloop
  endfacet
  facet normal 0.154929 0.816863 -0.555637
    outer loop
      vertex 9.60216 50.2709 -2.29497
      vertex 6.89262 50.7848 -2.29497
      vertex 6.91618 50.9348 -2.06788
    endloop
  endfacet
  facet normal 0.302932 0.932842 -0.195031
    outer loop
      vertex 14.9367 48.9376 -1.8
      vertex 12.3072 49.7355 -2.06788
      vertex 12.322 49.7867 -1.8
    endloop
  endfacet
  facet normal 0.0719974 0.181244 -0.980799
    outer loop
      vertex 17.1992 47.2856 -2.5
      vertex 14.6992 48.2787 -2.5
      vertex 17.3065 47.5313 -2.44672
    endloop
  endfacet
  facet normal 0.306977 0.772815 -0.555448
    outer loop
      vertex 17.4576 47.8789 -2.06788
      vertex 14.8673 48.7446 -2.29497
      vertex 14.9187 48.8874 -2.06788
    endloop
  endfacet
  facet normal 0.243111 0.950187 -0.195041
    outer loop
      vertex 12.3072 49.7355 -2.06788
      vertex 9.64667 50.4712 -1.8
      vertex 12.322 49.7867 -1.8
    endloop
  endfacet
  facet normal 0.737842 0.646127 -0.195217
    outer loop
      vertex 32.2062 36.8383 -2.06788
      vertex 30.4971 38.79 -2.06788
      vertex 30.5361 38.8264 -1.8
    endloop
  endfacet
  facet normal 0.163779 0.105988 -0.980787
    outer loop
      vertex 34.8198 32.4475 -2.44672
      vertex 33.228 34.4142 -2.5
      vertex 33.4476 34.5679 -2.44672
    endloop
  endfacet
  facet normal 0.391075 0.394659 -0.831447
    outer loop
      vertex 30.3866 38.6859 -2.29497
      vertex 28.3822 40.3524 -2.44672
      vertex 28.5365 40.5192 -2.29497
    endloop
  endfacet
  facet normal 0.0949915 0.170378 -0.98079
    outer loop
      vertex 21.9333 44.847 -2.5
      vertex 19.6147 46.1397 -2.5
      vertex 19.7374 46.378 -2.44672
    endloop
  endfacet
  facet normal -0.194968 0.00763834 -0.98078
    outer loop
      vertex -39.0545 18.4215 -2.5
      vertex -39.4179 15.987 -2.44672
      vertex -39.3217 18.4425 -2.44672
    endloop
  endfacet
  facet normal 0.625559 0.547801 -0.555508
    outer loop
      vertex 32.2062 36.8383 -2.06788
      vertex 30.3866 38.6859 -2.29497
      vertex 30.4971 38.79 -2.06788
    endloop
  endfacet
  facet normal 0.127321 0.147774 -0.980791
    outer loop
      vertex 28.2003 40.1555 -2.5
      vertex 26.4047 42.0562 -2.44672
      vertex 28.3822 40.3524 -2.44672
    endloop
  endfacet
  facet normal 0.452229 0.697668 -0.555651
    outer loop
      vertex 24.4276 43.8201 -2.29497
      vertex 22.2671 45.4014 -2.06788
      vertex 24.5144 43.9447 -2.06788
    endloop
  endfacet
  facet normal 0.302225 0.466249 -0.831428
    outer loop
      vertex 24.4276 43.8201 -2.29497
      vertex 22.0717 45.0766 -2.44672
      vertex 22.1888 45.2713 -2.29497
    endloop
  endfacet
  facet normal 0.238164 0.501996 -0.831431
    outer loop
      vertex 19.7374 46.378 -2.44672
      vertex 17.3065 47.5313 -2.44672
      vertex 17.397 47.7397 -2.29497
    endloop
  endfacet
  facet normal 0.356393 0.751262 -0.555508
    outer loop
      vertex 19.8416 46.58 -2.29497
      vertex 17.397 47.7397 -2.29497
      vertex 19.9112 46.7149 -2.06788
    endloop
  endfacet
  facet normal 0.362114 0.911541 -0.194849
    outer loop
      vertex 17.4576 47.8789 -2.06788
      vertex 14.9367 48.9376 -1.8
      vertex 17.4789 47.9277 -1.8
    endloop
  endfacet
  facet normal 0.420395 0.88617 -0.194862
    outer loop
      vertex 19.9355 46.7623 -1.8
      vertex 17.4576 47.8789 -2.06788
      vertex 17.4789 47.9277 -1.8
    endloop
  endfacet
  facet normal 0.652739 0.757583 -0
    outer loop
      vertex 28.6757 40.6699 -1.8
      vertex 26.6756 42.3932 0
      vertex 28.6757 40.6699 0
    endloop
  endfacet
  facet normal 0.652739 0.757583 0
    outer loop
      vertex 26.6756 42.3932 0
      vertex 28.6757 40.6699 -1.8
      vertex 26.6756 42.3932 -1.8
    endloop
  endfacet
  facet normal 0.640207 0.743039 -0.195007
    outer loop
      vertex 28.6396 40.6307 -2.06788
      vertex 26.6756 42.3932 -1.8
      vertex 28.6757 40.6699 -1.8
    endloop
  endfacet
  facet normal 0.506035 0.229158 -0.831514
    outer loop
      vertex 37.0496 27.979 -2.44672
      vertex 36.2257 30.349 -2.29497
      vertex 37.2601 28.0648 -2.29497
    endloop
  endfacet
  facet normal 0.877462 0.479647 0
    outer loop
      vertex 36.4093 30.4406 0
      vertex 35.1913 32.6688 -1.8
      vertex 35.1913 32.6688 0
    endloop
  endfacet
  facet normal 0.877462 0.479647 0
    outer loop
      vertex 35.1913 32.6688 -1.8
      vertex 36.4093 30.4406 0
      vertex 36.4093 30.4406 -1.8
    endloop
  endfacet
  facet normal 0.757392 0.342985 -0.555624
    outer loop
      vertex 37.2601 28.0648 -2.29497
      vertex 36.2257 30.349 -2.29497
      vertex 37.4007 28.1222 -2.06788
    endloop
  endfacet
  facet normal 0.41799 0.366025 -0.831451
    outer loop
      vertex 31.9122 36.599 -2.44672
      vertex 30.221 38.5303 -2.44672
      vertex 30.3866 38.6859 -2.29497
    endloop
  endfacet
  facet normal 0.555587 0 -0.831458
    outer loop
      vertex 39.4179 2.68213 -2.44672
      vertex 39.645 15.9915 -2.29497
      vertex 39.645 2.45503 -2.29497
    endloop
  endfacet
  facet normal 0.555587 0 -0.831458
    outer loop
      vertex 39.645 15.9915 -2.29497
      vertex 39.4179 2.68213 -2.44672
      vertex 39.4179 15.987 -2.44672
    endloop
  endfacet
  facet normal -0.555587 -0 -0.831458
    outer loop
      vertex -39.645 15.9915 -2.29497
      vertex -39.4179 2.68213 -2.44672
      vertex -39.645 2.45503 -2.29497
    endloop
  endfacet
  facet normal -0.555587 0 -0.831458
    outer loop
      vertex -39.4179 2.68213 -2.44672
      vertex -39.645 15.9915 -2.29497
      vertex -39.4179 15.987 -2.44672
    endloop
  endfacet
  facet normal -0.831532 0 -0.555477
    outer loop
      vertex -39.645 2.45503 -2.29497
      vertex -39.7967 15.9944 -2.06788
      vertex -39.645 15.9915 -2.29497
    endloop
  endfacet
  facet normal -0.831532 -0 -0.555477
    outer loop
      vertex -39.7967 15.9944 -2.06788
      vertex -39.645 2.45503 -2.29497
      vertex -39.7967 2.30328 -2.06788
    endloop
  endfacet
  facet normal -0.193775 0.0228287 -0.98078
    outer loop
      vertex -39.0545 18.4215 -2.5
      vertex -39.3217 18.4425 -2.44672
      vertex -38.7706 20.8313 -2.5
    endloop
  endfacet
  facet normal 0.0835815 0.176186 -0.980802
    outer loop
      vertex 19.6147 46.1397 -2.5
      vertex 17.1992 47.2856 -2.5
      vertex 17.3065 47.5313 -2.44672
    endloop
  endfacet
  facet normal -0.533466 0.822997 -0.195167
    outer loop
      vertex -22.2671 45.4014 -2.06788
      vertex -24.5144 43.9447 -2.06788
      vertex -22.2946 45.4471 -1.8
    endloop
  endfacet
  facet normal -0.533498 0.823015 -0.195003
    outer loop
      vertex -24.5144 43.9447 -2.06788
      vertex -24.5449 43.9884 -1.8
      vertex -22.2946 45.4471 -1.8
    endloop
  endfacet
  facet normal -0.270482 0.485159 -0.831541
    outer loop
      vertex -19.7374 46.378 -2.44672
      vertex -22.0717 45.0766 -2.44672
      vertex -19.8416 46.58 -2.29497
    endloop
  endfacet
  facet normal -0.238082 0.501866 -0.831533
    outer loop
      vertex -19.7374 46.378 -2.44672
      vertex -19.8416 46.58 -2.29497
      vertex -17.397 47.7397 -2.29497
    endloop
  endfacet
  facet normal -0.420395 0.88617 -0.194862
    outer loop
      vertex -17.4576 47.8789 -2.06788
      vertex -19.9355 46.7623 -1.8
      vertex -17.4789 47.9277 -1.8
    endloop
  endfacet
  facet normal -0.256844 0.790882 -0.555461
    outer loop
      vertex -14.8673 48.7446 -2.29497
      vertex -14.9187 48.8874 -2.06788
      vertex -12.3072 49.7355 -2.06788
    endloop
  endfacet
  facet normal -0.270576 0.485289 -0.831435
    outer loop
      vertex -22.0717 45.0766 -2.44672
      vertex -22.1888 45.2713 -2.29497
      vertex -19.8416 46.58 -2.29497
    endloop
  endfacet
  facet normal -0.404888 0.72618 -0.555633
    outer loop
      vertex -22.1888 45.2713 -2.29497
      vertex -22.2671 45.4014 -2.06788
      vertex -19.8416 46.58 -2.29497
    endloop
  endfacet
  facet normal -0.466397 0.301792 -0.831502
    outer loop
      vertex -33.4476 34.5679 -2.44672
      vertex -35.015 32.5637 -2.29497
      vertex -33.6337 34.6984 -2.29497
    endloop
  endfacet
  facet normal -0.466565 0.301934 -0.831356
    outer loop
      vertex -34.8198 32.4475 -2.44672
      vertex -35.015 32.5637 -2.29497
      vertex -33.4476 34.5679 -2.44672
    endloop
  endfacet
  facet normal -0.781259 0.284479 -0.555613
    outer loop
      vertex -37.2601 28.0648 -2.29497
      vertex -38.113 25.7225 -2.29497
      vertex -37.4007 28.1222 -2.06788
    endloop
  endfacet
  facet normal -0.757392 0.342985 -0.555624
    outer loop
      vertex -37.2601 28.0648 -2.29497
      vertex -37.4007 28.1222 -2.06788
      vertex -36.2257 30.349 -2.29497
    endloop
  endfacet
  facet normal -0.893454 0.404597 -0.19504
    outer loop
      vertex -36.3616 30.4168 -2.06788
      vertex -37.4007 28.1222 -2.06788
      vertex -36.4093 30.4406 -1.8
    endloop
  endfacet
  facet normal -0.86061 0.470435 -0.195041
    outer loop
      vertex -36.3616 30.4168 -2.06788
      vertex -36.4093 30.4406 -1.8
      vertex -35.1913 32.6688 -1.8
    endloop
  endfacet
  facet normal 0.0363504 0.191653 -0.980789
    outer loop
      vertex 9.55286 50.0491 -2.44672
      vertex 6.81564 50.2956 -2.5
      vertex 6.85709 50.5604 -2.44672
    endloop
  endfacet
  facet normal 0.103532 0.545872 -0.831447
    outer loop
      vertex 9.60216 50.2709 -2.29497
      vertex 6.85709 50.5604 -2.44672
      vertex 6.89262 50.7848 -2.29497
    endloop
  endfacet
  facet normal 0.206058 0.805517 -0.555592
    outer loop
      vertex 12.2647 49.5898 -2.29497
      vertex 9.60216 50.2709 -2.29497
      vertex 9.63512 50.4191 -2.06788
    endloop
  endfacet
  facet normal 0.302937 0.932813 -0.195162
    outer loop
      vertex 14.9187 48.8874 -2.06788
      vertex 12.3072 49.7355 -2.06788
      vertex 14.9367 48.9376 -1.8
    endloop
  endfacet
  facet normal 0.187829 0.0524893 -0.980798
    outer loop
      vertex 38.5597 23.2805 -2.44672
      vertex 37.6414 25.571 -2.5
      vertex 37.8967 25.653 -2.44672
    endloop
  endfacet
  facet normal 0.106122 0.163703 -0.980785
    outer loop
      vertex 24.1443 43.4138 -2.5
      vertex 22.0717 45.0766 -2.44672
      vertex 24.2975 43.6337 -2.44672
    endloop
  endfacet
  facet normal 0.256844 0.790882 -0.555461
    outer loop
      vertex 14.8673 48.7446 -2.29497
      vertex 12.3072 49.7355 -2.06788
      vertex 14.9187 48.8874 -2.06788
    endloop
  endfacet
  facet normal 0.256836 0.790868 -0.555485
    outer loop
      vertex 14.8673 48.7446 -2.29497
      vertex 12.2647 49.5898 -2.29497
      vertex 12.3072 49.7355 -2.06788
    endloop
  endfacet
  facet normal 0.302145 0.466086 -0.831548
    outer loop
      vertex 24.2975 43.6337 -2.44672
      vertex 22.0717 45.0766 -2.44672
      vertex 24.4276 43.8201 -2.29497
    endloop
  endfacet
  facet normal 0.690351 0.696652 -0.195169
    outer loop
      vertex 30.4971 38.79 -2.06788
      vertex 28.6396 40.6307 -2.06788
      vertex 30.5361 38.8264 -1.8
    endloop
  endfacet
  facet normal 0.116904 0.156153 -0.98079
    outer loop
      vertex 26.237 41.8471 -2.5
      vertex 24.1443 43.4138 -2.5
      vertex 26.4047 42.0562 -2.44672
    endloop
  endfacet
  facet normal 0.443266 0.335085 -0.831404
    outer loop
      vertex 33.4476 34.5679 -2.44672
      vertex 31.9122 36.599 -2.44672
      vertex 32.0885 36.7423 -2.29497
    endloop
  endfacet
  facet normal 0.391077 0.394662 -0.831445
    outer loop
      vertex 30.221 38.5303 -2.44672
      vertex 28.3822 40.3524 -2.44672
      vertex 30.3866 38.6859 -2.29497
    endloop
  endfacet
  facet normal 0.703873 0.710326 -0
    outer loop
      vertex 30.5361 38.8264 -1.8
      vertex 28.6757 40.6699 0
      vertex 30.5361 38.8264 0
    endloop
  endfacet
  facet normal 0.703873 0.710326 0
    outer loop
      vertex 28.6757 40.6699 0
      vertex 30.5361 38.8264 -1.8
      vertex 28.6757 40.6699 -1.8
    endloop
  endfacet
  facet normal 0.640174 0.743026 -0.195167
    outer loop
      vertex 28.6396 40.6307 -2.06788
      vertex 26.6421 42.3517 -2.06788
      vertex 26.6756 42.3932 -1.8
    endloop
  endfacet
  facet normal 0.587799 0.78512 -0.195139
    outer loop
      vertex 26.6421 42.3517 -2.06788
      vertex 24.5449 43.9884 -1.8
      vertex 26.6756 42.3932 -1.8
    endloop
  endfacet
  facet normal 0.238082 0.501866 -0.831533
    outer loop
      vertex 19.7374 46.378 -2.44672
      vertex 17.397 47.7397 -2.29497
      vertex 19.8416 46.58 -2.29497
    endloop
  endfacet
  facet normal 0.452238 0.697678 -0.555631
    outer loop
      vertex 24.4276 43.8201 -2.29497
      vertex 22.1888 45.2713 -2.29497
      vertex 22.2671 45.4014 -2.06788
    endloop
  endfacet
  facet normal 0.54268 0.629871 -0.555663
    outer loop
      vertex 28.5365 40.5192 -2.29497
      vertex 26.547 42.2333 -2.29497
      vertex 26.6421 42.3517 -2.06788
    endloop
  endfacet
  facet normal 0.418065 0.366076 -0.831391
    outer loop
      vertex 31.9122 36.599 -2.44672
      vertex 30.3866 38.6859 -2.29497
      vertex 32.0885 36.7423 -2.29497
    endloop
  endfacet
  facet normal 0.839534 0.543306 0
    outer loop
      vertex 35.1913 32.6688 0
      vertex 33.8018 34.8159 -1.8
      vertex 33.8018 34.8159 0
    endloop
  endfacet
  facet normal 0.839534 0.543306 0
    outer loop
      vertex 33.8018 34.8159 -1.8
      vertex 35.1913 32.6688 0
      vertex 35.1913 32.6688 -1.8
    endloop
  endfacet
  facet normal 0.974032 0.114752 -0.195177
    outer loop
      vertex 39.7529 18.4762 -1.8
      vertex 39.4099 20.932 -2.06788
      vertex 39.4626 20.9403 -1.8
    endloop
  endfacet
  facet normal 0.191374 0.0378152 -0.980789
    outer loop
      vertex 38.7706 20.8313 -2.5
      vertex 38.5597 23.2805 -2.44672
      vertex 39.0354 20.8731 -2.44672
    endloop
  endfacet
  facet normal 0.830818 0.0325272 -0.555593
    outer loop
      vertex 39.7967 15.9944 -2.06788
      vertex 39.5483 18.4602 -2.29497
      vertex 39.6997 18.472 -2.06788
    endloop
  endfacet
  facet normal 0.521962 0.190092 -0.831517
    outer loop
      vertex 37.8967 25.653 -2.44672
      vertex 37.0496 27.979 -2.44672
      vertex 37.2601 28.0648 -2.29497
    endloop
  endfacet
  facet normal 0.815719 0.161202 -0.555533
    outer loop
      vertex 39.4099 20.932 -2.06788
      vertex 38.7807 23.3333 -2.29497
      vertex 38.9284 23.3685 -2.06788
    endloop
  endfacet
  facet normal -0.191366 0.0378146 -0.98079
    outer loop
      vertex -38.2989 23.2184 -2.5
      vertex -38.7706 20.8313 -2.5
      vertex -38.5597 23.2805 -2.44672
    endloop
  endfacet
  facet normal 0.506088 0.229174 -0.831477
    outer loop
      vertex 37.0496 27.979 -2.44672
      vertex 36.0223 30.2476 -2.44672
      vertex 36.2257 30.349 -2.29497
    endloop
  endfacet
  facet normal 0 0 -1
    outer loop
      vertex -27.8615 29.8774 -2.5
      vertex -31.9775 10.4695 -2.5
      vertex -28.1192 29.7195 -2.5
    endloop
  endfacet
  facet normal 0 0 -1
    outer loop
      vertex -28.4005 29.603 -2.5
      vertex -31.5308 27.6089 -2.5
      vertex -31.5 28 -2.5
    endloop
  endfacet
  facet normal 0 0 -1
    outer loop
      vertex -31.9775 26.5305 -2.5
      vertex -28.1192 29.7195 -2.5
      vertex -31.9775 10.4695 -2.5
    endloop
  endfacet
  facet normal 0 0 -1
    outer loop
      vertex -28.4005 29.603 -2.5
      vertex -31.6224 27.2275 -2.5
      vertex -31.5308 27.6089 -2.5
    endloop
  endfacet
  facet normal 0 0 -1
    outer loop
      vertex -28.1192 29.7195 -2.5
      vertex -31.9775 26.5305 -2.5
      vertex -28.3984 29.6039 -2.5
    endloop
  endfacet
  facet normal 0 0 -1
    outer loop
      vertex -28.4005 29.603 -2.5
      vertex -31.7725 26.865 -2.5
      vertex -31.6224 27.2275 -2.5
    endloop
  endfacet
  facet normal 0 0 -1
    outer loop
      vertex -28.3984 29.6039 -2.5
      vertex -31.9775 26.5305 -2.5
      vertex -28.4005 29.603 -2.5
    endloop
  endfacet
  facet normal 0 0 -1
    outer loop
      vertex -28.4005 29.603 -2.5
      vertex -31.9775 26.5305 -2.5
      vertex -31.7725 26.865 -2.5
    endloop
  endfacet
  facet normal 0 0 -1
    outer loop
      vertex -32.2322 10.7678 -2.5
      vertex -31.9775 26.5305 -2.5
      vertex -31.9775 10.4695 -2.5
    endloop
  endfacet
  facet normal 0 0 -1
    outer loop
      vertex -32.2322 10.7678 -2.5
      vertex -32.2322 26.2322 -2.5
      vertex -31.9775 26.5305 -2.5
    endloop
  endfacet
  facet normal 0 0 -1
    outer loop
      vertex -35.2548 15.5995 -2.5
      vertex -32.2322 10.7678 -2.5
      vertex -32.5305 11.0225 -2.5
    endloop
  endfacet
  facet normal 0 0 -1
    outer loop
      vertex -32.2322 10.7678 -2.5
      vertex -35.2548 15.5995 -2.5
      vertex -32.2322 26.2322 -2.5
    endloop
  endfacet
  facet normal 0 0 -1
    outer loop
      vertex -35.1838 15.3035 -2.5
      vertex -32.5305 11.0225 -2.5
      vertex -32.865 11.2275 -2.5
    endloop
  endfacet
  facet normal 0 0 -1
    outer loop
      vertex -32.2322 26.2322 -2.5
      vertex -35.2548 15.5995 -2.5
      vertex -32.5305 25.9775 -2.5
    endloop
  endfacet
  facet normal 0 0 -1
    outer loop
      vertex -35.1838 14.6965 -2.5
      vertex -32.865 11.2275 -2.5
      vertex -33.2275 11.3776 -2.5
    endloop
  endfacet
  facet normal 0 0 -1
    outer loop
      vertex -35.2557 15.6016 -2.5
      vertex -32.5305 25.9775 -2.5
      vertex -35.2548 15.5995 -2.5
    endloop
  endfacet
  facet normal 0 0 -1
    outer loop
      vertex -35.2543 14.4026 -2.5
      vertex -33.2275 11.3776 -2.5
      vertex -33.6089 11.4692 -2.5
    endloop
  endfacet
  facet normal 0 0 -1
    outer loop
      vertex -32.5305 11.0225 -2.5
      vertex -35.1838 15.3035 -2.5
      vertex -35.2543 15.5974 -2.5
    endloop
  endfacet
  facet normal 0 0 -1
    outer loop
      vertex -35.3713 14.1192 -2.5
      vertex -33.6089 11.4692 -2.5
      vertex -34 11.5 -2.5
    endloop
  endfacet
  facet normal 0 0 -1
    outer loop
      vertex -32.5305 11.0225 -2.5
      vertex -35.2543 15.5974 -2.5
      vertex -35.2548 15.5995 -2.5
    endloop
  endfacet
  facet normal 0 0 -1
    outer loop
      vertex -35.5304 13.8596 -2.5
      vertex -34 11.5 -2.5
      vertex -34.3911 11.4692 -2.5
    endloop
  endfacet
  facet normal 0 0 -1
    outer loop
      vertex -35.3713 15.8808 -2.5
      vertex -32.5305 25.9775 -2.5
      vertex -35.2557 15.6016 -2.5
    endloop
  endfacet
  facet normal 0 0 -1
    outer loop
      vertex -35.7281 13.6281 -2.5
      vertex -34.3911 11.4692 -2.5
      vertex -34.7725 11.3776 -2.5
    endloop
  endfacet
  facet normal 0 0 -1
    outer loop
      vertex -32.865 11.2275 -2.5
      vertex -35.1599 15 -2.5
      vertex -35.16 15.0022 -2.5
    endloop
  endfacet
  facet normal 0 0 -1
    outer loop
      vertex -35.9596 13.4304 -2.5
      vertex -34.7725 11.3776 -2.5
      vertex -35.135 11.2275 -2.5
    endloop
  endfacet
  facet normal 0 0 -1
    outer loop
      vertex -32.865 11.2275 -2.5
      vertex -35.16 15.0022 -2.5
      vertex -35.1838 15.3035 -2.5
    endloop
  endfacet
  facet normal 0 0 -1
    outer loop
      vertex -32.5305 25.9775 -2.5
      vertex -35.3713 15.8808 -2.5
      vertex -32.865 25.7725 -2.5
    endloop
  endfacet
  facet normal 0 0 -1
    outer loop
      vertex -32.865 11.2275 -2.5
      vertex -35.16 14.9978 -2.5
      vertex -35.1599 15 -2.5
    endloop
  endfacet
  facet normal 0 0 -1
    outer loop
      vertex -32.865 11.2275 -2.5
      vertex -35.1838 14.6965 -2.5
      vertex -35.16 14.9978 -2.5
    endloop
  endfacet
  facet normal 0 0 -1
    outer loop
      vertex -33.2275 11.3776 -2.5
      vertex -35.2543 14.4026 -2.5
      vertex -35.1838 14.6965 -2.5
    endloop
  endfacet
  facet normal 0 0 -1
    outer loop
      vertex -33.6089 11.4692 -2.5
      vertex -35.2548 14.4005 -2.5
      vertex -35.2543 14.4026 -2.5
    endloop
  endfacet
  facet normal 0 0 -1
    outer loop
      vertex -33.6089 11.4692 -2.5
      vertex -35.2557 14.3984 -2.5
      vertex -35.2548 14.4005 -2.5
    endloop
  endfacet
  facet normal 0 0 -1
    outer loop
      vertex -33.6089 11.4692 -2.5
      vertex -35.3713 14.1192 -2.5
      vertex -35.2557 14.3984 -2.5
    endloop
  endfacet
  facet normal 0 0 -1
    outer loop
      vertex -36.2192 13.2713 -2.5
      vertex -35.135 11.2275 -2.5
      vertex -35.4695 11.0225 -2.5
    endloop
  endfacet
  facet normal 0 0 -1
    outer loop
      vertex -34 11.5 -2.5
      vertex -35.5292 13.8615 -2.5
      vertex -35.3713 14.1192 -2.5
    endloop
  endfacet
  facet normal 0 0 -1
    outer loop
      vertex -34 11.5 -2.5
      vertex -35.5304 13.8596 -2.5
      vertex -35.5292 13.8615 -2.5
    endloop
  endfacet
  facet normal 0 0 -1
    outer loop
      vertex -34.3911 11.4692 -2.5
      vertex -35.7267 13.6298 -2.5
      vertex -35.5304 13.8596 -2.5
    endloop
  endfacet
  facet normal 0 0 -1
    outer loop
      vertex -34.3911 11.4692 -2.5
      vertex -35.7281 13.6281 -2.5
      vertex -35.7267 13.6298 -2.5
    endloop
  endfacet
  facet normal 0 0 -1
    outer loop
      vertex -34.7725 11.3776 -2.5
      vertex -35.7298 13.6267 -2.5
      vertex -35.7281 13.6281 -2.5
    endloop
  endfacet
  facet normal 0 0 -1
    outer loop
      vertex -36.7943 13.0843 -2.5
      vertex -35.4695 11.0225 -2.5
      vertex -35.7678 10.7678 -2.5
    endloop
  endfacet
  facet normal 0 0 -1
    outer loop
      vertex -34.7725 11.3776 -2.5
      vertex -35.9596 13.4304 -2.5
      vertex -35.7298 13.6267 -2.5
    endloop
  endfacet
  facet normal 0 0 -1
    outer loop
      vertex -37.1 13.0599 -2.5
      vertex -35.7678 10.7678 -2.5
      vertex -36.0225 10.4695 -2.5
    endloop
  endfacet
  facet normal 0 0 -1
    outer loop
      vertex -35.135 11.2275 -2.5
      vertex -36.2173 13.2725 -2.5
      vertex -35.9596 13.4304 -2.5
    endloop
  endfacet
  facet normal 0 0 -1
    outer loop
      vertex -35.135 11.2275 -2.5
      vertex -36.2192 13.2713 -2.5
      vertex -36.2173 13.2725 -2.5
    endloop
  endfacet
  facet normal 0 0 -1
    outer loop
      vertex -37.4035 13.0838 -2.5
      vertex -36.0225 10.4695 -2.5
      vertex -36.2275 10.135 -2.5
    endloop
  endfacet
  facet normal 0 0 -1
    outer loop
      vertex -37.6995 13.1548 -2.5
      vertex -36.2275 10.135 -2.5
      vertex -36.3776 9.77254 -2.5
    endloop
  endfacet
  facet normal 0 0 -1
    outer loop
      vertex -37.9808 13.2713 -2.5
      vertex -36.3776 9.77254 -2.5
      vertex -36.4692 9.39109 -2.5
    endloop
  endfacet
  facet normal 0 0 -1
    outer loop
      vertex -35.4695 11.0225 -2.5
      vertex -36.4984 13.1557 -2.5
      vertex -36.2192 13.2713 -2.5
    endloop
  endfacet
  facet normal 0 0 -1
    outer loop
      vertex -38.2404 13.4304 -2.5
      vertex -36.4692 9.39109 -2.5
      vertex -36.5 9 -2.5
    endloop
  endfacet
  facet normal 0 0 -1
    outer loop
      vertex -35.4695 11.0225 -2.5
      vertex -36.5005 13.1548 -2.5
      vertex -36.4984 13.1557 -2.5
    endloop
  endfacet
  facet normal 0 0 -1
    outer loop
      vertex -27.0843 31.7539 -2.5
      vertex -21.9333 44.847 -2.5
      vertex -27.0838 31.7517 -2.5
    endloop
  endfacet
  facet normal 0 0 -1
    outer loop
      vertex -27.1548 32.0477 -2.5
      vertex -21.9333 44.847 -2.5
      vertex -27.0843 31.7539 -2.5
    endloop
  endfacet
  facet normal 0 0 -1
    outer loop
      vertex -21.9333 44.847 -2.5
      vertex -27.1548 32.0477 -2.5
      vertex -24.1443 43.4138 -2.5
    endloop
  endfacet
  facet normal 0 0 -1
    outer loop
      vertex -27.1557 32.0498 -2.5
      vertex -24.1443 43.4138 -2.5
      vertex -27.1548 32.0477 -2.5
    endloop
  endfacet
  facet normal 0 0 -1
    outer loop
      vertex -27.2713 32.329 -2.5
      vertex -24.1443 43.4138 -2.5
      vertex -27.1557 32.0498 -2.5
    endloop
  endfacet
  facet normal 0 0 -1
    outer loop
      vertex -24.1443 43.4138 -2.5
      vertex -27.2713 32.329 -2.5
      vertex -26.237 41.8471 -2.5
    endloop
  endfacet
  facet normal 0 0 -1
    outer loop
      vertex -27.2725 32.3309 -2.5
      vertex -26.237 41.8471 -2.5
      vertex -27.2713 32.329 -2.5
    endloop
  endfacet
  facet normal 0 0 -1
    outer loop
      vertex -27.4304 32.5886 -2.5
      vertex -26.237 41.8471 -2.5
      vertex -27.2725 32.3309 -2.5
    endloop
  endfacet
  facet normal 0 0 -1
    outer loop
      vertex -27.6267 32.8184 -2.5
      vertex -26.237 41.8471 -2.5
      vertex -27.4304 32.5886 -2.5
    endloop
  endfacet
  facet normal 0 0 -1
    outer loop
      vertex -27.6281 32.8201 -2.5
      vertex -26.237 41.8471 -2.5
      vertex -27.6267 32.8184 -2.5
    endloop
  endfacet
  facet normal 0 0 -1
    outer loop
      vertex -28.2003 40.1555 -2.5
      vertex -27.6281 32.8201 -2.5
      vertex -27.8579 33.0163 -2.5
    endloop
  endfacet
  facet normal 0 0 -1
    outer loop
      vertex -28.2003 40.1555 -2.5
      vertex -27.8579 33.0163 -2.5
      vertex -27.8596 33.0178 -2.5
    endloop
  endfacet
  facet normal 0 0 -1
    outer loop
      vertex -28.2003 40.1555 -2.5
      vertex -27.8596 33.0178 -2.5
      vertex -27.8615 33.0189 -2.5
    endloop
  endfacet
  facet normal 0 0 -1
    outer loop
      vertex -28.2003 40.1555 -2.5
      vertex -27.8615 33.0189 -2.5
      vertex -28.1192 33.1768 -2.5
    endloop
  endfacet
  facet normal 0 0 -1
    outer loop
      vertex -27.6281 32.8201 -2.5
      vertex -28.2003 40.1555 -2.5
      vertex -26.237 41.8471 -2.5
    endloop
  endfacet
  facet normal 0 0 -1
    outer loop
      vertex -30.0257 38.3467 -2.5
      vertex -28.1192 33.1768 -2.5
      vertex -28.3984 33.2925 -2.5
    endloop
  endfacet
  facet normal 0 0 -1
    outer loop
      vertex -30.0257 38.3467 -2.5
      vertex -28.3984 33.2925 -2.5
      vertex -28.4005 33.2934 -2.5
    endloop
  endfacet
  facet normal 0 0 -1
    outer loop
      vertex -30.0257 38.3467 -2.5
      vertex -28.4005 33.2934 -2.5
      vertex -28.4026 33.2939 -2.5
    endloop
  endfacet
  facet normal 0 0 -1
    outer loop
      vertex -30.0257 38.3467 -2.5
      vertex -28.4026 33.2939 -2.5
      vertex -28.6965 33.3644 -2.5
    endloop
  endfacet
  facet normal 0 0 -1
    outer loop
      vertex -30.0257 38.3467 -2.5
      vertex -28.6965 33.3644 -2.5
      vertex -28.9978 33.3881 -2.5
    endloop
  endfacet
  facet normal 0 0 -1
    outer loop
      vertex -30.0257 38.3467 -2.5
      vertex -28.9978 33.3881 -2.5
      vertex -29 33.3883 -2.5
    endloop
  endfacet
  facet normal 0 0 -1
    outer loop
      vertex -30.0257 38.3467 -2.5
      vertex -29 33.3883 -2.5
      vertex -29.0022 33.3881 -2.5
    endloop
  endfacet
  facet normal 0 0 -1
    outer loop
      vertex -31.7043 36.4297 -2.5
      vertex -29.0022 33.3881 -2.5
      vertex -29.3035 33.3644 -2.5
    endloop
  endfacet
  facet normal 0 0 -1
    outer loop
      vertex -31.7043 36.4297 -2.5
      vertex -29.3035 33.3644 -2.5
      vertex -29.5974 33.2939 -2.5
    endloop
  endfacet
  facet normal 0 0 -1
    outer loop
      vertex -31.7043 36.4297 -2.5
      vertex -29.5974 33.2939 -2.5
      vertex -29.5995 33.2934 -2.5
    endloop
  endfacet
  facet normal 0 0 -1
    outer loop
      vertex -31.7043 36.4297 -2.5
      vertex -29.5995 33.2934 -2.5
      vertex -29.6016 33.2925 -2.5
    endloop
  endfacet
  facet normal 0 0 -1
    outer loop
      vertex -31.7043 36.4297 -2.5
      vertex -29.6016 33.2925 -2.5
      vertex -29.8808 33.1768 -2.5
    endloop
  endfacet
  facet normal 0 0 -1
    outer loop
      vertex -28.1192 33.1768 -2.5
      vertex -30.0257 38.3467 -2.5
      vertex -28.2003 40.1555 -2.5
    endloop
  endfacet
  facet normal 0 0 -1
    outer loop
      vertex -31.7043 36.4297 -2.5
      vertex -29.8808 33.1768 -2.5
      vertex -30.1385 33.0189 -2.5
    endloop
  endfacet
  facet normal 0 0 -1
    outer loop
      vertex -31.7043 36.4297 -2.5
      vertex -30.1385 33.0189 -2.5
      vertex -30.1404 33.0178 -2.5
    endloop
  endfacet
  facet normal 0 0 -1
    outer loop
      vertex -33.228 34.4142 -2.5
      vertex -30.1404 33.0178 -2.5
      vertex -30.1421 33.0163 -2.5
    endloop
  endfacet
  facet normal 0 0 -1
    outer loop
      vertex -33.228 34.4142 -2.5
      vertex -30.1421 33.0163 -2.5
      vertex -30.3719 32.8201 -2.5
    endloop
  endfacet
  facet normal 0 0 -1
    outer loop
      vertex -33.228 34.4142 -2.5
      vertex -30.3719 32.8201 -2.5
      vertex -30.3733 32.8184 -2.5
    endloop
  endfacet
  facet normal 0 0 -1
    outer loop
      vertex -33.228 34.4142 -2.5
      vertex -30.3733 32.8184 -2.5
      vertex -30.5696 32.5886 -2.5
    endloop
  endfacet
  facet normal 0 0 -1
    outer loop
      vertex -33.228 34.4142 -2.5
      vertex -30.5696 32.5886 -2.5
      vertex -30.7275 32.3309 -2.5
    endloop
  endfacet
  facet normal 0 0 -1
    outer loop
      vertex -33.228 34.4142 -2.5
      vertex -30.7275 32.3309 -2.5
      vertex -30.7287 32.329 -2.5
    endloop
  endfacet
  facet normal 0 0 -1
    outer loop
      vertex -33.228 34.4142 -2.5
      vertex -30.7287 32.329 -2.5
      vertex -30.8443 32.0498 -2.5
    endloop
  endfacet
  facet normal 0 0 -1
    outer loop
      vertex -33.228 34.4142 -2.5
      vertex -30.8443 32.0498 -2.5
      vertex -30.8452 32.0477 -2.5
    endloop
  endfacet
  facet normal 0 0 -1
    outer loop
      vertex -34.5896 32.3101 -2.5
      vertex -30.8452 32.0477 -2.5
      vertex -30.9157 31.7539 -2.5
    endloop
  endfacet
  facet normal 0 0 -1
    outer loop
      vertex -34.5896 32.3101 -2.5
      vertex -30.9157 31.7539 -2.5
      vertex -30.9162 31.7517 -2.5
    endloop
  endfacet
  facet normal 0 0 -1
    outer loop
      vertex -32.865 30.2275 -2.5
      vertex -30.9399 31.4504 -2.5
      vertex -30.9401 31.4482 -2.5
    endloop
  endfacet
  facet normal -0 0 -1
    outer loop
      vertex -30.7287 30.5674 -2.5
      vertex -32.2322 29.7678 -2.5
      vertex -30.8443 30.8466 -2.5
    endloop
  endfacet
  facet normal -0 0 -1
    outer loop
      vertex -30.8443 30.8466 -2.5
      vertex -32.2322 29.7678 -2.5
      vertex -30.8452 30.8487 -2.5
    endloop
  endfacet
  facet normal 0 0 -1
    outer loop
      vertex -32.5305 30.0225 -2.5
      vertex -30.8452 30.8487 -2.5
      vertex -32.2322 29.7678 -2.5
    endloop
  endfacet
  facet normal -0 0 -1
    outer loop
      vertex -30.8452 30.8487 -2.5
      vertex -32.5305 30.0225 -2.5
      vertex -30.8457 30.8508 -2.5
    endloop
  endfacet
  facet normal -0 0 -1
    outer loop
      vertex -30.8457 30.8508 -2.5
      vertex -32.5305 30.0225 -2.5
      vertex -30.9162 31.1447 -2.5
    endloop
  endfacet
  facet normal 0 0 -1
    outer loop
      vertex -32.865 30.2275 -2.5
      vertex -30.9162 31.1447 -2.5
      vertex -32.5305 30.0225 -2.5
    endloop
  endfacet
  facet normal 0 0 -1
    outer loop
      vertex -29.0022 33.3881 -2.5
      vertex -31.7043 36.4297 -2.5
      vertex -30.0257 38.3467 -2.5
    endloop
  endfacet
  facet normal -0 0 -1
    outer loop
      vertex -30.9162 31.1447 -2.5
      vertex -32.865 30.2275 -2.5
      vertex -30.9399 31.446 -2.5
    endloop
  endfacet
  facet normal -0 0 -1
    outer loop
      vertex -30.9399 31.446 -2.5
      vertex -32.865 30.2275 -2.5
      vertex -30.9401 31.4482 -2.5
    endloop
  endfacet
  facet normal -0 0 -1
    outer loop
      vertex -30.9399 31.4504 -2.5
      vertex -32.865 30.2275 -2.5
      vertex -30.9162 31.7517 -2.5
    endloop
  endfacet
  facet normal 0 0 -1
    outer loop
      vertex -33.2275 30.3776 -2.5
      vertex -30.9162 31.7517 -2.5
      vertex -32.865 30.2275 -2.5
    endloop
  endfacet
  facet normal 0 0 -1
    outer loop
      vertex -34.5896 32.3101 -2.5
      vertex -30.9162 31.7517 -2.5
      vertex -33.2275 30.3776 -2.5
    endloop
  endfacet
  facet normal 0 0 -1
    outer loop
      vertex -30.1404 33.0178 -2.5
      vertex -33.228 34.4142 -2.5
      vertex -31.7043 36.4297 -2.5
    endloop
  endfacet
  facet normal 0 0 -1
    outer loop
      vertex -34.5896 32.3101 -2.5
      vertex -33.2275 30.3776 -2.5
      vertex -33.6089 30.4692 -2.5
    endloop
  endfacet
  facet normal 0 0 -1
    outer loop
      vertex -34.5896 32.3101 -2.5
      vertex -33.6089 30.4692 -2.5
      vertex -34 30.5 -2.5
    endloop
  endfacet
  facet normal 0 0 -1
    outer loop
      vertex -34.5896 32.3101 -2.5
      vertex -34 30.5 -2.5
      vertex -34.3911 30.4692 -2.5
    endloop
  endfacet
  facet normal 0 0 -1
    outer loop
      vertex -30.8452 32.0477 -2.5
      vertex -34.5896 32.3101 -2.5
      vertex -33.228 34.4142 -2.5
    endloop
  endfacet
  facet normal 0 0 -1
    outer loop
      vertex -34.7725 30.3776 -2.5
      vertex -34.5896 32.3101 -2.5
      vertex -34.3911 30.4692 -2.5
    endloop
  endfacet
  facet normal 0 0 -1
    outer loop
      vertex -35.135 30.2275 -2.5
      vertex -34.5896 32.3101 -2.5
      vertex -34.7725 30.3776 -2.5
    endloop
  endfacet
  facet normal 0 0 -1
    outer loop
      vertex -35.7824 30.128 -2.5
      vertex -35.135 30.2275 -2.5
      vertex -35.4695 30.0225 -2.5
    endloop
  endfacet
  facet normal 0 0 -1
    outer loop
      vertex -35.7824 30.128 -2.5
      vertex -35.4695 30.0225 -2.5
      vertex -35.7678 29.7678 -2.5
    endloop
  endfacet
  facet normal -0 0 -1
    outer loop
      vertex -35.135 30.2275 -2.5
      vertex -35.7824 30.128 -2.5
      vertex -34.5896 32.3101 -2.5
    endloop
  endfacet
  facet normal 0 0 -1
    outer loop
      vertex -36.0225 29.4695 -2.5
      vertex -35.7824 30.128 -2.5
      vertex -35.7678 29.7678 -2.5
    endloop
  endfacet
  facet normal 0 0 -1
    outer loop
      vertex -36.2275 29.135 -2.5
      vertex -35.7824 30.128 -2.5
      vertex -36.0225 29.4695 -2.5
    endloop
  endfacet
  facet normal 0 -0 -1
    outer loop
      vertex -36.8014 27.8778 -2.5
      vertex -36.3776 27.2275 -2.5
      vertex -37.6414 25.571 -2.5
    endloop
  endfacet
  facet normal 0 0 -1
    outer loop
      vertex -38.7706 20.8313 -2.5
      vertex -36.7943 16.9157 -2.5
      vertex -36.7965 16.9162 -2.5
    endloop
  endfacet
  facet normal -0 0 -1
    outer loop
      vertex -36.2275 29.135 -2.5
      vertex -36.8014 27.8778 -2.5
      vertex -35.7824 30.128 -2.5
    endloop
  endfacet
  facet normal -0 0 -1
    outer loop
      vertex -36.3776 28.7725 -2.5
      vertex -36.8014 27.8778 -2.5
      vertex -36.2275 29.135 -2.5
    endloop
  endfacet
  facet normal -0 0 -1
    outer loop
      vertex -36.4692 28.3911 -2.5
      vertex -36.8014 27.8778 -2.5
      vertex -36.3776 28.7725 -2.5
    endloop
  endfacet
  facet normal -0 0 -1
    outer loop
      vertex -36.5 28 -2.5
      vertex -36.8014 27.8778 -2.5
      vertex -36.4692 28.3911 -2.5
    endloop
  endfacet
  facet normal 0 0 -1
    outer loop
      vertex -36.3776 27.2275 -2.5
      vertex -36.8014 27.8778 -2.5
      vertex -36.4692 27.6089 -2.5
    endloop
  endfacet
  facet normal 0 0 -1
    outer loop
      vertex -38.7706 20.8313 -2.5
      vertex -36.7965 16.9162 -2.5
      vertex -37.0978 16.9399 -2.5
    endloop
  endfacet
  facet normal 0 0 -1
    outer loop
      vertex -39.0545 18.4215 -2.5
      vertex -37.0978 16.9399 -2.5
      vertex -37.1 16.9401 -2.5
    endloop
  endfacet
  facet normal 0 0 -1
    outer loop
      vertex -39.0545 18.4215 -2.5
      vertex -37.1 16.9401 -2.5
      vertex -37.1022 16.9399 -2.5
    endloop
  endfacet
  facet normal 0 0 -1
    outer loop
      vertex -39.0545 18.4215 -2.5
      vertex -37.1022 16.9399 -2.5
      vertex -37.4035 16.9162 -2.5
    endloop
  endfacet
  facet normal 0 0 -1
    outer loop
      vertex -36.4692 27.6089 -2.5
      vertex -36.8014 27.8778 -2.5
      vertex -36.5 28 -2.5
    endloop
  endfacet
  facet normal 0 0 -1
    outer loop
      vertex -39.0545 18.4215 -2.5
      vertex -37.4035 16.9162 -2.5
      vertex -37.6974 16.8457 -2.5
    endloop
  endfacet
  facet normal 0 0 -1
    outer loop
      vertex -39.0545 18.4215 -2.5
      vertex -37.6974 16.8457 -2.5
      vertex -37.6995 16.8452 -2.5
    endloop
  endfacet
  facet normal 0 0 -1
    outer loop
      vertex -39.0545 18.4215 -2.5
      vertex -37.6995 16.8452 -2.5
      vertex -37.7016 16.8443 -2.5
    endloop
  endfacet
  facet normal 0 0 -1
    outer loop
      vertex -39.0545 18.4215 -2.5
      vertex -37.7016 16.8443 -2.5
      vertex -37.9808 16.7287 -2.5
    endloop
  endfacet
  facet normal 0 0 -1
    outer loop
      vertex -39.0545 18.4215 -2.5
      vertex -37.9808 16.7287 -2.5
      vertex -37.9827 16.7275 -2.5
    endloop
  endfacet
  facet normal 0 0 -1
    outer loop
      vertex -39.0545 18.4215 -2.5
      vertex -37.9827 16.7275 -2.5
      vertex -38.2404 16.5696 -2.5
    endloop
  endfacet
  facet normal 0 0 -1
    outer loop
      vertex -34.7725 25.6224 -2.5
      vertex -38.2989 23.2184 -2.5
      vertex -37.6414 25.571 -2.5
    endloop
  endfacet
  facet normal 0 0 -1
    outer loop
      vertex -39.0545 18.4215 -2.5
      vertex -38.2404 16.5696 -2.5
      vertex -38.4702 16.3733 -2.5
    endloop
  endfacet
  facet normal 0 0 -1
    outer loop
      vertex -39.0545 18.4215 -2.5
      vertex -38.4702 16.3733 -2.5
      vertex -38.4719 16.3719 -2.5
    endloop
  endfacet
  facet normal 0 0 -1
    outer loop
      vertex -39.15 15.9816 -2.5
      vertex -38.4719 16.3719 -2.5
      vertex -38.6681 16.1421 -2.5
    endloop
  endfacet
  facet normal 0 0 -1
    outer loop
      vertex -39.15 15.9816 -2.5
      vertex -38.6681 16.1421 -2.5
      vertex -38.6696 16.1404 -2.5
    endloop
  endfacet
  facet normal 0 0 -1
    outer loop
      vertex -39.15 15.9816 -2.5
      vertex -38.6696 16.1404 -2.5
      vertex -38.6708 16.1385 -2.5
    endloop
  endfacet
  facet normal -0 0 -1
    outer loop
      vertex -34.3911 25.5308 -2.5
      vertex -38.2989 23.2184 -2.5
      vertex -34.7725 25.6224 -2.5
    endloop
  endfacet
  facet normal 0 0 -1
    outer loop
      vertex -39.15 15.9816 -2.5
      vertex -38.6708 16.1385 -2.5
      vertex -38.8287 15.8808 -2.5
    endloop
  endfacet
  facet normal 0 0 -1
    outer loop
      vertex -39.15 15.9816 -2.5
      vertex -38.8287 15.8808 -2.5
      vertex -38.9443 15.6016 -2.5
    endloop
  endfacet
  facet normal 0 0 -1
    outer loop
      vertex -39.15 15.9816 -2.5
      vertex -38.9443 15.6016 -2.5
      vertex -38.9452 15.5995 -2.5
    endloop
  endfacet
  facet normal 0 0 -1
    outer loop
      vertex -39.15 15.9816 -2.5
      vertex -38.9452 15.5995 -2.5
      vertex -38.9457 15.5974 -2.5
    endloop
  endfacet
  facet normal 0 0 -1
    outer loop
      vertex -39.15 15.9816 -2.5
      vertex -38.9457 15.5974 -2.5
      vertex -39.0162 15.3035 -2.5
    endloop
  endfacet
  facet normal 0 0 -1
    outer loop
      vertex -39.15 15.9816 -2.5
      vertex -39.0162 15.3035 -2.5
      vertex -39.0164 15.3013 -2.5
    endloop
  endfacet
  facet normal 0 0 -1
    outer loop
      vertex -39.15 15.9816 -2.5
      vertex -39.0164 15.3013 -2.5
      vertex -39.0401 15 -2.5
    endloop
  endfacet
  facet normal 0 0 -1
    outer loop
      vertex -37.0978 16.9399 -2.5
      vertex -39.0545 18.4215 -2.5
      vertex -38.7706 20.8313 -2.5
    endloop
  endfacet
  facet normal 0 0 -1
    outer loop
      vertex -35.5292 16.1385 -2.5
      vertex -32.865 25.7725 -2.5
      vertex -35.3713 15.8808 -2.5
    endloop
  endfacet
  facet normal 0 0 -1
    outer loop
      vertex -35.5304 16.1404 -2.5
      vertex -32.865 25.7725 -2.5
      vertex -35.5292 16.1385 -2.5
    endloop
  endfacet
  facet normal 0 0 -1
    outer loop
      vertex -32.865 25.7725 -2.5
      vertex -35.5304 16.1404 -2.5
      vertex -33.2275 25.6224 -2.5
    endloop
  endfacet
  facet normal 0 0 -1
    outer loop
      vertex -35.7267 16.3702 -2.5
      vertex -33.2275 25.6224 -2.5
      vertex -35.5304 16.1404 -2.5
    endloop
  endfacet
  facet normal 0 0 -1
    outer loop
      vertex -35.7281 16.3719 -2.5
      vertex -33.2275 25.6224 -2.5
      vertex -35.7267 16.3702 -2.5
    endloop
  endfacet
  facet normal 0 0 -1
    outer loop
      vertex -33.2275 25.6224 -2.5
      vertex -35.7281 16.3719 -2.5
      vertex -33.6089 25.5308 -2.5
    endloop
  endfacet
  facet normal 0 0 -1
    outer loop
      vertex -35.7298 16.3733 -2.5
      vertex -33.6089 25.5308 -2.5
      vertex -35.7281 16.3719 -2.5
    endloop
  endfacet
  facet normal 0 0 -1
    outer loop
      vertex -35.9596 16.5696 -2.5
      vertex -33.6089 25.5308 -2.5
      vertex -35.7298 16.3733 -2.5
    endloop
  endfacet
  facet normal 0 0 -1
    outer loop
      vertex -33.6089 25.5308 -2.5
      vertex -35.9596 16.5696 -2.5
      vertex -34 25.5 -2.5
    endloop
  endfacet
  facet normal 0 0 -1
    outer loop
      vertex -36.2173 16.7275 -2.5
      vertex -34 25.5 -2.5
      vertex -35.9596 16.5696 -2.5
    endloop
  endfacet
  facet normal 0 0 -1
    outer loop
      vertex -36.2192 16.7287 -2.5
      vertex -34 25.5 -2.5
      vertex -36.2173 16.7275 -2.5
    endloop
  endfacet
  facet normal 0 0 -1
    outer loop
      vertex -38.7706 20.8313 -2.5
      vertex -34 25.5 -2.5
      vertex -36.2192 16.7287 -2.5
    endloop
  endfacet
  facet normal 0 -0 -1
    outer loop
      vertex -38.2989 23.2184 -2.5
      vertex -34 25.5 -2.5
      vertex -38.7706 20.8313 -2.5
    endloop
  endfacet
  facet normal 0 0 -1
    outer loop
      vertex -38.7706 20.8313 -2.5
      vertex -36.2192 16.7287 -2.5
      vertex -36.4984 16.8443 -2.5
    endloop
  endfacet
  facet normal 0 0 -1
    outer loop
      vertex -38.7706 20.8313 -2.5
      vertex -36.4984 16.8443 -2.5
      vertex -36.5005 16.8452 -2.5
    endloop
  endfacet
  facet normal 0 0 -1
    outer loop
      vertex -38.7706 20.8313 -2.5
      vertex -36.5005 16.8452 -2.5
      vertex -36.7943 16.9157 -2.5
    endloop
  endfacet
  facet normal -0 0 -1
    outer loop
      vertex -34 25.5 -2.5
      vertex -38.2989 23.2184 -2.5
      vertex -34.3911 25.5308 -2.5
    endloop
  endfacet
  facet normal -0 0 -1
    outer loop
      vertex -34.7725 25.6224 -2.5
      vertex -37.6414 25.571 -2.5
      vertex -35.135 25.7725 -2.5
    endloop
  endfacet
  facet normal -0 0 -1
    outer loop
      vertex -35.135 25.7725 -2.5
      vertex -37.6414 25.571 -2.5
      vertex -35.4695 25.9775 -2.5
    endloop
  endfacet
  facet normal -0 0 -1
    outer loop
      vertex -35.4695 25.9775 -2.5
      vertex -37.6414 25.571 -2.5
      vertex -35.7678 26.2322 -2.5
    endloop
  endfacet
  facet normal -0 0 -1
    outer loop
      vertex -35.7678 26.2322 -2.5
      vertex -37.6414 25.571 -2.5
      vertex -36.0225 26.5305 -2.5
    endloop
  endfacet
  facet normal -0 0 -1
    outer loop
      vertex -36.0225 26.5305 -2.5
      vertex -37.6414 25.571 -2.5
      vertex -36.2275 26.865 -2.5
    endloop
  endfacet
  facet normal -0 0 -1
    outer loop
      vertex -36.2275 26.865 -2.5
      vertex -37.6414 25.571 -2.5
      vertex -36.3776 27.2275 -2.5
    endloop
  endfacet
  facet normal 0 -0 -1
    outer loop
      vertex 35.135 25.7725 -2.5
      vertex 38.2989 23.2184 -2.5
      vertex 34.7725 25.6224 -2.5
    endloop
  endfacet
  facet normal 0 0 -1
    outer loop
      vertex 37.6414 25.571 -2.5
      vertex 36.4692 27.6089 -2.5
      vertex 36.5 28 -2.5
    endloop
  endfacet
  facet normal 0 0 -1
    outer loop
      vertex 37.6414 25.571 -2.5
      vertex 36.3776 27.2275 -2.5
      vertex 36.4692 27.6089 -2.5
    endloop
  endfacet
  facet normal 0 0 -1
    outer loop
      vertex 37.6414 25.571 -2.5
      vertex 36.2275 26.865 -2.5
      vertex 36.3776 27.2275 -2.5
    endloop
  endfacet
  facet normal 0 0 -1
    outer loop
      vertex 34.3911 25.5308 -2.5
      vertex 36.4984 16.8443 -2.5
      vertex 36.2192 16.7287 -2.5
    endloop
  endfacet
  facet normal 0 0 -1
    outer loop
      vertex 34 25.5 -2.5
      vertex 36.2192 16.7287 -2.5
      vertex 36.2173 16.7275 -2.5
    endloop
  endfacet
  facet normal 0 0 -1
    outer loop
      vertex 37.6414 25.571 -2.5
      vertex 36.0225 26.5305 -2.5
      vertex 36.2275 26.865 -2.5
    endloop
  endfacet
  facet normal 0 0 -1
    outer loop
      vertex 34 25.5 -2.5
      vertex 36.2173 16.7275 -2.5
      vertex 35.9596 16.5696 -2.5
    endloop
  endfacet
  facet normal 0 0 -1
    outer loop
      vertex 37.6414 25.571 -2.5
      vertex 35.7678 26.2322 -2.5
      vertex 36.0225 26.5305 -2.5
    endloop
  endfacet
  facet normal 0 0 -1
    outer loop
      vertex 33.6089 25.5308 -2.5
      vertex 35.9596 16.5696 -2.5
      vertex 35.7298 16.3733 -2.5
    endloop
  endfacet
  facet normal 0 0 -1
    outer loop
      vertex 33.6089 25.5308 -2.5
      vertex 35.7298 16.3733 -2.5
      vertex 35.7281 16.3719 -2.5
    endloop
  endfacet
  facet normal 0 0 -1
    outer loop
      vertex 33.2275 25.6224 -2.5
      vertex 35.7281 16.3719 -2.5
      vertex 35.7267 16.3702 -2.5
    endloop
  endfacet
  facet normal 0 0 -1
    outer loop
      vertex 33.2275 25.6224 -2.5
      vertex 35.7267 16.3702 -2.5
      vertex 35.5304 16.1404 -2.5
    endloop
  endfacet
  facet normal 0 0 -1
    outer loop
      vertex 32.865 25.7725 -2.5
      vertex 35.5304 16.1404 -2.5
      vertex 35.5292 16.1385 -2.5
    endloop
  endfacet
  facet normal 0 0 -1
    outer loop
      vertex 37.6414 25.571 -2.5
      vertex 35.4695 25.9775 -2.5
      vertex 35.7678 26.2322 -2.5
    endloop
  endfacet
  facet normal 0 0 -1
    outer loop
      vertex 32.865 25.7725 -2.5
      vertex 35.5292 16.1385 -2.5
      vertex 35.3713 15.8808 -2.5
    endloop
  endfacet
  facet normal 0 0 -1
    outer loop
      vertex 32.5305 25.9775 -2.5
      vertex 35.3713 15.8808 -2.5
      vertex 35.2557 15.6016 -2.5
    endloop
  endfacet
  facet normal 0 0 -1
    outer loop
      vertex 32.5305 25.9775 -2.5
      vertex 35.2557 15.6016 -2.5
      vertex 35.2548 15.5995 -2.5
    endloop
  endfacet
  facet normal 0 0 -1
    outer loop
      vertex 32.2322 10.7678 -2.5
      vertex 35.2548 15.5995 -2.5
      vertex 35.2543 15.5974 -2.5
    endloop
  endfacet
  facet normal 0 0 -1
    outer loop
      vertex 32.5305 11.0225 -2.5
      vertex 35.2543 15.5974 -2.5
      vertex 35.1838 15.3035 -2.5
    endloop
  endfacet
  facet normal 0 0 -1
    outer loop
      vertex 32.5305 11.0225 -2.5
      vertex 35.1838 15.3035 -2.5
      vertex 35.16 15.0022 -2.5
    endloop
  endfacet
  facet normal 0 0 -1
    outer loop
      vertex 32.865 11.2275 -2.5
      vertex 35.16 15.0022 -2.5
      vertex 35.1599 15 -2.5
    endloop
  endfacet
  facet normal 0 0 -1
    outer loop
      vertex 37.6414 25.571 -2.5
      vertex 35.135 25.7725 -2.5
      vertex 35.4695 25.9775 -2.5
    endloop
  endfacet
  facet normal -0 0 -1
    outer loop
      vertex 35.2548 14.4005 -2.5
      vertex 33.6089 11.4692 -2.5
      vertex 35.2543 14.4026 -2.5
    endloop
  endfacet
  facet normal 0 0 -1
    outer loop
      vertex 33.2275 11.3776 -2.5
      vertex 35.2543 14.4026 -2.5
      vertex 33.6089 11.4692 -2.5
    endloop
  endfacet
  facet normal 0 0 -1
    outer loop
      vertex 38.2989 23.2184 -2.5
      vertex 35.135 25.7725 -2.5
      vertex 37.6414 25.571 -2.5
    endloop
  endfacet
  facet normal -0 0 -1
    outer loop
      vertex 35.2543 14.4026 -2.5
      vertex 33.2275 11.3776 -2.5
      vertex 35.1838 14.6965 -2.5
    endloop
  endfacet
  facet normal 0 0 -1
    outer loop
      vertex 36.4984 16.8443 -2.5
      vertex 34.3911 25.5308 -2.5
      vertex 34.7725 25.6224 -2.5
    endloop
  endfacet
  facet normal 0 0 -1
    outer loop
      vertex 32.865 11.2275 -2.5
      vertex 35.1838 14.6965 -2.5
      vertex 33.2275 11.3776 -2.5
    endloop
  endfacet
  facet normal 0 0 -1
    outer loop
      vertex 36.2192 16.7287 -2.5
      vertex 34 25.5 -2.5
      vertex 34.3911 25.5308 -2.5
    endloop
  endfacet
  facet normal -0 0 -1
    outer loop
      vertex 35.1838 14.6965 -2.5
      vertex 32.865 11.2275 -2.5
      vertex 35.16 14.9978 -2.5
    endloop
  endfacet
  facet normal 0 0 -1
    outer loop
      vertex 35.9596 16.5696 -2.5
      vertex 33.6089 25.5308 -2.5
      vertex 34 25.5 -2.5
    endloop
  endfacet
  facet normal -0 0 -1
    outer loop
      vertex 35.16 14.9978 -2.5
      vertex 32.865 11.2275 -2.5
      vertex 35.1599 15 -2.5
    endloop
  endfacet
  facet normal 0 0 -1
    outer loop
      vertex 35.7281 16.3719 -2.5
      vertex 33.2275 25.6224 -2.5
      vertex 33.6089 25.5308 -2.5
    endloop
  endfacet
  facet normal 0 0 -1
    outer loop
      vertex 35.16 15.0022 -2.5
      vertex 32.865 11.2275 -2.5
      vertex 32.5305 11.0225 -2.5
    endloop
  endfacet
  facet normal 0 0 -1
    outer loop
      vertex 35.5304 16.1404 -2.5
      vertex 32.865 25.7725 -2.5
      vertex 33.2275 25.6224 -2.5
    endloop
  endfacet
  facet normal 0 0 -1
    outer loop
      vertex 35.2543 15.5974 -2.5
      vertex 32.5305 11.0225 -2.5
      vertex 32.2322 10.7678 -2.5
    endloop
  endfacet
  facet normal 0 0 -1
    outer loop
      vertex 35.3713 15.8808 -2.5
      vertex 32.5305 25.9775 -2.5
      vertex 32.865 25.7725 -2.5
    endloop
  endfacet
  facet normal -0 0 -1
    outer loop
      vertex 35.2548 15.5995 -2.5
      vertex 32.2322 10.7678 -2.5
      vertex 32.2322 26.2322 -2.5
    endloop
  endfacet
  facet normal 0 0 -1
    outer loop
      vertex 35.2548 15.5995 -2.5
      vertex 32.2322 26.2322 -2.5
      vertex 32.5305 25.9775 -2.5
    endloop
  endfacet
  facet normal 0 0 -1
    outer loop
      vertex 31.9775 10.4695 -2.5
      vertex 32.2322 26.2322 -2.5
      vertex 32.2322 10.7678 -2.5
    endloop
  endfacet
  facet normal 0 0 -1
    outer loop
      vertex 31.9775 10.4695 -2.5
      vertex 31.9775 26.5305 -2.5
      vertex 32.2322 26.2322 -2.5
    endloop
  endfacet
  facet normal 0 0 -1
    outer loop
      vertex 27.8596 29.8786 -2.5
      vertex 31.9775 10.4695 -2.5
      vertex 31.7725 10.135 -2.5
    endloop
  endfacet
  facet normal 0 0 -1
    outer loop
      vertex 31.9775 10.4695 -2.5
      vertex 28.1192 29.7195 -2.5
      vertex 31.9775 26.5305 -2.5
    endloop
  endfacet
  facet normal 0 0 -1
    outer loop
      vertex 27.6281 30.0763 -2.5
      vertex 31.7725 10.135 -2.5
      vertex 31.6224 9.77254 -2.5
    endloop
  endfacet
  facet normal -0 -0 -1
    outer loop
      vertex 28.3984 29.6039 -2.5
      vertex 31.9775 26.5305 -2.5
      vertex 28.1192 29.7195 -2.5
    endloop
  endfacet
  facet normal 0 0 -1
    outer loop
      vertex 27.4304 30.3078 -2.5
      vertex 31.6224 9.77254 -2.5
      vertex 31.5308 9.39109 -2.5
    endloop
  endfacet
  facet normal -0 -0 -1
    outer loop
      vertex 28.4005 29.603 -2.5
      vertex 31.9775 26.5305 -2.5
      vertex 28.3984 29.6039 -2.5
    endloop
  endfacet
  facet normal 0 0 -1
    outer loop
      vertex -31.5 9 -2.5
      vertex 31.5308 9.39109 -2.5
      vertex 31.5 9 -2.5
    endloop
  endfacet
  facet normal 0 0 -1
    outer loop
      vertex 31.9775 26.5305 -2.5
      vertex 28.4005 29.603 -2.5
      vertex 31.7725 26.865 -2.5
    endloop
  endfacet
  facet normal 0 0 -1
    outer loop
      vertex 39.0162 14.6965 -2.5
      vertex 39.15 15.9816 -2.5
      vertex 39.15 2.95 -2.5
    endloop
  endfacet
  facet normal 0 0 -1
    outer loop
      vertex 39.0164 15.3013 -2.5
      vertex 39.15 15.9816 -2.5
      vertex 39.0401 15 -2.5
    endloop
  endfacet
  facet normal 0 0 -1
    outer loop
      vertex 39.15 15.9816 -2.5
      vertex 39.0164 14.6987 -2.5
      vertex 39.0401 15 -2.5
    endloop
  endfacet
  facet normal 0 0 -1
    outer loop
      vertex 39.15 15.9816 -2.5
      vertex 39.0162 14.6965 -2.5
      vertex 39.0164 14.6987 -2.5
    endloop
  endfacet
  facet normal 0 0 -1
    outer loop
      vertex 39.15 2.95 -2.5
      vertex 38.9457 14.4026 -2.5
      vertex 39.0162 14.6965 -2.5
    endloop
  endfacet
  facet normal 0 0 -1
    outer loop
      vertex 39.15 2.95 -2.5
      vertex 38.9452 14.4005 -2.5
      vertex 38.9457 14.4026 -2.5
    endloop
  endfacet
  facet normal 0 0 -1
    outer loop
      vertex 39.15 2.95 -2.5
      vertex 38.9443 14.3984 -2.5
      vertex 38.9452 14.4005 -2.5
    endloop
  endfacet
  facet normal 0 0 -1
    outer loop
      vertex 39.15 2.95 -2.5
      vertex 38.8287 14.1192 -2.5
      vertex 38.9443 14.3984 -2.5
    endloop
  endfacet
  facet normal 0 0 -1
    outer loop
      vertex 39.15 2.95 -2.5
      vertex 38.6708 13.8615 -2.5
      vertex 38.8287 14.1192 -2.5
    endloop
  endfacet
  facet normal 0 0 -1
    outer loop
      vertex 39.15 2.95 -2.5
      vertex 38.6696 13.8596 -2.5
      vertex 38.6708 13.8615 -2.5
    endloop
  endfacet
  facet normal 0 0 -1
    outer loop
      vertex 39.15 2.95 -2.5
      vertex 38.6681 13.8579 -2.5
      vertex 38.6696 13.8596 -2.5
    endloop
  endfacet
  facet normal 0 0 -1
    outer loop
      vertex 39.15 2.95 -2.5
      vertex 38.4719 13.6281 -2.5
      vertex 38.6681 13.8579 -2.5
    endloop
  endfacet
  facet normal 0 0 -1
    outer loop
      vertex 36.5 9 -2.5
      vertex 38.4719 13.6281 -2.5
      vertex 39.15 2.95 -2.5
    endloop
  endfacet
  facet normal 0 0 -1
    outer loop
      vertex 38.4719 13.6281 -2.5
      vertex 36.5 9 -2.5
      vertex 38.4702 13.6267 -2.5
    endloop
  endfacet
  facet normal 0 0 -1
    outer loop
      vertex 38.4702 13.6267 -2.5
      vertex 36.5 9 -2.5
      vertex 38.2404 13.4304 -2.5
    endloop
  endfacet
  facet normal 0 0 -1
    outer loop
      vertex 36.4692 9.39109 -2.5
      vertex 38.2404 13.4304 -2.5
      vertex 36.5 9 -2.5
    endloop
  endfacet
  facet normal 0 0 -1
    outer loop
      vertex 38.2404 13.4304 -2.5
      vertex 36.4692 9.39109 -2.5
      vertex 37.9827 13.2725 -2.5
    endloop
  endfacet
  facet normal 0 0 -1
    outer loop
      vertex 37.9827 13.2725 -2.5
      vertex 36.4692 9.39109 -2.5
      vertex 37.9808 13.2713 -2.5
    endloop
  endfacet
  facet normal 0 0 -1
    outer loop
      vertex 36.3776 9.77254 -2.5
      vertex 37.9808 13.2713 -2.5
      vertex 36.4692 9.39109 -2.5
    endloop
  endfacet
  facet normal 0 0 -1
    outer loop
      vertex 37.9808 13.2713 -2.5
      vertex 36.3776 9.77254 -2.5
      vertex 37.7016 13.1557 -2.5
    endloop
  endfacet
  facet normal 0 0 -1
    outer loop
      vertex 37.7016 13.1557 -2.5
      vertex 36.3776 9.77254 -2.5
      vertex 37.6995 13.1548 -2.5
    endloop
  endfacet
  facet normal 0 0 -1
    outer loop
      vertex 36.2275 10.135 -2.5
      vertex 37.6995 13.1548 -2.5
      vertex 36.3776 9.77254 -2.5
    endloop
  endfacet
  facet normal 0 0 -1
    outer loop
      vertex 37.6995 13.1548 -2.5
      vertex 36.2275 10.135 -2.5
      vertex 37.6974 13.1543 -2.5
    endloop
  endfacet
  facet normal 0 0 -1
    outer loop
      vertex 37.6974 13.1543 -2.5
      vertex 36.2275 10.135 -2.5
      vertex 37.4035 13.0838 -2.5
    endloop
  endfacet
  facet normal 0 0 -1
    outer loop
      vertex 37.4035 13.0838 -2.5
      vertex 36.0225 10.4695 -2.5
      vertex 37.1022 13.0601 -2.5
    endloop
  endfacet
  facet normal 0 0 -1
    outer loop
      vertex 37.1022 13.0601 -2.5
      vertex 36.0225 10.4695 -2.5
      vertex 37.1 13.0599 -2.5
    endloop
  endfacet
  facet normal 0 0 -1
    outer loop
      vertex 36.0225 10.4695 -2.5
      vertex 37.4035 13.0838 -2.5
      vertex 36.2275 10.135 -2.5
    endloop
  endfacet
  facet normal 0 0 -1
    outer loop
      vertex 39.15 2.95 -2.5
      vertex 36.4692 8.60891 -2.5
      vertex 36.5 9 -2.5
    endloop
  endfacet
  facet normal 0 0 -1
    outer loop
      vertex 39.15 2.95 -2.5
      vertex 36.3776 8.22746 -2.5
      vertex 36.4692 8.60891 -2.5
    endloop
  endfacet
  facet normal 0 0 -1
    outer loop
      vertex 39.15 2.95 -2.5
      vertex 36.2275 7.86502 -2.5
      vertex 36.3776 8.22746 -2.5
    endloop
  endfacet
  facet normal 0 0 -1
    outer loop
      vertex 39.15 2.95 -2.5
      vertex 36.0225 7.53054 -2.5
      vertex 36.2275 7.86502 -2.5
    endloop
  endfacet
  facet normal 0 0 -1
    outer loop
      vertex 39.15 2.95 -2.5
      vertex 35.7678 7.23223 -2.5
      vertex 36.0225 7.53054 -2.5
    endloop
  endfacet
  facet normal 0 0 -1
    outer loop
      vertex 39.15 2.95 -2.5
      vertex 35.4695 6.97746 -2.5
      vertex 35.7678 7.23223 -2.5
    endloop
  endfacet
  facet normal 0 0 -1
    outer loop
      vertex 39.15 2.95 -2.5
      vertex 35.135 6.77248 -2.5
      vertex 35.4695 6.97746 -2.5
    endloop
  endfacet
  facet normal 0 0 -1
    outer loop
      vertex 39.15 2.95 -2.5
      vertex 34.7725 6.62236 -2.5
      vertex 35.135 6.77248 -2.5
    endloop
  endfacet
  facet normal 0 0 -1
    outer loop
      vertex 39.15 2.95 -2.5
      vertex 34.3911 6.53078 -2.5
      vertex 34.7725 6.62236 -2.5
    endloop
  endfacet
  facet normal 0 0 -1
    outer loop
      vertex 39.15 2.95 -2.5
      vertex 34 6.5 -2.5
      vertex 34.3911 6.53078 -2.5
    endloop
  endfacet
  facet normal 0 0 -1
    outer loop
      vertex 39.15 2.95 -2.5
      vertex 33.6089 6.53078 -2.5
      vertex 34 6.5 -2.5
    endloop
  endfacet
  facet normal 0 0 -1
    outer loop
      vertex 39.15 2.95 -2.5
      vertex 33.2275 6.62236 -2.5
      vertex 33.6089 6.53078 -2.5
    endloop
  endfacet
  facet normal 0 0 -1
    outer loop
      vertex 39.15 2.95 -2.5
      vertex 32.865 6.77248 -2.5
      vertex 33.2275 6.62236 -2.5
    endloop
  endfacet
  facet normal 0 0 -1
    outer loop
      vertex 31.7725 26.865 -2.5
      vertex 28.6965 29.5319 -2.5
      vertex 31.6224 27.2275 -2.5
    endloop
  endfacet
  facet normal 0 0 -1
    outer loop
      vertex 31.5 28 -2.5
      vertex 30.9399 31.446 -2.5
      vertex 30.9401 31.4482 -2.5
    endloop
  endfacet
  facet normal 0 0 -1
    outer loop
      vertex 31.5 28 -2.5
      vertex 30.9162 31.1447 -2.5
      vertex 30.9399 31.446 -2.5
    endloop
  endfacet
  facet normal 0 0 -1
    outer loop
      vertex 31.5 28 -2.5
      vertex 30.8457 30.8508 -2.5
      vertex 30.9162 31.1447 -2.5
    endloop
  endfacet
  facet normal 0 0 -1
    outer loop
      vertex 31.5 28 -2.5
      vertex 30.8452 30.8487 -2.5
      vertex 30.8457 30.8508 -2.5
    endloop
  endfacet
  facet normal 0 0 -1
    outer loop
      vertex 31.5 28 -2.5
      vertex 30.8443 30.8466 -2.5
      vertex 30.8452 30.8487 -2.5
    endloop
  endfacet
  facet normal 0 0 -1
    outer loop
      vertex 31.5 28 -2.5
      vertex 30.7287 30.5674 -2.5
      vertex 30.8443 30.8466 -2.5
    endloop
  endfacet
  facet normal 0 0 -1
    outer loop
      vertex 31.5 28 -2.5
      vertex 30.7275 30.5655 -2.5
      vertex 30.7287 30.5674 -2.5
    endloop
  endfacet
  facet normal 0 0 -1
    outer loop
      vertex 31.5 28 -2.5
      vertex 30.5696 30.3078 -2.5
      vertex 30.7275 30.5655 -2.5
    endloop
  endfacet
  facet normal 0 0 -1
    outer loop
      vertex 31.5 28 -2.5
      vertex 30.3733 30.078 -2.5
      vertex 30.5696 30.3078 -2.5
    endloop
  endfacet
  facet normal 0 0 -1
    outer loop
      vertex 31.5 28 -2.5
      vertex 30.3719 30.0763 -2.5
      vertex 30.3733 30.078 -2.5
    endloop
  endfacet
  facet normal 0 0 -1
    outer loop
      vertex 31.5 28 -2.5
      vertex 30.1421 29.88 -2.5
      vertex 30.3719 30.0763 -2.5
    endloop
  endfacet
  facet normal 0 0 -1
    outer loop
      vertex 31.5 28 -2.5
      vertex 30.1404 29.8786 -2.5
      vertex 30.1421 29.88 -2.5
    endloop
  endfacet
  facet normal 0 0 -1
    outer loop
      vertex 31.5 28 -2.5
      vertex 30.1385 29.8774 -2.5
      vertex 30.1404 29.8786 -2.5
    endloop
  endfacet
  facet normal 0 0 -1
    outer loop
      vertex 31.5 28 -2.5
      vertex 29.8808 29.7195 -2.5
      vertex 30.1385 29.8774 -2.5
    endloop
  endfacet
  facet normal 0 0 -1
    outer loop
      vertex 31.5 28 -2.5
      vertex 29.6016 29.6039 -2.5
      vertex 29.8808 29.7195 -2.5
    endloop
  endfacet
  facet normal 0 0 -1
    outer loop
      vertex -31.5 9 -2.5
      vertex 31.5 9 -2.5
      vertex 31.5308 8.60891 -2.5
    endloop
  endfacet
  facet normal 0 0 -1
    outer loop
      vertex 31.5 28 -2.5
      vertex 29.5995 29.603 -2.5
      vertex 29.6016 29.6039 -2.5
    endloop
  endfacet
  facet normal 0 0 -1
    outer loop
      vertex 31.5 28 -2.5
      vertex 29.5974 29.6025 -2.5
      vertex 29.5995 29.603 -2.5
    endloop
  endfacet
  facet normal 0 0 -1
    outer loop
      vertex 31.5 28 -2.5
      vertex 29.3035 29.5319 -2.5
      vertex 29.5974 29.6025 -2.5
    endloop
  endfacet
  facet normal 0 0 -1
    outer loop
      vertex 31.5308 27.6089 -2.5
      vertex 29.3035 29.5319 -2.5
      vertex 31.5 28 -2.5
    endloop
  endfacet
  facet normal 0 -0 -1
    outer loop
      vertex 29.3035 29.5319 -2.5
      vertex 31.5308 27.6089 -2.5
      vertex 29.3013 29.5318 -2.5
    endloop
  endfacet
  facet normal 0 -0 -1
    outer loop
      vertex 29.3013 29.5318 -2.5
      vertex 31.5308 27.6089 -2.5
      vertex 29 29.5081 -2.5
    endloop
  endfacet
  facet normal 0 0 -1
    outer loop
      vertex 31.6224 27.2275 -2.5
      vertex 29 29.5081 -2.5
      vertex 31.5308 27.6089 -2.5
    endloop
  endfacet
  facet normal -0 -0 -1
    outer loop
      vertex 29 29.5081 -2.5
      vertex 31.6224 27.2275 -2.5
      vertex 28.6987 29.5318 -2.5
    endloop
  endfacet
  facet normal -0 -0 -1
    outer loop
      vertex 28.6987 29.5318 -2.5
      vertex 31.6224 27.2275 -2.5
      vertex 28.6965 29.5319 -2.5
    endloop
  endfacet
  facet normal -0 -0 -1
    outer loop
      vertex 28.6965 29.5319 -2.5
      vertex 31.7725 26.865 -2.5
      vertex 28.4026 29.6025 -2.5
    endloop
  endfacet
  facet normal -0 -0 -1
    outer loop
      vertex 28.4026 29.6025 -2.5
      vertex 31.7725 26.865 -2.5
      vertex 28.4005 29.603 -2.5
    endloop
  endfacet
  facet normal 0 0 -1
    outer loop
      vertex 31.9775 10.4695 -2.5
      vertex 27.8615 29.8774 -2.5
      vertex 28.1192 29.7195 -2.5
    endloop
  endfacet
  facet normal 0 0 -1
    outer loop
      vertex 31.9775 10.4695 -2.5
      vertex 27.8596 29.8786 -2.5
      vertex 27.8615 29.8774 -2.5
    endloop
  endfacet
  facet normal 0 0 -1
    outer loop
      vertex 31.7725 10.135 -2.5
      vertex 27.8579 29.88 -2.5
      vertex 27.8596 29.8786 -2.5
    endloop
  endfacet
  facet normal 0 0 -1
    outer loop
      vertex 31.7725 10.135 -2.5
      vertex 27.6281 30.0763 -2.5
      vertex 27.8579 29.88 -2.5
    endloop
  endfacet
  facet normal 0 0 -1
    outer loop
      vertex 31.6224 9.77254 -2.5
      vertex 27.6267 30.078 -2.5
      vertex 27.6281 30.0763 -2.5
    endloop
  endfacet
  facet normal 0 0 -1
    outer loop
      vertex 31.6224 9.77254 -2.5
      vertex 27.4304 30.3078 -2.5
      vertex 27.6267 30.078 -2.5
    endloop
  endfacet
  facet normal 0 0 -1
    outer loop
      vertex 31.5308 9.39109 -2.5
      vertex 27.2725 30.5655 -2.5
      vertex 27.4304 30.3078 -2.5
    endloop
  endfacet
  facet normal 0 0 -1
    outer loop
      vertex 31.5308 9.39109 -2.5
      vertex 27.2713 30.5674 -2.5
      vertex 27.2725 30.5655 -2.5
    endloop
  endfacet
  facet normal 0 0 -1
    outer loop
      vertex 31.5308 9.39109 -2.5
      vertex -27.2713 30.5674 -2.5
      vertex 27.2713 30.5674 -2.5
    endloop
  endfacet
  facet normal 0 0 -1
    outer loop
      vertex 27.2713 30.5674 -2.5
      vertex -27.2713 30.5674 -2.5
      vertex 27.1557 30.8466 -2.5
    endloop
  endfacet
  facet normal -0 0 -1
    outer loop
      vertex 27.1557 30.8466 -2.5
      vertex -27.2713 30.5674 -2.5
      vertex 27.1548 30.8487 -2.5
    endloop
  endfacet
  facet normal 0 -0 -1
    outer loop
      vertex -27.1557 30.8466 -2.5
      vertex 27.1548 30.8487 -2.5
      vertex -27.2713 30.5674 -2.5
    endloop
  endfacet
  facet normal 0 0 -1
    outer loop
      vertex 14.6992 48.2787 -2.5
      vertex 27.0599 31.4482 -2.5
      vertex 27.06 31.446 -2.5
    endloop
  endfacet
  facet normal 0 0 -1
    outer loop
      vertex 14.6992 48.2787 -2.5
      vertex 27.06 31.446 -2.5
      vertex 27.0838 31.1447 -2.5
    endloop
  endfacet
  facet normal 0 0 -1
    outer loop
      vertex 27.0599 31.4482 -2.5
      vertex 24.1443 43.4138 -2.5
      vertex 26.237 41.8471 -2.5
    endloop
  endfacet
  facet normal 0 -0 -1
    outer loop
      vertex -27.1548 30.8487 -2.5
      vertex 27.1548 30.8487 -2.5
      vertex -27.1557 30.8466 -2.5
    endloop
  endfacet
  facet normal 0 0 -1
    outer loop
      vertex 27.0599 31.4482 -2.5
      vertex 21.9333 44.847 -2.5
      vertex 24.1443 43.4138 -2.5
    endloop
  endfacet
  facet normal 0 0 -1
    outer loop
      vertex -31.5308 8.60891 -2.5
      vertex 31.5308 8.60891 -2.5
      vertex 31.6224 8.22746 -2.5
    endloop
  endfacet
  facet normal 0 0 -1
    outer loop
      vertex 27.0599 31.4482 -2.5
      vertex 19.6147 46.1397 -2.5
      vertex 21.9333 44.847 -2.5
    endloop
  endfacet
  facet normal 0 0 -1
    outer loop
      vertex 27.0599 31.4482 -2.5
      vertex 17.1992 47.2856 -2.5
      vertex 19.6147 46.1397 -2.5
    endloop
  endfacet
  facet normal 0 0 -1
    outer loop
      vertex 27.0599 31.4482 -2.5
      vertex 14.6992 48.2787 -2.5
      vertex 17.1992 47.2856 -2.5
    endloop
  endfacet
  facet normal 0 0 -1
    outer loop
      vertex -31.6224 8.22746 -2.5
      vertex 31.6224 8.22746 -2.5
      vertex 31.7725 7.86502 -2.5
    endloop
  endfacet
  facet normal 0 0 -1
    outer loop
      vertex 27.0838 31.1447 -2.5
      vertex 12.127 49.1141 -2.5
      vertex 14.6992 48.2787 -2.5
    endloop
  endfacet
  facet normal 0 0 -1
    outer loop
      vertex 27.0838 31.1447 -2.5
      vertex 9.49457 49.7875 -2.5
      vertex 12.127 49.1141 -2.5
    endloop
  endfacet
  facet normal 0 0 -1
    outer loop
      vertex 27.0838 31.1447 -2.5
      vertex 6.81564 50.2956 -2.5
      vertex 9.49457 49.7875 -2.5
    endloop
  endfacet
  facet normal 0 0 -1
    outer loop
      vertex 27.1548 30.8487 -2.5
      vertex 4.10258 50.6358 -2.5
      vertex 27.1543 30.8508 -2.5
    endloop
  endfacet
  facet normal 0 0 -1
    outer loop
      vertex -31.7725 7.86502 -2.5
      vertex 31.7725 7.86502 -2.5
      vertex 31.9775 7.53054 -2.5
    endloop
  endfacet
  facet normal 0 0 -1
    outer loop
      vertex 27.0838 31.1447 -2.5
      vertex 4.10258 50.6358 -2.5
      vertex 6.81564 50.2956 -2.5
    endloop
  endfacet
  facet normal 0 0 -1
    outer loop
      vertex 27.1543 30.8508 -2.5
      vertex 4.10258 50.6358 -2.5
      vertex 27.0838 31.1447 -2.5
    endloop
  endfacet
  facet normal -0 0 -1
    outer loop
      vertex 1.3699 50.8063 -2.5
      vertex -27.1548 30.8487 -2.5
      vertex -1.3699 50.8063 -2.5
    endloop
  endfacet
  facet normal 0 0 -1
    outer loop
      vertex -1.3699 50.8063 -2.5
      vertex -27.1548 30.8487 -2.5
      vertex -4.10258 50.6358 -2.5
    endloop
  endfacet
  facet normal 0 0 -1
    outer loop
      vertex -31.9775 7.53054 -2.5
      vertex 31.9775 7.53054 -2.5
      vertex 32.2322 7.23223 -2.5
    endloop
  endfacet
  facet normal 0 -0 -1
    outer loop
      vertex -27.1543 30.8508 -2.5
      vertex -4.10258 50.6358 -2.5
      vertex -27.1548 30.8487 -2.5
    endloop
  endfacet
  facet normal 0 0 -1
    outer loop
      vertex -4.10258 50.6358 -2.5
      vertex -27.1543 30.8508 -2.5
      vertex -6.81564 50.2956 -2.5
    endloop
  endfacet
  facet normal 0 -0 -1
    outer loop
      vertex -27.0838 31.1447 -2.5
      vertex -6.81564 50.2956 -2.5
      vertex -27.1543 30.8508 -2.5
    endloop
  endfacet
  facet normal 0 0 -1
    outer loop
      vertex -6.81564 50.2956 -2.5
      vertex -27.0838 31.1447 -2.5
      vertex -9.49457 49.7875 -2.5
    endloop
  endfacet
  facet normal 0 0 -1
    outer loop
      vertex -32.2322 7.23223 -2.5
      vertex 32.2322 7.23223 -2.5
      vertex 32.5305 6.97746 -2.5
    endloop
  endfacet
  facet normal 0 0 -1
    outer loop
      vertex -12.127 49.1141 -2.5
      vertex -27.0838 31.1447 -2.5
      vertex -14.6992 48.2787 -2.5
    endloop
  endfacet
  facet normal 0 -0 -1
    outer loop
      vertex -27.0599 31.4482 -2.5
      vertex -14.6992 48.2787 -2.5
      vertex -27.06 31.446 -2.5
    endloop
  endfacet
  facet normal 0 0 -1
    outer loop
      vertex -14.6992 48.2787 -2.5
      vertex -27.0599 31.4482 -2.5
      vertex -17.1992 47.2856 -2.5
    endloop
  endfacet
  facet normal 0 0 -1
    outer loop
      vertex -17.1992 47.2856 -2.5
      vertex -27.0838 31.7517 -2.5
      vertex -19.6147 46.1397 -2.5
    endloop
  endfacet
  facet normal 0 0 -1
    outer loop
      vertex -32.5305 6.97746 -2.5
      vertex 32.5305 6.97746 -2.5
      vertex 32.865 6.77248 -2.5
    endloop
  endfacet
  facet normal 0 0 -1
    outer loop
      vertex -32.865 6.77248 -2.5
      vertex 32.865 6.77248 -2.5
      vertex 39.15 2.95 -2.5
    endloop
  endfacet
  facet normal 0 0 -1
    outer loop
      vertex -19.6147 46.1397 -2.5
      vertex -27.0838 31.7517 -2.5
      vertex -21.9333 44.847 -2.5
    endloop
  endfacet
  facet normal 0 0 -1
    outer loop
      vertex -27.0838 31.7517 -2.5
      vertex -17.1992 47.2856 -2.5
      vertex -27.06 31.4504 -2.5
    endloop
  endfacet
  facet normal 0 0 -1
    outer loop
      vertex -27.06 31.4504 -2.5
      vertex -17.1992 47.2856 -2.5
      vertex -27.0599 31.4482 -2.5
    endloop
  endfacet
  facet normal 0 -0 -1
    outer loop
      vertex -27.06 31.446 -2.5
      vertex -14.6992 48.2787 -2.5
      vertex -27.0838 31.1447 -2.5
    endloop
  endfacet
  facet normal 0 0 -1
    outer loop
      vertex -9.49457 49.7875 -2.5
      vertex -27.0838 31.1447 -2.5
      vertex -12.127 49.1141 -2.5
    endloop
  endfacet
  facet normal -0 -0 -1
    outer loop
      vertex 4.10258 50.6358 -2.5
      vertex 27.1548 30.8487 -2.5
      vertex 1.3699 50.8063 -2.5
    endloop
  endfacet
  facet normal 0 -0 -1
    outer loop
      vertex 1.3699 50.8063 -2.5
      vertex 27.1548 30.8487 -2.5
      vertex -27.1548 30.8487 -2.5
    endloop
  endfacet
  facet normal 0 0 -1
    outer loop
      vertex -31.5308 9.39109 -2.5
      vertex 31.5308 9.39109 -2.5
      vertex -31.5 9 -2.5
    endloop
  endfacet
  facet normal 0 0 -1
    outer loop
      vertex 31.5308 9.39109 -2.5
      vertex -31.5308 9.39109 -2.5
      vertex -27.2713 30.5674 -2.5
    endloop
  endfacet
  facet normal 0 0 -1
    outer loop
      vertex -27.2713 30.5674 -2.5
      vertex -31.5308 9.39109 -2.5
      vertex -27.2725 30.5655 -2.5
    endloop
  endfacet
  facet normal 0 0 -1
    outer loop
      vertex -27.2725 30.5655 -2.5
      vertex -31.5308 9.39109 -2.5
      vertex -27.4304 30.3078 -2.5
    endloop
  endfacet
  facet normal 0 0 -1
    outer loop
      vertex -31.6224 9.77254 -2.5
      vertex -27.4304 30.3078 -2.5
      vertex -31.5308 9.39109 -2.5
    endloop
  endfacet
  facet normal 0 0 -1
    outer loop
      vertex -27.4304 30.3078 -2.5
      vertex -31.6224 9.77254 -2.5
      vertex -27.6267 30.078 -2.5
    endloop
  endfacet
  facet normal 0 0 -1
    outer loop
      vertex -27.6267 30.078 -2.5
      vertex -31.6224 9.77254 -2.5
      vertex -27.6281 30.0763 -2.5
    endloop
  endfacet
  facet normal 0 0 -1
    outer loop
      vertex -31.7725 10.135 -2.5
      vertex -27.6281 30.0763 -2.5
      vertex -31.6224 9.77254 -2.5
    endloop
  endfacet
  facet normal 0 0 -1
    outer loop
      vertex -27.6281 30.0763 -2.5
      vertex -31.7725 10.135 -2.5
      vertex -27.8579 29.88 -2.5
    endloop
  endfacet
  facet normal 0 0 -1
    outer loop
      vertex -27.8579 29.88 -2.5
      vertex -31.7725 10.135 -2.5
      vertex -27.8596 29.8786 -2.5
    endloop
  endfacet
  facet normal 0 0 -1
    outer loop
      vertex -31.9775 10.4695 -2.5
      vertex -27.8596 29.8786 -2.5
      vertex -31.7725 10.135 -2.5
    endloop
  endfacet
  facet normal 0 0 -1
    outer loop
      vertex -27.8596 29.8786 -2.5
      vertex -31.9775 10.4695 -2.5
      vertex -27.8615 29.8774 -2.5
    endloop
  endfacet
  facet normal 0 0 -1
    outer loop
      vertex -28.4005 29.603 -2.5
      vertex -31.5 28 -2.5
      vertex -28.4026 29.6025 -2.5
    endloop
  endfacet
  facet normal 0 0 -1
    outer loop
      vertex -28.4026 29.6025 -2.5
      vertex -31.5 28 -2.5
      vertex -28.6965 29.5319 -2.5
    endloop
  endfacet
  facet normal 0 0 -1
    outer loop
      vertex -28.6965 29.5319 -2.5
      vertex -31.5 28 -2.5
      vertex -28.6987 29.5318 -2.5
    endloop
  endfacet
  facet normal 0 0 -1
    outer loop
      vertex -28.6987 29.5318 -2.5
      vertex -31.5 28 -2.5
      vertex -29 29.5081 -2.5
    endloop
  endfacet
  facet normal -0 0 -1
    outer loop
      vertex -29 29.5081 -2.5
      vertex -31.5 28 -2.5
      vertex -29.3013 29.5318 -2.5
    endloop
  endfacet
  facet normal -0 0 -1
    outer loop
      vertex -29.3013 29.5318 -2.5
      vertex -31.5 28 -2.5
      vertex -29.3035 29.5319 -2.5
    endloop
  endfacet
  facet normal -0 0 -1
    outer loop
      vertex -29.5974 29.6025 -2.5
      vertex -31.5 28 -2.5
      vertex -29.5995 29.603 -2.5
    endloop
  endfacet
  facet normal 0 0 -1
    outer loop
      vertex -31.5308 28.3911 -2.5
      vertex -29.6016 29.6039 -2.5
      vertex -31.5 28 -2.5
    endloop
  endfacet
  facet normal -0 0 -1
    outer loop
      vertex -30.3733 30.078 -2.5
      vertex -31.7725 29.135 -2.5
      vertex -30.5696 30.3078 -2.5
    endloop
  endfacet
  facet normal 0 0 -1
    outer loop
      vertex -32.2322 29.7678 -2.5
      vertex -30.7287 30.5674 -2.5
      vertex -31.9775 29.4695 -2.5
    endloop
  endfacet
  facet normal -0 0 -1
    outer loop
      vertex -30.7275 30.5655 -2.5
      vertex -31.9775 29.4695 -2.5
      vertex -30.7287 30.5674 -2.5
    endloop
  endfacet
  facet normal -0 0 -1
    outer loop
      vertex -30.5696 30.3078 -2.5
      vertex -31.9775 29.4695 -2.5
      vertex -30.7275 30.5655 -2.5
    endloop
  endfacet
  facet normal 0 0 -1
    outer loop
      vertex -31.9775 29.4695 -2.5
      vertex -30.5696 30.3078 -2.5
      vertex -31.7725 29.135 -2.5
    endloop
  endfacet
  facet normal -0 0 -1
    outer loop
      vertex -30.3719 30.0763 -2.5
      vertex -31.7725 29.135 -2.5
      vertex -30.3733 30.078 -2.5
    endloop
  endfacet
  facet normal 0 0 -1
    outer loop
      vertex -31.7725 29.135 -2.5
      vertex -30.3719 30.0763 -2.5
      vertex -31.6224 28.7725 -2.5
    endloop
  endfacet
  facet normal -0 0 -1
    outer loop
      vertex -30.1421 29.88 -2.5
      vertex -31.6224 28.7725 -2.5
      vertex -30.3719 30.0763 -2.5
    endloop
  endfacet
  facet normal -0 0 -1
    outer loop
      vertex -30.1404 29.8786 -2.5
      vertex -31.6224 28.7725 -2.5
      vertex -30.1421 29.88 -2.5
    endloop
  endfacet
  facet normal -0 0 -1
    outer loop
      vertex -30.1385 29.8774 -2.5
      vertex -31.6224 28.7725 -2.5
      vertex -30.1404 29.8786 -2.5
    endloop
  endfacet
  facet normal -0 0 -1
    outer loop
      vertex -29.8808 29.7195 -2.5
      vertex -31.6224 28.7725 -2.5
      vertex -30.1385 29.8774 -2.5
    endloop
  endfacet
  facet normal 0 0 -1
    outer loop
      vertex -31.6224 28.7725 -2.5
      vertex -29.8808 29.7195 -2.5
      vertex -31.5308 28.3911 -2.5
    endloop
  endfacet
  facet normal -0 0 -1
    outer loop
      vertex -29.6016 29.6039 -2.5
      vertex -31.5308 28.3911 -2.5
      vertex -29.8808 29.7195 -2.5
    endloop
  endfacet
  facet normal -0 0 -1
    outer loop
      vertex -29.5995 29.603 -2.5
      vertex -31.5 28 -2.5
      vertex -29.6016 29.6039 -2.5
    endloop
  endfacet
  facet normal -0 0 -1
    outer loop
      vertex -29.3035 29.5319 -2.5
      vertex -31.5 28 -2.5
      vertex -29.5974 29.6025 -2.5
    endloop
  endfacet
  facet normal 0 0 -1
    outer loop
      vertex 31.5308 8.60891 -2.5
      vertex -31.5308 8.60891 -2.5
      vertex -31.5 9 -2.5
    endloop
  endfacet
  facet normal 0 0 -1
    outer loop
      vertex 31.6224 8.22746 -2.5
      vertex -31.6224 8.22746 -2.5
      vertex -31.5308 8.60891 -2.5
    endloop
  endfacet
  facet normal 0 0 -1
    outer loop
      vertex 31.7725 7.86502 -2.5
      vertex -31.7725 7.86502 -2.5
      vertex -31.6224 8.22746 -2.5
    endloop
  endfacet
  facet normal 0 0 -1
    outer loop
      vertex 31.9775 7.53054 -2.5
      vertex -31.9775 7.53054 -2.5
      vertex -31.7725 7.86502 -2.5
    endloop
  endfacet
  facet normal 0 0 -1
    outer loop
      vertex 32.2322 7.23223 -2.5
      vertex -32.2322 7.23223 -2.5
      vertex -31.9775 7.53054 -2.5
    endloop
  endfacet
  facet normal 0 0 -1
    outer loop
      vertex 32.5305 6.97746 -2.5
      vertex -32.5305 6.97746 -2.5
      vertex -32.2322 7.23223 -2.5
    endloop
  endfacet
  facet normal 0 0 -1
    outer loop
      vertex 32.865 6.77248 -2.5
      vertex -32.865 6.77248 -2.5
      vertex -32.5305 6.97746 -2.5
    endloop
  endfacet
  facet normal 0 0 -1
    outer loop
      vertex -39.15 2.95 -2.5
      vertex -32.865 6.77248 -2.5
      vertex 39.15 2.95 -2.5
    endloop
  endfacet
  facet normal 0 0 -1
    outer loop
      vertex -32.865 6.77248 -2.5
      vertex -39.15 2.95 -2.5
      vertex -33.2275 6.62236 -2.5
    endloop
  endfacet
  facet normal 0 0 -1
    outer loop
      vertex -33.2275 6.62236 -2.5
      vertex -39.15 2.95 -2.5
      vertex -33.6089 6.53078 -2.5
    endloop
  endfacet
  facet normal 0 0 -1
    outer loop
      vertex -35.4695 11.0225 -2.5
      vertex -36.7943 13.0843 -2.5
      vertex -36.5005 13.1548 -2.5
    endloop
  endfacet
  facet normal 0 0 -1
    outer loop
      vertex -35.7678 10.7678 -2.5
      vertex -36.7965 13.0838 -2.5
      vertex -36.7943 13.0843 -2.5
    endloop
  endfacet
  facet normal 0 0 -1
    outer loop
      vertex -35.7678 10.7678 -2.5
      vertex -37.0978 13.0601 -2.5
      vertex -36.7965 13.0838 -2.5
    endloop
  endfacet
  facet normal 0 0 -1
    outer loop
      vertex -39.15 2.95 -2.5
      vertex -36.5 9 -2.5
      vertex -36.4692 8.60891 -2.5
    endloop
  endfacet
  facet normal 0 0 -1
    outer loop
      vertex -35.7678 10.7678 -2.5
      vertex -37.1 13.0599 -2.5
      vertex -37.0978 13.0601 -2.5
    endloop
  endfacet
  facet normal 0 0 -1
    outer loop
      vertex -36.0225 10.4695 -2.5
      vertex -37.1022 13.0601 -2.5
      vertex -37.1 13.0599 -2.5
    endloop
  endfacet
  facet normal 0 0 -1
    outer loop
      vertex -36.0225 10.4695 -2.5
      vertex -37.4035 13.0838 -2.5
      vertex -37.1022 13.0601 -2.5
    endloop
  endfacet
  facet normal 0 0 -1
    outer loop
      vertex -36.2275 10.135 -2.5
      vertex -37.6974 13.1543 -2.5
      vertex -37.4035 13.0838 -2.5
    endloop
  endfacet
  facet normal 0 0 -1
    outer loop
      vertex -39.15 2.95 -2.5
      vertex -36.4692 8.60891 -2.5
      vertex -36.3776 8.22746 -2.5
    endloop
  endfacet
  facet normal 0 0 -1
    outer loop
      vertex -36.2275 10.135 -2.5
      vertex -37.6995 13.1548 -2.5
      vertex -37.6974 13.1543 -2.5
    endloop
  endfacet
  facet normal 0 0 -1
    outer loop
      vertex -36.3776 9.77254 -2.5
      vertex -37.7016 13.1557 -2.5
      vertex -37.6995 13.1548 -2.5
    endloop
  endfacet
  facet normal 0 0 -1
    outer loop
      vertex -36.3776 9.77254 -2.5
      vertex -37.9808 13.2713 -2.5
      vertex -37.7016 13.1557 -2.5
    endloop
  endfacet
  facet normal 0 0 -1
    outer loop
      vertex -36.4692 9.39109 -2.5
      vertex -37.9827 13.2725 -2.5
      vertex -37.9808 13.2713 -2.5
    endloop
  endfacet
  facet normal 0 0 -1
    outer loop
      vertex -36.4692 9.39109 -2.5
      vertex -38.2404 13.4304 -2.5
      vertex -37.9827 13.2725 -2.5
    endloop
  endfacet
  facet normal 0 0 -1
    outer loop
      vertex -36.5 9 -2.5
      vertex -38.4702 13.6267 -2.5
      vertex -38.2404 13.4304 -2.5
    endloop
  endfacet
  facet normal 0 0 -1
    outer loop
      vertex -36.5 9 -2.5
      vertex -38.4719 13.6281 -2.5
      vertex -38.4702 13.6267 -2.5
    endloop
  endfacet
  facet normal -0 0 -1
    outer loop
      vertex -36.5 9 -2.5
      vertex -39.15 2.95 -2.5
      vertex -38.4719 13.6281 -2.5
    endloop
  endfacet
  facet normal -0 0 -1
    outer loop
      vertex -38.4719 13.6281 -2.5
      vertex -39.15 2.95 -2.5
      vertex -38.6681 13.8579 -2.5
    endloop
  endfacet
  facet normal -0 0 -1
    outer loop
      vertex -38.6681 13.8579 -2.5
      vertex -39.15 2.95 -2.5
      vertex -38.6696 13.8596 -2.5
    endloop
  endfacet
  facet normal -0 0 -1
    outer loop
      vertex -38.6696 13.8596 -2.5
      vertex -39.15 2.95 -2.5
      vertex -38.6708 13.8615 -2.5
    endloop
  endfacet
  facet normal 0 0 -1
    outer loop
      vertex -39.15 2.95 -2.5
      vertex -36.3776 8.22746 -2.5
      vertex -36.2275 7.86502 -2.5
    endloop
  endfacet
  facet normal 0 0 -1
    outer loop
      vertex -39.15 2.95 -2.5
      vertex -38.9443 14.3984 -2.5
      vertex -38.8287 14.1192 -2.5
    endloop
  endfacet
  facet normal 0 0 -1
    outer loop
      vertex -38.9452 14.4005 -2.5
      vertex -39.0162 14.6965 -2.5
      vertex -38.9457 14.4026 -2.5
    endloop
  endfacet
  facet normal 0 0 -1
    outer loop
      vertex -33.6089 6.53078 -2.5
      vertex -39.15 2.95 -2.5
      vertex -34 6.5 -2.5
    endloop
  endfacet
  facet normal 0 0 -1
    outer loop
      vertex -39.15 2.95 -2.5
      vertex -34.3911 6.53078 -2.5
      vertex -34 6.5 -2.5
    endloop
  endfacet
  facet normal 0 0 -1
    outer loop
      vertex -39.15 2.95 -2.5
      vertex -34.7725 6.62236 -2.5
      vertex -34.3911 6.53078 -2.5
    endloop
  endfacet
  facet normal 0 0 -1
    outer loop
      vertex -39.15 2.95 -2.5
      vertex -35.135 6.77248 -2.5
      vertex -34.7725 6.62236 -2.5
    endloop
  endfacet
  facet normal 0 0 -1
    outer loop
      vertex -39.15 2.95 -2.5
      vertex -35.4695 6.97746 -2.5
      vertex -35.135 6.77248 -2.5
    endloop
  endfacet
  facet normal 0 0 -1
    outer loop
      vertex -39.15 2.95 -2.5
      vertex -35.7678 7.23223 -2.5
      vertex -35.4695 6.97746 -2.5
    endloop
  endfacet
  facet normal 0 0 -1
    outer loop
      vertex -39.15 2.95 -2.5
      vertex -36.0225 7.53054 -2.5
      vertex -35.7678 7.23223 -2.5
    endloop
  endfacet
  facet normal 0 0 -1
    outer loop
      vertex -39.15 2.95 -2.5
      vertex -36.2275 7.86502 -2.5
      vertex -36.0225 7.53054 -2.5
    endloop
  endfacet
  facet normal -0 0 -1
    outer loop
      vertex -38.6708 13.8615 -2.5
      vertex -39.15 2.95 -2.5
      vertex -38.8287 14.1192 -2.5
    endloop
  endfacet
  facet normal -0 0 -1
    outer loop
      vertex -38.9443 14.3984 -2.5
      vertex -39.15 2.95 -2.5
      vertex -38.9452 14.4005 -2.5
    endloop
  endfacet
  facet normal 0 0 -1
    outer loop
      vertex -39.15 2.95 -2.5
      vertex -39.0162 14.6965 -2.5
      vertex -38.9452 14.4005 -2.5
    endloop
  endfacet
  facet normal 0 0 -1
    outer loop
      vertex -39.15 15.9816 -2.5
      vertex -39.0162 14.6965 -2.5
      vertex -39.15 2.95 -2.5
    endloop
  endfacet
  facet normal 0 0 -1
    outer loop
      vertex -39.0162 14.6965 -2.5
      vertex -39.15 15.9816 -2.5
      vertex -39.0164 14.6987 -2.5
    endloop
  endfacet
  facet normal 0 0 -1
    outer loop
      vertex -39.0164 14.6987 -2.5
      vertex -39.15 15.9816 -2.5
      vertex -39.0401 15 -2.5
    endloop
  endfacet
  facet normal -0 0 -1
    outer loop
      vertex -38.4719 16.3719 -2.5
      vertex -39.15 15.9816 -2.5
      vertex -39.0545 18.4215 -2.5
    endloop
  endfacet
  facet normal 0 0 -1
    outer loop
      vertex 39.0162 15.3035 -2.5
      vertex 39.15 15.9816 -2.5
      vertex 39.0164 15.3013 -2.5
    endloop
  endfacet
  facet normal 0 0 -1
    outer loop
      vertex 38.9457 15.5974 -2.5
      vertex 39.15 15.9816 -2.5
      vertex 39.0162 15.3035 -2.5
    endloop
  endfacet
  facet normal 0 0 -1
    outer loop
      vertex 38.9452 15.5995 -2.5
      vertex 39.15 15.9816 -2.5
      vertex 38.9457 15.5974 -2.5
    endloop
  endfacet
  facet normal 0 0 -1
    outer loop
      vertex 38.9443 15.6016 -2.5
      vertex 39.15 15.9816 -2.5
      vertex 38.9452 15.5995 -2.5
    endloop
  endfacet
  facet normal 0 0 -1
    outer loop
      vertex 38.8287 15.8808 -2.5
      vertex 39.15 15.9816 -2.5
      vertex 38.9443 15.6016 -2.5
    endloop
  endfacet
  facet normal 0 0 -1
    outer loop
      vertex 38.6708 16.1385 -2.5
      vertex 39.15 15.9816 -2.5
      vertex 38.8287 15.8808 -2.5
    endloop
  endfacet
  facet normal 0 0 -1
    outer loop
      vertex 38.6696 16.1404 -2.5
      vertex 39.15 15.9816 -2.5
      vertex 38.6708 16.1385 -2.5
    endloop
  endfacet
  facet normal 0 0 -1
    outer loop
      vertex 38.6681 16.1421 -2.5
      vertex 39.15 15.9816 -2.5
      vertex 38.6696 16.1404 -2.5
    endloop
  endfacet
  facet normal 0 0 -1
    outer loop
      vertex 38.4719 16.3719 -2.5
      vertex 39.15 15.9816 -2.5
      vertex 38.6681 16.1421 -2.5
    endloop
  endfacet
  facet normal 0 0 -1
    outer loop
      vertex 39.15 15.9816 -2.5
      vertex 38.4719 16.3719 -2.5
      vertex 39.0545 18.4215 -2.5
    endloop
  endfacet
  facet normal 0 0 -1
    outer loop
      vertex 38.4702 16.3733 -2.5
      vertex 39.0545 18.4215 -2.5
      vertex 38.4719 16.3719 -2.5
    endloop
  endfacet
  facet normal 0 0 -1
    outer loop
      vertex 38.2404 16.5696 -2.5
      vertex 39.0545 18.4215 -2.5
      vertex 38.4702 16.3733 -2.5
    endloop
  endfacet
  facet normal 0 0 -1
    outer loop
      vertex 37.9827 16.7275 -2.5
      vertex 39.0545 18.4215 -2.5
      vertex 38.2404 16.5696 -2.5
    endloop
  endfacet
  facet normal 0 0 -1
    outer loop
      vertex 37.9808 16.7287 -2.5
      vertex 39.0545 18.4215 -2.5
      vertex 37.9827 16.7275 -2.5
    endloop
  endfacet
  facet normal 0 0 -1
    outer loop
      vertex 37.7016 16.8443 -2.5
      vertex 39.0545 18.4215 -2.5
      vertex 37.9808 16.7287 -2.5
    endloop
  endfacet
  facet normal 0 0 -1
    outer loop
      vertex 37.6995 16.8452 -2.5
      vertex 39.0545 18.4215 -2.5
      vertex 37.7016 16.8443 -2.5
    endloop
  endfacet
  facet normal 0 0 -1
    outer loop
      vertex 37.6974 16.8457 -2.5
      vertex 39.0545 18.4215 -2.5
      vertex 37.6995 16.8452 -2.5
    endloop
  endfacet
  facet normal 0 0 -1
    outer loop
      vertex 37.4035 16.9162 -2.5
      vertex 39.0545 18.4215 -2.5
      vertex 37.6974 16.8457 -2.5
    endloop
  endfacet
  facet normal 0 0 -1
    outer loop
      vertex 37.1022 16.9399 -2.5
      vertex 39.0545 18.4215 -2.5
      vertex 37.4035 16.9162 -2.5
    endloop
  endfacet
  facet normal 0 0 -1
    outer loop
      vertex 37.1 16.9401 -2.5
      vertex 39.0545 18.4215 -2.5
      vertex 37.1022 16.9399 -2.5
    endloop
  endfacet
  facet normal 0 0 -1
    outer loop
      vertex 37.0978 16.9399 -2.5
      vertex 39.0545 18.4215 -2.5
      vertex 37.1 16.9401 -2.5
    endloop
  endfacet
  facet normal -0 0 -1
    outer loop
      vertex 39.0545 18.4215 -2.5
      vertex 37.0978 16.9399 -2.5
      vertex 38.7706 20.8313 -2.5
    endloop
  endfacet
  facet normal 0 0 -1
    outer loop
      vertex 36.7965 16.9162 -2.5
      vertex 38.7706 20.8313 -2.5
      vertex 37.0978 16.9399 -2.5
    endloop
  endfacet
  facet normal 0 0 -1
    outer loop
      vertex 36.7943 16.9157 -2.5
      vertex 38.7706 20.8313 -2.5
      vertex 36.7965 16.9162 -2.5
    endloop
  endfacet
  facet normal 0 0 -1
    outer loop
      vertex 36.5005 16.8452 -2.5
      vertex 38.7706 20.8313 -2.5
      vertex 36.7943 16.9157 -2.5
    endloop
  endfacet
  facet normal 0 0 -1
    outer loop
      vertex 36.4984 16.8443 -2.5
      vertex 38.7706 20.8313 -2.5
      vertex 36.5005 16.8452 -2.5
    endloop
  endfacet
  facet normal 0 0 -1
    outer loop
      vertex 34.7725 25.6224 -2.5
      vertex 38.7706 20.8313 -2.5
      vertex 36.4984 16.8443 -2.5
    endloop
  endfacet
  facet normal 0 0 -1
    outer loop
      vertex 38.7706 20.8313 -2.5
      vertex 34.7725 25.6224 -2.5
      vertex 38.2989 23.2184 -2.5
    endloop
  endfacet
  facet normal 0 0 -1
    outer loop
      vertex 37.6414 25.571 -2.5
      vertex 36.5 28 -2.5
      vertex 36.8014 27.8778 -2.5
    endloop
  endfacet
  facet normal 0 0 -1
    outer loop
      vertex 36.4692 28.3911 -2.5
      vertex 36.8014 27.8778 -2.5
      vertex 36.5 28 -2.5
    endloop
  endfacet
  facet normal 0 0 -1
    outer loop
      vertex 36.3776 28.7725 -2.5
      vertex 36.8014 27.8778 -2.5
      vertex 36.4692 28.3911 -2.5
    endloop
  endfacet
  facet normal 0 0 -1
    outer loop
      vertex 36.2275 29.135 -2.5
      vertex 36.8014 27.8778 -2.5
      vertex 36.3776 28.7725 -2.5
    endloop
  endfacet
  facet normal 0 0 -1
    outer loop
      vertex 36.2275 29.135 -2.5
      vertex 35.7824 30.128 -2.5
      vertex 36.8014 27.8778 -2.5
    endloop
  endfacet
  facet normal 0 0 -1
    outer loop
      vertex 36.0225 29.4695 -2.5
      vertex 35.7824 30.128 -2.5
      vertex 36.2275 29.135 -2.5
    endloop
  endfacet
  facet normal 0 0 -1
    outer loop
      vertex 35.7678 29.7678 -2.5
      vertex 35.7824 30.128 -2.5
      vertex 36.0225 29.4695 -2.5
    endloop
  endfacet
  facet normal 0 0 -1
    outer loop
      vertex 35.4695 30.0225 -2.5
      vertex 35.7824 30.128 -2.5
      vertex 35.7678 29.7678 -2.5
    endloop
  endfacet
  facet normal 0 0 -1
    outer loop
      vertex 35.135 30.2275 -2.5
      vertex 35.7824 30.128 -2.5
      vertex 35.4695 30.0225 -2.5
    endloop
  endfacet
  facet normal 0 0 -1
    outer loop
      vertex 34.5896 32.3101 -2.5
      vertex 35.135 30.2275 -2.5
      vertex 34.7725 30.3776 -2.5
    endloop
  endfacet
  facet normal 0 0 -1
    outer loop
      vertex 35.135 30.2275 -2.5
      vertex 34.5896 32.3101 -2.5
      vertex 35.7824 30.128 -2.5
    endloop
  endfacet
  facet normal 0 0 -1
    outer loop
      vertex 34.3911 30.4692 -2.5
      vertex 34.5896 32.3101 -2.5
      vertex 34.7725 30.3776 -2.5
    endloop
  endfacet
  facet normal 0 0 -1
    outer loop
      vertex 34 30.5 -2.5
      vertex 34.5896 32.3101 -2.5
      vertex 34.3911 30.4692 -2.5
    endloop
  endfacet
  facet normal 0 0 -1
    outer loop
      vertex 33.6089 30.4692 -2.5
      vertex 34.5896 32.3101 -2.5
      vertex 34 30.5 -2.5
    endloop
  endfacet
  facet normal 0 0 -1
    outer loop
      vertex 33.2275 30.3776 -2.5
      vertex 34.5896 32.3101 -2.5
      vertex 33.6089 30.4692 -2.5
    endloop
  endfacet
  facet normal 0 0 -1
    outer loop
      vertex 30.9157 31.7539 -2.5
      vertex 34.5896 32.3101 -2.5
      vertex 33.2275 30.3776 -2.5
    endloop
  endfacet
  facet normal 0 0 -1
    outer loop
      vertex 30.9162 31.7517 -2.5
      vertex 33.2275 30.3776 -2.5
      vertex 32.865 30.2275 -2.5
    endloop
  endfacet
  facet normal 0 0 -1
    outer loop
      vertex 30.9401 31.4482 -2.5
      vertex 32.865 30.2275 -2.5
      vertex 32.5305 30.0225 -2.5
    endloop
  endfacet
  facet normal 0 0 -1
    outer loop
      vertex 30.9401 31.4482 -2.5
      vertex 32.5305 30.0225 -2.5
      vertex 32.2322 29.7678 -2.5
    endloop
  endfacet
  facet normal 0 0 -1
    outer loop
      vertex 30.9401 31.4482 -2.5
      vertex 32.2322 29.7678 -2.5
      vertex 31.9775 29.4695 -2.5
    endloop
  endfacet
  facet normal 0 0 -1
    outer loop
      vertex 30.9401 31.4482 -2.5
      vertex 31.9775 29.4695 -2.5
      vertex 31.7725 29.135 -2.5
    endloop
  endfacet
  facet normal 0 0 -1
    outer loop
      vertex 32.865 30.2275 -2.5
      vertex 30.9401 31.4482 -2.5
      vertex 30.9399 31.4504 -2.5
    endloop
  endfacet
  facet normal 0 0 -1
    outer loop
      vertex 30.9401 31.4482 -2.5
      vertex 31.7725 29.135 -2.5
      vertex 31.6224 28.7725 -2.5
    endloop
  endfacet
  facet normal 0 0 -1
    outer loop
      vertex 30.9401 31.4482 -2.5
      vertex 31.6224 28.7725 -2.5
      vertex 31.5308 28.3911 -2.5
    endloop
  endfacet
  facet normal 0 0 -1
    outer loop
      vertex 30.9401 31.4482 -2.5
      vertex 31.5308 28.3911 -2.5
      vertex 31.5 28 -2.5
    endloop
  endfacet
  facet normal 0 0 -1
    outer loop
      vertex 32.865 30.2275 -2.5
      vertex 30.9399 31.4504 -2.5
      vertex 30.9162 31.7517 -2.5
    endloop
  endfacet
  facet normal 0 0 -1
    outer loop
      vertex 33.2275 30.3776 -2.5
      vertex 30.9162 31.7517 -2.5
      vertex 30.9157 31.7539 -2.5
    endloop
  endfacet
  facet normal 0 0 -1
    outer loop
      vertex 30.8452 32.0477 -2.5
      vertex 34.5896 32.3101 -2.5
      vertex 30.9157 31.7539 -2.5
    endloop
  endfacet
  facet normal -0 0 -1
    outer loop
      vertex 34.5896 32.3101 -2.5
      vertex 30.8452 32.0477 -2.5
      vertex 33.228 34.4142 -2.5
    endloop
  endfacet
  facet normal 0 0 -1
    outer loop
      vertex 30.8443 32.0498 -2.5
      vertex 33.228 34.4142 -2.5
      vertex 30.8452 32.0477 -2.5
    endloop
  endfacet
  facet normal 0 0 -1
    outer loop
      vertex 30.7287 32.329 -2.5
      vertex 33.228 34.4142 -2.5
      vertex 30.8443 32.0498 -2.5
    endloop
  endfacet
  facet normal 0 0 -1
    outer loop
      vertex 30.7275 32.3309 -2.5
      vertex 33.228 34.4142 -2.5
      vertex 30.7287 32.329 -2.5
    endloop
  endfacet
  facet normal 0 0 -1
    outer loop
      vertex 30.5696 32.5886 -2.5
      vertex 33.228 34.4142 -2.5
      vertex 30.7275 32.3309 -2.5
    endloop
  endfacet
  facet normal 0 0 -1
    outer loop
      vertex 30.3733 32.8184 -2.5
      vertex 33.228 34.4142 -2.5
      vertex 30.5696 32.5886 -2.5
    endloop
  endfacet
  facet normal 0 0 -1
    outer loop
      vertex 30.3719 32.8201 -2.5
      vertex 33.228 34.4142 -2.5
      vertex 30.3733 32.8184 -2.5
    endloop
  endfacet
  facet normal 0 0 -1
    outer loop
      vertex 30.1421 33.0163 -2.5
      vertex 33.228 34.4142 -2.5
      vertex 30.3719 32.8201 -2.5
    endloop
  endfacet
  facet normal 0 0 -1
    outer loop
      vertex 30.1404 33.0178 -2.5
      vertex 33.228 34.4142 -2.5
      vertex 30.1421 33.0163 -2.5
    endloop
  endfacet
  facet normal -0 0 -1
    outer loop
      vertex 33.228 34.4142 -2.5
      vertex 30.1404 33.0178 -2.5
      vertex 31.7043 36.4297 -2.5
    endloop
  endfacet
  facet normal 0 0 -1
    outer loop
      vertex 30.1385 33.0189 -2.5
      vertex 31.7043 36.4297 -2.5
      vertex 30.1404 33.0178 -2.5
    endloop
  endfacet
  facet normal 0 0 -1
    outer loop
      vertex 29.8808 33.1768 -2.5
      vertex 31.7043 36.4297 -2.5
      vertex 30.1385 33.0189 -2.5
    endloop
  endfacet
  facet normal 0 0 -1
    outer loop
      vertex 29.6016 33.2925 -2.5
      vertex 31.7043 36.4297 -2.5
      vertex 29.8808 33.1768 -2.5
    endloop
  endfacet
  facet normal 0 0 -1
    outer loop
      vertex 29.5995 33.2934 -2.5
      vertex 31.7043 36.4297 -2.5
      vertex 29.6016 33.2925 -2.5
    endloop
  endfacet
  facet normal 0 0 -1
    outer loop
      vertex 29.5974 33.2939 -2.5
      vertex 31.7043 36.4297 -2.5
      vertex 29.5995 33.2934 -2.5
    endloop
  endfacet
  facet normal 0 0 -1
    outer loop
      vertex 29.3035 33.3644 -2.5
      vertex 31.7043 36.4297 -2.5
      vertex 29.5974 33.2939 -2.5
    endloop
  endfacet
  facet normal 0 0 -1
    outer loop
      vertex 29.0022 33.3881 -2.5
      vertex 31.7043 36.4297 -2.5
      vertex 29.3035 33.3644 -2.5
    endloop
  endfacet
  facet normal -0 0 -1
    outer loop
      vertex 31.7043 36.4297 -2.5
      vertex 29.0022 33.3881 -2.5
      vertex 30.0257 38.3467 -2.5
    endloop
  endfacet
  facet normal 0 0 -1
    outer loop
      vertex 29 33.3883 -2.5
      vertex 30.0257 38.3467 -2.5
      vertex 29.0022 33.3881 -2.5
    endloop
  endfacet
  facet normal 0 0 -1
    outer loop
      vertex 28.9978 33.3881 -2.5
      vertex 30.0257 38.3467 -2.5
      vertex 29 33.3883 -2.5
    endloop
  endfacet
  facet normal 0 0 -1
    outer loop
      vertex 28.6965 33.3644 -2.5
      vertex 30.0257 38.3467 -2.5
      vertex 28.9978 33.3881 -2.5
    endloop
  endfacet
  facet normal 0 0 -1
    outer loop
      vertex 28.4026 33.2939 -2.5
      vertex 30.0257 38.3467 -2.5
      vertex 28.6965 33.3644 -2.5
    endloop
  endfacet
  facet normal 0 0 -1
    outer loop
      vertex 28.4005 33.2934 -2.5
      vertex 30.0257 38.3467 -2.5
      vertex 28.4026 33.2939 -2.5
    endloop
  endfacet
  facet normal 0 0 -1
    outer loop
      vertex 28.3984 33.2925 -2.5
      vertex 30.0257 38.3467 -2.5
      vertex 28.4005 33.2934 -2.5
    endloop
  endfacet
  facet normal 0 0 -1
    outer loop
      vertex 28.1192 33.1768 -2.5
      vertex 30.0257 38.3467 -2.5
      vertex 28.3984 33.2925 -2.5
    endloop
  endfacet
  facet normal -0 0 -1
    outer loop
      vertex 30.0257 38.3467 -2.5
      vertex 28.1192 33.1768 -2.5
      vertex 28.2003 40.1555 -2.5
    endloop
  endfacet
  facet normal 0 0 -1
    outer loop
      vertex 27.8615 33.0189 -2.5
      vertex 28.2003 40.1555 -2.5
      vertex 28.1192 33.1768 -2.5
    endloop
  endfacet
  facet normal 0 0 -1
    outer loop
      vertex 27.8596 33.0178 -2.5
      vertex 28.2003 40.1555 -2.5
      vertex 27.8615 33.0189 -2.5
    endloop
  endfacet
  facet normal 0 0 -1
    outer loop
      vertex 27.8579 33.0163 -2.5
      vertex 28.2003 40.1555 -2.5
      vertex 27.8596 33.0178 -2.5
    endloop
  endfacet
  facet normal 0 0 -1
    outer loop
      vertex 27.6281 32.8201 -2.5
      vertex 28.2003 40.1555 -2.5
      vertex 27.8579 33.0163 -2.5
    endloop
  endfacet
  facet normal 0 0 -1
    outer loop
      vertex 26.237 41.8471 -2.5
      vertex 27.6281 32.8201 -2.5
      vertex 27.6267 32.8184 -2.5
    endloop
  endfacet
  facet normal 0 0 -1
    outer loop
      vertex 26.237 41.8471 -2.5
      vertex 27.6267 32.8184 -2.5
      vertex 27.4304 32.5886 -2.5
    endloop
  endfacet
  facet normal 0 0 -1
    outer loop
      vertex 26.237 41.8471 -2.5
      vertex 27.4304 32.5886 -2.5
      vertex 27.2725 32.3309 -2.5
    endloop
  endfacet
  facet normal 0 0 -1
    outer loop
      vertex 26.237 41.8471 -2.5
      vertex 27.2725 32.3309 -2.5
      vertex 27.2713 32.329 -2.5
    endloop
  endfacet
  facet normal 0 0 -1
    outer loop
      vertex 26.237 41.8471 -2.5
      vertex 27.2713 32.329 -2.5
      vertex 27.1557 32.0498 -2.5
    endloop
  endfacet
  facet normal 0 0 -1
    outer loop
      vertex 26.237 41.8471 -2.5
      vertex 27.1557 32.0498 -2.5
      vertex 27.1548 32.0477 -2.5
    endloop
  endfacet
  facet normal 0 0 -1
    outer loop
      vertex 26.237 41.8471 -2.5
      vertex 27.1548 32.0477 -2.5
      vertex 27.0843 31.7539 -2.5
    endloop
  endfacet
  facet normal 0 0 -1
    outer loop
      vertex 26.237 41.8471 -2.5
      vertex 27.0843 31.7539 -2.5
      vertex 27.0838 31.7517 -2.5
    endloop
  endfacet
  facet normal 0 0 -1
    outer loop
      vertex 27.6281 32.8201 -2.5
      vertex 26.237 41.8471 -2.5
      vertex 28.2003 40.1555 -2.5
    endloop
  endfacet
  facet normal 0 0 -1
    outer loop
      vertex 27.06 31.4504 -2.5
      vertex 26.237 41.8471 -2.5
      vertex 27.0838 31.7517 -2.5
    endloop
  endfacet
  facet normal 0 0 -1
    outer loop
      vertex 26.237 41.8471 -2.5
      vertex 27.06 31.4504 -2.5
      vertex 27.0599 31.4482 -2.5
    endloop
  endfacet
  facet normal 0 0 -1
    outer loop
      vertex 35.7678 10.7678 -2.5
      vertex 37.1 13.0599 -2.5
      vertex 36.0225 10.4695 -2.5
    endloop
  endfacet
  facet normal -0 0 -1
    outer loop
      vertex 37.1 13.0599 -2.5
      vertex 35.7678 10.7678 -2.5
      vertex 37.0978 13.0601 -2.5
    endloop
  endfacet
  facet normal -0 0 -1
    outer loop
      vertex 37.0978 13.0601 -2.5
      vertex 35.7678 10.7678 -2.5
      vertex 36.7965 13.0838 -2.5
    endloop
  endfacet
  facet normal -0 0 -1
    outer loop
      vertex 36.7965 13.0838 -2.5
      vertex 35.7678 10.7678 -2.5
      vertex 36.7943 13.0843 -2.5
    endloop
  endfacet
  facet normal 0 0 -1
    outer loop
      vertex 35.4695 11.0225 -2.5
      vertex 36.7943 13.0843 -2.5
      vertex 35.7678 10.7678 -2.5
    endloop
  endfacet
  facet normal -0 0 -1
    outer loop
      vertex 36.7943 13.0843 -2.5
      vertex 35.4695 11.0225 -2.5
      vertex 36.5005 13.1548 -2.5
    endloop
  endfacet
  facet normal -0 0 -1
    outer loop
      vertex 36.5005 13.1548 -2.5
      vertex 35.4695 11.0225 -2.5
      vertex 36.4984 13.1557 -2.5
    endloop
  endfacet
  facet normal -0 0 -1
    outer loop
      vertex 36.4984 13.1557 -2.5
      vertex 35.4695 11.0225 -2.5
      vertex 36.2192 13.2713 -2.5
    endloop
  endfacet
  facet normal 0 0 -1
    outer loop
      vertex 35.135 11.2275 -2.5
      vertex 36.2192 13.2713 -2.5
      vertex 35.4695 11.0225 -2.5
    endloop
  endfacet
  facet normal -0 0 -1
    outer loop
      vertex 36.2192 13.2713 -2.5
      vertex 35.135 11.2275 -2.5
      vertex 36.2173 13.2725 -2.5
    endloop
  endfacet
  facet normal -0 0 -1
    outer loop
      vertex 36.2173 13.2725 -2.5
      vertex 35.135 11.2275 -2.5
      vertex 35.9596 13.4304 -2.5
    endloop
  endfacet
  facet normal 0 0 -1
    outer loop
      vertex 34.7725 11.3776 -2.5
      vertex 35.9596 13.4304 -2.5
      vertex 35.135 11.2275 -2.5
    endloop
  endfacet
  facet normal -0 0 -1
    outer loop
      vertex 35.9596 13.4304 -2.5
      vertex 34.7725 11.3776 -2.5
      vertex 35.7298 13.6267 -2.5
    endloop
  endfacet
  facet normal -0 0 -1
    outer loop
      vertex 35.7298 13.6267 -2.5
      vertex 34.7725 11.3776 -2.5
      vertex 35.7281 13.6281 -2.5
    endloop
  endfacet
  facet normal 0 0 -1
    outer loop
      vertex 34.3911 11.4692 -2.5
      vertex 35.7281 13.6281 -2.5
      vertex 34.7725 11.3776 -2.5
    endloop
  endfacet
  facet normal -0 0 -1
    outer loop
      vertex 35.7281 13.6281 -2.5
      vertex 34.3911 11.4692 -2.5
      vertex 35.7267 13.6298 -2.5
    endloop
  endfacet
  facet normal -0 0 -1
    outer loop
      vertex 35.7267 13.6298 -2.5
      vertex 34.3911 11.4692 -2.5
      vertex 35.5304 13.8596 -2.5
    endloop
  endfacet
  facet normal 0 0 -1
    outer loop
      vertex 34 11.5 -2.5
      vertex 35.5304 13.8596 -2.5
      vertex 34.3911 11.4692 -2.5
    endloop
  endfacet
  facet normal -0 0 -1
    outer loop
      vertex 35.5304 13.8596 -2.5
      vertex 34 11.5 -2.5
      vertex 35.5292 13.8615 -2.5
    endloop
  endfacet
  facet normal -0 0 -1
    outer loop
      vertex 35.5292 13.8615 -2.5
      vertex 34 11.5 -2.5
      vertex 35.3713 14.1192 -2.5
    endloop
  endfacet
  facet normal 0 0 -1
    outer loop
      vertex 33.6089 11.4692 -2.5
      vertex 35.3713 14.1192 -2.5
      vertex 34 11.5 -2.5
    endloop
  endfacet
  facet normal -0 0 -1
    outer loop
      vertex 35.3713 14.1192 -2.5
      vertex 33.6089 11.4692 -2.5
      vertex 35.2557 14.3984 -2.5
    endloop
  endfacet
  facet normal -0 0 -1
    outer loop
      vertex 35.2557 14.3984 -2.5
      vertex 33.6089 11.4692 -2.5
      vertex 35.2548 14.4005 -2.5
    endloop
  endfacet
  facet normal 0.171161 0.0935614 -0.980791
    outer loop
      vertex 35.7824 30.128 -2.5
      vertex 34.5896 32.3101 -2.5
      vertex 34.8198 32.4475 -2.44672
    endloop
  endfacet
  facet normal 0.625474 0.547692 -0.555712
    outer loop
      vertex 32.0885 36.7423 -2.29497
      vertex 30.3866 38.6859 -2.29497
      vertex 32.2062 36.8383 -2.06788
    endloop
  endfacet
  facet normal 0.487624 0.266567 -0.831363
    outer loop
      vertex 36.2257 30.349 -2.29497
      vertex 34.8198 32.4475 -2.44672
      vertex 35.015 32.5637 -2.29497
    endloop
  endfacet
  facet normal -0.191374 0.0378152 -0.980789
    outer loop
      vertex -38.7706 20.8313 -2.5
      vertex -39.0354 20.8731 -2.44672
      vertex -38.5597 23.2805 -2.44672
    endloop
  endfacet
  facet normal -0.555129 0.0217485 -0.83148
    outer loop
      vertex -39.4179 15.987 -2.44672
      vertex -39.5483 18.4602 -2.29497
      vertex -39.3217 18.4425 -2.44672
    endloop
  endfacet
  facet normal -0.19374 0.0228206 -0.980787
    outer loop
      vertex -38.7706 20.8313 -2.5
      vertex -39.3217 18.4425 -2.44672
      vertex -39.0354 20.8731 -2.44672
    endloop
  endfacet
  facet normal -0.551748 0.0649903 -0.831475
    outer loop
      vertex -39.3217 18.4425 -2.44672
      vertex -39.5483 18.4602 -2.29497
      vertex -39.0354 20.8731 -2.44672
    endloop
  endfacet
  facet normal 0.11692 0.15618 -0.980784
    outer loop
      vertex 26.4047 42.0562 -2.44672
      vertex 24.1443 43.4138 -2.5
      vertex 24.2975 43.6337 -2.44672
    endloop
  endfacet
  facet normal -0.362114 0.911541 -0.194849
    outer loop
      vertex -17.4576 47.8789 -2.06788
      vertex -17.4789 47.9277 -1.8
      vertex -14.9367 48.9376 -1.8
    endloop
  endfacet
  facet normal -0.362065 0.911498 -0.195141
    outer loop
      vertex -14.9187 48.8874 -2.06788
      vertex -17.4576 47.8789 -2.06788
      vertex -14.9367 48.9376 -1.8
    endloop
  endfacet
  facet normal -0.0949915 0.170378 -0.98079
    outer loop
      vertex -19.6147 46.1397 -2.5
      vertex -21.9333 44.847 -2.5
      vertex -19.7374 46.378 -2.44672
    endloop
  endfacet
  facet normal -0.0949727 0.170351 -0.980796
    outer loop
      vertex -21.9333 44.847 -2.5
      vertex -22.0717 45.0766 -2.44672
      vertex -19.7374 46.378 -2.44672
    endloop
  endfacet
  facet normal -0.729511 0.398799 -0.555673
    outer loop
      vertex -35.015 32.5637 -2.29497
      vertex -36.2257 30.349 -2.29497
      vertex -35.1455 32.6414 -2.06788
    endloop
  endfacet
  facet normal -0.698013 0.451678 -0.555666
    outer loop
      vertex -35.015 32.5637 -2.29497
      vertex -35.1455 32.6414 -2.06788
      vertex -33.7582 34.7853 -2.06788
    endloop
  endfacet
  facet normal 0.171594 0.528397 -0.831476
    outer loop
      vertex 14.7901 48.5309 -2.44672
      vertex 12.2016 49.3715 -2.44672
      vertex 12.2647 49.5898 -2.29497
    endloop
  endfacet
  facet normal 0.0363507 0.191657 -0.980789
    outer loop
      vertex 9.49457 49.7875 -2.5
      vertex 6.81564 50.2956 -2.5
      vertex 9.55286 50.0491 -2.44672
    endloop
  endfacet
  facet normal 0.243077 0.950148 -0.195275
    outer loop
      vertex 12.3072 49.7355 -2.06788
      vertex 9.63512 50.4191 -2.06788
      vertex 9.64667 50.4712 -1.8
    endloop
  endfacet
  facet normal 0.206099 0.805607 -0.555446
    outer loop
      vertex 12.2647 49.5898 -2.29497
      vertex 9.63512 50.4191 -2.06788
      vertex 12.3072 49.7355 -2.06788
    endloop
  endfacet
  facet normal 0.332872 0.444646 -0.831556
    outer loop
      vertex 26.4047 42.0562 -2.44672
      vertex 24.2975 43.6337 -2.44672
      vertex 24.4276 43.8201 -2.29497
    endloop
  endfacet
  facet normal 0.33303 0.444809 -0.831406
    outer loop
      vertex 26.4047 42.0562 -2.44672
      vertex 24.4276 43.8201 -2.29497
      vertex 26.547 42.2333 -2.29497
    endloop
  endfacet
  facet normal 0.183322 0.0667551 -0.980784
    outer loop
      vertex 37.6414 25.571 -2.5
      vertex 36.8014 27.8778 -2.5
      vertex 37.0496 27.979 -2.44672
    endloop
  endfacet
  facet normal 0.663295 0.501429 -0.555526
    outer loop
      vertex 33.6337 34.6984 -2.29497
      vertex 32.2062 36.8383 -2.06788
      vertex 33.7582 34.7853 -2.06788
    endloop
  endfacet
  facet normal 0.663197 0.501381 -0.555686
    outer loop
      vertex 33.6337 34.6984 -2.29497
      vertex 32.0885 36.7423 -2.29497
      vertex 32.2062 36.8383 -2.06788
    endloop
  endfacet
  facet normal 0.146757 0.128512 -0.980789
    outer loop
      vertex 31.9122 36.599 -2.44672
      vertex 30.0257 38.3467 -2.5
      vertex 30.221 38.5303 -2.44672
    endloop
  endfacet
  facet normal 0.137306 0.138565 -0.980789
    outer loop
      vertex 30.0257 38.3467 -2.5
      vertex 28.3822 40.3524 -2.44672
      vertex 30.221 38.5303 -2.44672
    endloop
  endfacet
  facet normal 0.420396 0.886153 -0.194935
    outer loop
      vertex 19.9112 46.7149 -2.06788
      vertex 17.4576 47.8789 -2.06788
      vertex 19.9355 46.7623 -1.8
    endloop
  endfacet
  facet normal 0.533466 0.822997 -0.195167
    outer loop
      vertex 24.5144 43.9447 -2.06788
      vertex 22.2671 45.4014 -2.06788
      vertex 22.2946 45.4471 -1.8
    endloop
  endfacet
  facet normal 0.356381 0.751217 -0.555577
    outer loop
      vertex 19.9112 46.7149 -2.06788
      vertex 17.397 47.7397 -2.29497
      vertex 17.4576 47.8789 -2.06788
    endloop
  endfacet
  facet normal 0.404888 0.72618 -0.555633
    outer loop
      vertex 22.1888 45.2713 -2.29497
      vertex 19.8416 46.58 -2.29497
      vertex 22.2671 45.4014 -2.06788
    endloop
  endfacet
  facet normal 0.498289 0.665537 -0.555669
    outer loop
      vertex 26.547 42.2333 -2.29497
      vertex 24.4276 43.8201 -2.29497
      vertex 26.6421 42.3517 -2.06788
    endloop
  endfacet
  facet normal 0.498298 0.665555 -0.55564
    outer loop
      vertex 26.6421 42.3517 -2.06788
      vertex 24.4276 43.8201 -2.29497
      vertex 24.5144 43.9447 -2.06788
    endloop
  endfacet
  facet normal 0.86061 0.470435 -0.195041
    outer loop
      vertex 36.3616 30.4168 -2.06788
      vertex 35.1913 32.6688 -1.8
      vertex 36.4093 30.4406 -1.8
    endloop
  endfacet
  facet normal 0.893454 0.404597 -0.19504
    outer loop
      vertex 37.4007 28.1222 -2.06788
      vertex 36.3616 30.4168 -2.06788
      vertex 36.4093 30.4406 -1.8
    endloop
  endfacet
  facet normal 0.981026 0.193874 0
    outer loop
      vertex 39.4626 20.9403 0
      vertex 38.9803 23.3808 -1.8
      vertex 38.9803 23.3808 0
    endloop
  endfacet
  facet normal 0.981026 0.193874 0
    outer loop
      vertex 38.9803 23.3808 -1.8
      vertex 39.4626 20.9403 0
      vertex 39.4626 20.9403 -1.8
    endloop
  endfacet
  facet normal 0.825753 0.0972777 -0.555581
    outer loop
      vertex 39.5483 18.4602 -2.29497
      vertex 39.4099 20.932 -2.06788
      vertex 39.6997 18.472 -2.06788
    endloop
  endfacet
  facet normal 0.974021 0.114744 -0.195236
    outer loop
      vertex 39.6997 18.472 -2.06788
      vertex 39.4099 20.932 -2.06788
      vertex 39.7529 18.4762 -1.8
    endloop
  endfacet
  facet normal 0.962159 0.190145 -0.195177
    outer loop
      vertex 39.4099 20.932 -2.06788
      vertex 38.9803 23.3808 -1.8
      vertex 39.4626 20.9403 -1.8
    endloop
  endfacet
  facet normal 0.0602437 0.185491 -0.980798
    outer loop
      vertex 14.6992 48.2787 -2.5
      vertex 12.127 49.1141 -2.5
      vertex 14.7901 48.5309 -2.44672
    endloop
  endfacet
  facet normal 0.127335 0.147787 -0.980788
    outer loop
      vertex 28.2003 40.1555 -2.5
      vertex 26.237 41.8471 -2.5
      vertex 26.4047 42.0562 -2.44672
    endloop
  endfacet
  facet normal 0.78241 0.591476 -0.194909
    outer loop
      vertex 33.7582 34.7853 -2.06788
      vertex 32.2062 36.8383 -2.06788
      vertex 33.8018 34.8159 -1.8
    endloop
  endfacet
  facet normal 0.823436 0.532888 -0.194894
    outer loop
      vertex 35.1913 32.6688 -1.8
      vertex 33.7582 34.7853 -2.06788
      vertex 33.8018 34.8159 -1.8
    endloop
  endfacet
  facet normal -0.0835815 0.176186 -0.980802
    outer loop
      vertex -17.1992 47.2856 -2.5
      vertex -19.6147 46.1397 -2.5
      vertex -17.3065 47.5313 -2.44672
    endloop
  endfacet
  facet normal -0.0836126 0.176237 -0.98079
    outer loop
      vertex -19.6147 46.1397 -2.5
      vertex -19.7374 46.378 -2.44672
      vertex -17.3065 47.5313 -2.44672
    endloop
  endfacet
  facet normal 0.0602569 0.185552 -0.980785
    outer loop
      vertex 14.7901 48.5309 -2.44672
      vertex 12.127 49.1141 -2.5
      vertex 12.2016 49.3715 -2.44672
    endloop
  endfacet
  facet normal 0.477602 0.856684 -0.19491
    outer loop
      vertex 22.2946 45.4471 -1.8
      vertex 19.9112 46.7149 -2.06788
      vertex 19.9355 46.7623 -1.8
    endloop
  endfacet
  facet normal 0.4776 0.856626 -0.195169
    outer loop
      vertex 22.2671 45.4014 -2.06788
      vertex 19.9112 46.7149 -2.06788
      vertex 22.2946 45.4471 -1.8
    endloop
  endfacet
  facet normal 0.58521 0.590572 -0.555656
    outer loop
      vertex 30.3866 38.6859 -2.29497
      vertex 28.5365 40.5192 -2.29497
      vertex 28.6396 40.6307 -2.06788
    endloop
  endfacet
  facet normal 0.542687 0.629877 -0.555649
    outer loop
      vertex 28.5365 40.5192 -2.29497
      vertex 26.6421 42.3517 -2.06788
      vertex 28.6396 40.6307 -2.06788
    endloop
  endfacet
  facet normal 0.860563 0.470435 -0.19525
    outer loop
      vertex 36.3616 30.4168 -2.06788
      vertex 35.1455 32.6414 -2.06788
      vertex 35.1913 32.6688 -1.8
    endloop
  endfacet
  facet normal 0.75738 0.342976 -0.555646
    outer loop
      vertex 37.4007 28.1222 -2.06788
      vertex 36.2257 30.349 -2.29497
      vertex 36.3616 30.4168 -2.06788
    endloop
  endfacet
  facet normal 0.963102 0.269135 0
    outer loop
      vertex 38.9803 23.3808 0
      vertex 38.3084 25.7852 -1.8
      vertex 38.3084 25.7852 0
    endloop
  endfacet
  facet normal 0.963102 0.269135 0
    outer loop
      vertex 38.3084 25.7852 -1.8
      vertex 38.9803 23.3808 0
      vertex 38.9803 23.3808 -1.8
    endloop
  endfacet
  facet normal 0.781259 0.284479 -0.555613
    outer loop
      vertex 38.113 25.7225 -2.29497
      vertex 37.2601 28.0648 -2.29497
      vertex 37.4007 28.1222 -2.06788
    endloop
  endfacet
  facet normal 0.545106 0.107712 -0.831419
    outer loop
      vertex 39.0354 20.8731 -2.44672
      vertex 38.5597 23.2805 -2.44672
      vertex 39.2599 20.9083 -2.29497
    endloop
  endfacet
  facet normal 0.962167 0.190143 -0.195144
    outer loop
      vertex 39.4099 20.932 -2.06788
      vertex 38.9284 23.3685 -2.06788
      vertex 38.9803 23.3808 -1.8
    endloop
  endfacet
  facet normal 0.921645 0.335596 -0.194798
    outer loop
      vertex 38.2576 25.7689 -2.06788
      vertex 37.4007 28.1222 -2.06788
      vertex 37.45 28.1423 -1.8
    endloop
  endfacet
  facet normal 0.362669 0.420929 -0.831438
    outer loop
      vertex 28.3822 40.3524 -2.44672
      vertex 26.4047 42.0562 -2.44672
      vertex 28.5365 40.5192 -2.29497
    endloop
  endfacet
  facet normal 0.362697 0.420971 -0.831405
    outer loop
      vertex 28.5365 40.5192 -2.29497
      vertex 26.4047 42.0562 -2.44672
      vertex 26.547 42.2333 -2.29497
    endloop
  endfacet
  facet normal 0.729529 0.398804 -0.555647
    outer loop
      vertex 36.2257 30.349 -2.29497
      vertex 35.1455 32.6414 -2.06788
      vertex 36.3616 30.4168 -2.06788
    endloop
  endfacet
  facet normal 0.466565 0.301934 -0.831356
    outer loop
      vertex 34.8198 32.4475 -2.44672
      vertex 33.4476 34.5679 -2.44672
      vertex 35.015 32.5637 -2.29497
    endloop
  endfacet
  facet normal 0.443121 0.335002 -0.831515
    outer loop
      vertex 33.4476 34.5679 -2.44672
      vertex 32.0885 36.7423 -2.29497
      vertex 33.6337 34.6984 -2.29497
    endloop
  endfacet
  facet normal 0.729511 0.398799 -0.555673
    outer loop
      vertex 36.2257 30.349 -2.29497
      vertex 35.015 32.5637 -2.29497
      vertex 35.1455 32.6414 -2.06788
    endloop
  endfacet
  facet normal 0.551811 0.0650064 -0.831432
    outer loop
      vertex 39.5483 18.4602 -2.29497
      vertex 39.0354 20.8731 -2.44672
      vertex 39.2599 20.9083 -2.29497
    endloop
  endfacet
  facet normal 0.944588 0.263968 -0.195128
    outer loop
      vertex 38.9284 23.3685 -2.06788
      vertex 38.2576 25.7689 -2.06788
      vertex 38.9803 23.3808 -1.8
    endloop
  endfacet
  facet normal 0.698013 0.451678 -0.555666
    outer loop
      vertex 35.015 32.5637 -2.29497
      vertex 33.7582 34.7853 -2.06788
      vertex 35.1455 32.6414 -2.06788
    endloop
  endfacet
  facet normal 0.823395 0.532812 -0.195276
    outer loop
      vertex 35.1455 32.6414 -2.06788
      vertex 33.7582 34.7853 -2.06788
      vertex 35.1913 32.6688 -1.8
    endloop
  endfacet
  facet normal 0.698076 0.451704 -0.555566
    outer loop
      vertex 35.015 32.5637 -2.29497
      vertex 33.6337 34.6984 -2.29497
      vertex 33.7582 34.7853 -2.06788
    endloop
  endfacet
  facet normal 0.466397 0.301792 -0.831502
    outer loop
      vertex 35.015 32.5637 -2.29497
      vertex 33.4476 34.5679 -2.44672
      vertex 33.6337 34.6984 -2.29497
    endloop
  endfacet
  facet normal 0.535208 0.149572 -0.831373
    outer loop
      vertex 38.7807 23.3333 -2.29497
      vertex 37.8967 25.653 -2.44672
      vertex 38.113 25.7225 -2.29497
    endloop
  endfacet
  facet normal 0.80076 0.223785 -0.55561
    outer loop
      vertex 38.7807 23.3333 -2.29497
      vertex 38.113 25.7225 -2.29497
      vertex 38.2576 25.7689 -2.06788
    endloop
  endfacet
  facet normal 0.815676 0.161184 -0.555601
    outer loop
      vertex 39.2599 20.9083 -2.29497
      vertex 38.7807 23.3333 -2.29497
      vertex 39.4099 20.932 -2.06788
    endloop
  endfacet
  facet normal 0.825749 0.0972779 -0.555585
    outer loop
      vertex 39.5483 18.4602 -2.29497
      vertex 39.2599 20.9083 -2.29497
      vertex 39.4099 20.932 -2.06788
    endloop
  endfacet
  facet normal 0.921558 0.33561 -0.195183
    outer loop
      vertex 38.2576 25.7689 -2.06788
      vertex 37.45 28.1423 -1.8
      vertex 38.3084 25.7852 -1.8
    endloop
  endfacet
  facet normal 0.944578 0.263959 -0.195188
    outer loop
      vertex 38.9803 23.3808 -1.8
      vertex 38.2576 25.7689 -2.06788
      vertex 38.3084 25.7852 -1.8
    endloop
  endfacet
  facet normal 0.545141 0.107724 -0.831394
    outer loop
      vertex 39.2599 20.9083 -2.29497
      vertex 38.5597 23.2805 -2.44672
      vertex 38.7807 23.3333 -2.29497
    endloop
  endfacet
  facet normal 0.535158 0.149551 -0.831409
    outer loop
      vertex 38.5597 23.2805 -2.44672
      vertex 37.8967 25.653 -2.44672
      vertex 38.7807 23.3333 -2.29497
    endloop
  endfacet
  facet normal -0.233084 0.972457 0
    outer loop
      vertex -6.87553 28.3054 -1.5
      vertex -7.03574 28.267 2.5
      vertex -6.87553 28.3054 2.5
    endloop
  endfacet
  facet normal -0.233084 0.972457 0
    outer loop
      vertex -7.03574 28.267 2.5
      vertex -6.87553 28.3054 -1.5
      vertex -7.03574 28.267 -1.5
    endloop
  endfacet
  facet normal -0.972371 -0.233442 0
    outer loop
      vertex -6.16293 29.4683 -1.5
      vertex -6.20139 29.6285 2.5
      vertex -6.20139 29.6285 -1.5
    endloop
  endfacet
  facet normal -0.972371 -0.233442 0
    outer loop
      vertex -6.20139 29.6285 2.5
      vertex -6.16293 29.4683 -1.5
      vertex -6.16293 29.4683 2.5
    endloop
  endfacet
  facet normal -0.996914 -0.0785024 0
    outer loop
      vertex -6.15 29.3041 -1.5
      vertex -6.16293 29.4683 2.5
      vertex -6.16293 29.4683 -1.5
    endloop
  endfacet
  facet normal -0.996914 -0.0785024 0
    outer loop
      vertex -6.16293 29.4683 2.5
      vertex -6.15 29.3041 -1.5
      vertex -6.15 29.3041 2.5
    endloop
  endfacet
  facet normal -0.923865 -0.382718 0
    outer loop
      vertex -6.20139 29.6285 -1.5
      vertex -6.26444 29.7807 2.5
      vertex -6.26444 29.7807 -1.5
    endloop
  endfacet
  facet normal -0.923865 -0.382718 0
    outer loop
      vertex -6.26444 29.7807 2.5
      vertex -6.20139 29.6285 -1.5
      vertex -6.20139 29.6285 2.5
    endloop
  endfacet
  facet normal 0.996914 -0.0785024 0
    outer loop
      vertex -8.25 29.3041 2.5
      vertex -8.23707 29.4683 -1.5
      vertex -8.23707 29.4683 2.5
    endloop
  endfacet
  facet normal 0.996914 -0.0785024 0
    outer loop
      vertex -8.23707 29.4683 -1.5
      vertex -8.25 29.3041 2.5
      vertex -8.25 29.3041 -1.5
    endloop
  endfacet
  facet normal -0.852663 0.522461 0
    outer loop
      vertex -6.35053 28.6869 -1.5
      vertex -6.26444 28.8274 2.5
      vertex -6.26444 28.8274 -1.5
    endloop
  endfacet
  facet normal -0.852663 0.522461 0
    outer loop
      vertex -6.26444 28.8274 2.5
      vertex -6.35053 28.6869 -1.5
      vertex -6.35053 28.6869 2.5
    endloop
  endfacet
  facet normal 0.972371 0.233442 0
    outer loop
      vertex -8.19861 28.9796 2.5
      vertex -8.23707 29.1398 -1.5
      vertex -8.23707 29.1398 2.5
    endloop
  endfacet
  facet normal 0.972371 0.233442 0
    outer loop
      vertex -8.23707 29.1398 -1.5
      vertex -8.19861 28.9796 2.5
      vertex -8.19861 28.9796 -1.5
    endloop
  endfacet
  facet normal 0.233084 0.972457 -0
    outer loop
      vertex -7.36426 28.267 -1.5
      vertex -7.52447 28.3054 2.5
      vertex -7.36426 28.267 2.5
    endloop
  endfacet
  facet normal 0.233084 0.972457 0
    outer loop
      vertex -7.52447 28.3054 2.5
      vertex -7.36426 28.267 -1.5
      vertex -7.52447 28.3054 -1.5
    endloop
  endfacet
  facet normal -0.760425 -0.649426 0
    outer loop
      vertex -6.35053 29.9212 -1.5
      vertex -6.45754 30.0465 2.5
      vertex -6.45754 30.0465 -1.5
    endloop
  endfacet
  facet normal -0.760425 -0.649426 0
    outer loop
      vertex -6.45754 30.0465 2.5
      vertex -6.35053 29.9212 -1.5
      vertex -6.35053 29.9212 2.5
    endloop
  endfacet
  facet normal -0.852663 -0.522461 0
    outer loop
      vertex -6.26444 29.7807 -1.5
      vertex -6.35053 29.9212 2.5
      vertex -6.35053 29.9212 -1.5
    endloop
  endfacet
  facet normal -0.852663 -0.522461 0
    outer loop
      vertex -6.35053 29.9212 2.5
      vertex -6.26444 29.7807 -1.5
      vertex -6.26444 29.7807 2.5
    endloop
  endfacet
  facet normal 0.233084 -0.972457 0
    outer loop
      vertex -7.52447 30.3027 -1.5
      vertex -7.36426 30.3411 2.5
      vertex -7.52447 30.3027 2.5
    endloop
  endfacet
  facet normal 0.233084 -0.972457 0
    outer loop
      vertex -7.36426 30.3411 2.5
      vertex -7.52447 30.3027 -1.5
      vertex -7.36426 30.3411 -1.5
    endloop
  endfacet
  facet normal 0.0788961 0.996883 -0
    outer loop
      vertex -7.2 28.254 -1.5
      vertex -7.36426 28.267 2.5
      vertex -7.2 28.254 2.5
    endloop
  endfacet
  facet normal 0.0788961 0.996883 0
    outer loop
      vertex -7.36426 28.267 2.5
      vertex -7.2 28.254 -1.5
      vertex -7.36426 28.267 -1.5
    endloop
  endfacet
  facet normal -0.760425 0.649426 0
    outer loop
      vertex -6.45754 28.5616 -1.5
      vertex -6.35053 28.6869 2.5
      vertex -6.35053 28.6869 -1.5
    endloop
  endfacet
  facet normal -0.760425 0.649426 0
    outer loop
      vertex -6.35053 28.6869 2.5
      vertex -6.45754 28.5616 -1.5
      vertex -6.45754 28.5616 2.5
    endloop
  endfacet
  facet normal 0.382934 -0.923776 0
    outer loop
      vertex -7.67669 30.2396 -1.5
      vertex -7.52447 30.3027 2.5
      vertex -7.67669 30.2396 2.5
    endloop
  endfacet
  facet normal 0.382934 -0.923776 0
    outer loop
      vertex -7.52447 30.3027 2.5
      vertex -7.67669 30.2396 -1.5
      vertex -7.52447 30.3027 -1.5
    endloop
  endfacet
  facet normal -0.996918 0.0784549 0
    outer loop
      vertex -6.16293 29.1398 -1.5
      vertex -6.15 29.3041 2.5
      vertex -6.15 29.3041 -1.5
    endloop
  endfacet
  facet normal -0.996918 0.0784549 0
    outer loop
      vertex -6.15 29.3041 2.5
      vertex -6.16293 29.1398 -1.5
      vertex -6.16293 29.1398 2.5
    endloop
  endfacet
  facet normal -0.923865 0.382718 0
    outer loop
      vertex -6.26444 28.8274 -1.5
      vertex -6.20139 28.9796 2.5
      vertex -6.20139 28.9796 -1.5
    endloop
  endfacet
  facet normal -0.923865 0.382718 0
    outer loop
      vertex -6.20139 28.9796 2.5
      vertex -6.26444 28.8274 -1.5
      vertex -6.26444 28.8274 2.5
    endloop
  endfacet
  facet normal 0.649421 -0.760429 0
    outer loop
      vertex -7.94246 30.0465 -1.5
      vertex -7.81717 30.1535 2.5
      vertex -7.94246 30.0465 2.5
    endloop
  endfacet
  facet normal 0.649421 -0.760429 0
    outer loop
      vertex -7.81717 30.1535 2.5
      vertex -7.94246 30.0465 -1.5
      vertex -7.81717 30.1535 -1.5
    endloop
  endfacet
  facet normal 0.972371 -0.233442 0
    outer loop
      vertex -8.23707 29.4683 2.5
      vertex -8.19861 29.6285 -1.5
      vertex -8.19861 29.6285 2.5
    endloop
  endfacet
  facet normal 0.972371 -0.233442 0
    outer loop
      vertex -8.19861 29.6285 -1.5
      vertex -8.23707 29.4683 2.5
      vertex -8.23707 29.4683 -1.5
    endloop
  endfacet
  facet normal -0.078293 -0.99693 0
    outer loop
      vertex -7.2 30.354 -1.5
      vertex -7.03574 30.3411 2.5
      vertex -7.2 30.354 2.5
    endloop
  endfacet
  facet normal -0.078293 -0.99693 -0
    outer loop
      vertex -7.03574 30.3411 2.5
      vertex -7.2 30.354 -1.5
      vertex -7.03574 30.3411 -1.5
    endloop
  endfacet
  facet normal 0.649421 0.760429 -0
    outer loop
      vertex -7.81717 28.4546 -1.5
      vertex -7.94246 28.5616 2.5
      vertex -7.81717 28.4546 2.5
    endloop
  endfacet
  facet normal 0.649421 0.760429 0
    outer loop
      vertex -7.94246 28.5616 2.5
      vertex -7.81717 28.4546 -1.5
      vertex -7.94246 28.5616 -1.5
    endloop
  endfacet
  facet normal 0.382934 0.923776 -0
    outer loop
      vertex -7.52447 28.3054 -1.5
      vertex -7.67669 28.3685 2.5
      vertex -7.52447 28.3054 2.5
    endloop
  endfacet
  facet normal 0.382934 0.923776 0
    outer loop
      vertex -7.67669 28.3685 2.5
      vertex -7.52447 28.3054 -1.5
      vertex -7.67669 28.3685 -1.5
    endloop
  endfacet
  facet normal -0.0788961 0.996883 0
    outer loop
      vertex -7.03574 28.267 -1.5
      vertex -7.2 28.254 2.5
      vertex -7.03574 28.267 2.5
    endloop
  endfacet
  facet normal -0.0788961 0.996883 0
    outer loop
      vertex -7.2 28.254 2.5
      vertex -7.03574 28.267 -1.5
      vertex -7.2 28.254 -1.5
    endloop
  endfacet
  facet normal -0.522532 -0.85262 0
    outer loop
      vertex -6.72331 30.2396 -1.5
      vertex -6.58282 30.1535 2.5
      vertex -6.72331 30.2396 2.5
    endloop
  endfacet
  facet normal -0.522532 -0.85262 -0
    outer loop
      vertex -6.58282 30.1535 2.5
      vertex -6.72331 30.2396 -1.5
      vertex -6.58282 30.1535 -1.5
    endloop
  endfacet
  facet normal 0.760425 -0.649426 0
    outer loop
      vertex -8.04947 29.9212 2.5
      vertex -7.94246 30.0465 -1.5
      vertex -7.94246 30.0465 2.5
    endloop
  endfacet
  facet normal 0.760425 -0.649426 0
    outer loop
      vertex -7.94246 30.0465 -1.5
      vertex -8.04947 29.9212 2.5
      vertex -8.04947 29.9212 -1.5
    endloop
  endfacet
  facet normal -0.649451 -0.760404 0
    outer loop
      vertex -6.58282 30.1535 -1.5
      vertex -6.45754 30.0465 2.5
      vertex -6.58282 30.1535 2.5
    endloop
  endfacet
  facet normal -0.649451 -0.760404 -0
    outer loop
      vertex -6.45754 30.0465 2.5
      vertex -6.58282 30.1535 -1.5
      vertex -6.45754 30.0465 -1.5
    endloop
  endfacet
  facet normal 0.522559 -0.852603 0
    outer loop
      vertex -7.81717 30.1535 -1.5
      vertex -7.67669 30.2396 2.5
      vertex -7.81717 30.1535 2.5
    endloop
  endfacet
  facet normal 0.522559 -0.852603 0
    outer loop
      vertex -7.67669 30.2396 2.5
      vertex -7.81717 30.1535 -1.5
      vertex -7.67669 30.2396 -1.5
    endloop
  endfacet
  facet normal -0.233084 -0.972457 0
    outer loop
      vertex -7.03574 30.3411 -1.5
      vertex -6.87553 30.3027 2.5
      vertex -7.03574 30.3411 2.5
    endloop
  endfacet
  facet normal -0.233084 -0.972457 -0
    outer loop
      vertex -6.87553 30.3027 2.5
      vertex -7.03574 30.3411 -1.5
      vertex -6.87553 30.3027 -1.5
    endloop
  endfacet
  facet normal -0.972371 0.233442 0
    outer loop
      vertex -6.20139 28.9796 -1.5
      vertex -6.16293 29.1398 2.5
      vertex -6.16293 29.1398 -1.5
    endloop
  endfacet
  facet normal -0.972371 0.233442 0
    outer loop
      vertex -6.16293 29.1398 2.5
      vertex -6.20139 28.9796 -1.5
      vertex -6.20139 28.9796 2.5
    endloop
  endfacet
  facet normal 0.923865 0.382718 0
    outer loop
      vertex -8.13556 28.8274 2.5
      vertex -8.19861 28.9796 -1.5
      vertex -8.19861 28.9796 2.5
    endloop
  endfacet
  facet normal 0.923865 0.382718 0
    outer loop
      vertex -8.19861 28.9796 -1.5
      vertex -8.13556 28.8274 2.5
      vertex -8.13556 28.8274 -1.5
    endloop
  endfacet
  facet normal 0.852663 0.522461 0
    outer loop
      vertex -8.04947 28.6869 2.5
      vertex -8.13556 28.8274 -1.5
      vertex -8.13556 28.8274 2.5
    endloop
  endfacet
  facet normal 0.852663 0.522461 0
    outer loop
      vertex -8.13556 28.8274 -1.5
      vertex -8.04947 28.6869 2.5
      vertex -8.04947 28.6869 -1.5
    endloop
  endfacet
  facet normal 0.852663 -0.522461 0
    outer loop
      vertex -8.13556 29.7807 2.5
      vertex -8.04947 29.9212 -1.5
      vertex -8.04947 29.9212 2.5
    endloop
  endfacet
  facet normal 0.852663 -0.522461 0
    outer loop
      vertex -8.04947 29.9212 -1.5
      vertex -8.13556 29.7807 2.5
      vertex -8.13556 29.7807 -1.5
    endloop
  endfacet
  facet normal 0.760425 0.649426 0
    outer loop
      vertex -7.94246 28.5616 2.5
      vertex -8.04947 28.6869 -1.5
      vertex -8.04947 28.6869 2.5
    endloop
  endfacet
  facet normal 0.760425 0.649426 0
    outer loop
      vertex -8.04947 28.6869 -1.5
      vertex -7.94246 28.5616 2.5
      vertex -7.94246 28.5616 -1.5
    endloop
  endfacet
  facet normal 0.923865 -0.382718 0
    outer loop
      vertex -8.19861 29.6285 2.5
      vertex -8.13556 29.7807 -1.5
      vertex -8.13556 29.7807 2.5
    endloop
  endfacet
  facet normal 0.923865 -0.382718 0
    outer loop
      vertex -8.13556 29.7807 -1.5
      vertex -8.19861 29.6285 2.5
      vertex -8.19861 29.6285 -1.5
    endloop
  endfacet
  facet normal -0.382934 0.923776 0
    outer loop
      vertex -6.72331 28.3685 -1.5
      vertex -6.87553 28.3054 2.5
      vertex -6.72331 28.3685 2.5
    endloop
  endfacet
  facet normal -0.382934 0.923776 0
    outer loop
      vertex -6.87553 28.3054 2.5
      vertex -6.72331 28.3685 -1.5
      vertex -6.87553 28.3054 -1.5
    endloop
  endfacet
  facet normal -0.382934 -0.923776 0
    outer loop
      vertex -6.87553 30.3027 -1.5
      vertex -6.72331 30.2396 2.5
      vertex -6.87553 30.3027 2.5
    endloop
  endfacet
  facet normal -0.382934 -0.923776 -0
    outer loop
      vertex -6.72331 30.2396 2.5
      vertex -6.87553 30.3027 -1.5
      vertex -6.72331 30.2396 -1.5
    endloop
  endfacet
  facet normal 0.078293 -0.99693 0
    outer loop
      vertex -7.36426 30.3411 -1.5
      vertex -7.2 30.354 2.5
      vertex -7.36426 30.3411 2.5
    endloop
  endfacet
  facet normal 0.078293 -0.99693 0
    outer loop
      vertex -7.2 30.354 2.5
      vertex -7.36426 30.3411 -1.5
      vertex -7.2 30.354 -1.5
    endloop
  endfacet
  facet normal -0.522532 0.85262 0
    outer loop
      vertex -6.58282 28.4546 -1.5
      vertex -6.72331 28.3685 2.5
      vertex -6.58282 28.4546 2.5
    endloop
  endfacet
  facet normal -0.522532 0.85262 0
    outer loop
      vertex -6.72331 28.3685 2.5
      vertex -6.58282 28.4546 -1.5
      vertex -6.72331 28.3685 -1.5
    endloop
  endfacet
  facet normal 0 0 1
    outer loop
      vertex -6.16293 29.4683 -1.5
      vertex -6.16293 29.1398 -1.5
      vertex -6.15 29.3041 -1.5
    endloop
  endfacet
  facet normal 0 0 1
    outer loop
      vertex -6.20139 29.6285 -1.5
      vertex -6.16293 29.1398 -1.5
      vertex -6.16293 29.4683 -1.5
    endloop
  endfacet
  facet normal 0 0 1
    outer loop
      vertex -6.20139 29.6285 -1.5
      vertex -6.20139 28.9796 -1.5
      vertex -6.16293 29.1398 -1.5
    endloop
  endfacet
  facet normal 0 0 1
    outer loop
      vertex -6.26444 29.7807 -1.5
      vertex -6.20139 28.9796 -1.5
      vertex -6.20139 29.6285 -1.5
    endloop
  endfacet
  facet normal 0 0 1
    outer loop
      vertex -6.26444 29.7807 -1.5
      vertex -6.26444 28.8274 -1.5
      vertex -6.20139 28.9796 -1.5
    endloop
  endfacet
  facet normal 0 0 1
    outer loop
      vertex -6.35053 29.9212 -1.5
      vertex -6.26444 28.8274 -1.5
      vertex -6.26444 29.7807 -1.5
    endloop
  endfacet
  facet normal 0 0 1
    outer loop
      vertex -6.35053 29.9212 -1.5
      vertex -6.35053 28.6869 -1.5
      vertex -6.26444 28.8274 -1.5
    endloop
  endfacet
  facet normal 0 0 1
    outer loop
      vertex -6.45754 30.0465 -1.5
      vertex -6.35053 28.6869 -1.5
      vertex -6.35053 29.9212 -1.5
    endloop
  endfacet
  facet normal 0 0 1
    outer loop
      vertex -6.45754 30.0465 -1.5
      vertex -6.45754 28.5616 -1.5
      vertex -6.35053 28.6869 -1.5
    endloop
  endfacet
  facet normal 0 0 1
    outer loop
      vertex -6.58282 30.1535 -1.5
      vertex -6.45754 28.5616 -1.5
      vertex -6.45754 30.0465 -1.5
    endloop
  endfacet
  facet normal 0 0 1
    outer loop
      vertex -6.58282 30.1535 -1.5
      vertex -6.58282 28.4546 -1.5
      vertex -6.45754 28.5616 -1.5
    endloop
  endfacet
  facet normal 0 0 1
    outer loop
      vertex -6.72331 30.2396 -1.5
      vertex -6.58282 28.4546 -1.5
      vertex -6.58282 30.1535 -1.5
    endloop
  endfacet
  facet normal 0 0 1
    outer loop
      vertex -6.72331 30.2396 -1.5
      vertex -6.72331 28.3685 -1.5
      vertex -6.58282 28.4546 -1.5
    endloop
  endfacet
  facet normal 0 0 1
    outer loop
      vertex -6.87553 30.3027 -1.5
      vertex -6.72331 28.3685 -1.5
      vertex -6.72331 30.2396 -1.5
    endloop
  endfacet
  facet normal 0 0 1
    outer loop
      vertex -6.87553 30.3027 -1.5
      vertex -6.87553 28.3054 -1.5
      vertex -6.72331 28.3685 -1.5
    endloop
  endfacet
  facet normal 0 0 1
    outer loop
      vertex -7.03574 30.3411 -1.5
      vertex -6.87553 28.3054 -1.5
      vertex -6.87553 30.3027 -1.5
    endloop
  endfacet
  facet normal 0 0 1
    outer loop
      vertex -7.03574 30.3411 -1.5
      vertex -7.03574 28.267 -1.5
      vertex -6.87553 28.3054 -1.5
    endloop
  endfacet
  facet normal 0 0 1
    outer loop
      vertex -7.2 30.354 -1.5
      vertex -7.03574 28.267 -1.5
      vertex -7.03574 30.3411 -1.5
    endloop
  endfacet
  facet normal 0 0 1
    outer loop
      vertex -7.2 30.354 -1.5
      vertex -7.2 28.254 -1.5
      vertex -7.03574 28.267 -1.5
    endloop
  endfacet
  facet normal -0 0 1
    outer loop
      vertex -7.36426 30.3411 -1.5
      vertex -7.2 28.254 -1.5
      vertex -7.2 30.354 -1.5
    endloop
  endfacet
  facet normal 0 0 1
    outer loop
      vertex -7.36426 30.3411 -1.5
      vertex -7.36426 28.267 -1.5
      vertex -7.2 28.254 -1.5
    endloop
  endfacet
  facet normal -0 0 1
    outer loop
      vertex -7.52447 30.3027 -1.5
      vertex -7.36426 28.267 -1.5
      vertex -7.36426 30.3411 -1.5
    endloop
  endfacet
  facet normal 0 0 1
    outer loop
      vertex -7.52447 30.3027 -1.5
      vertex -7.52447 28.3054 -1.5
      vertex -7.36426 28.267 -1.5
    endloop
  endfacet
  facet normal -0 0 1
    outer loop
      vertex -7.67669 30.2396 -1.5
      vertex -7.52447 28.3054 -1.5
      vertex -7.52447 30.3027 -1.5
    endloop
  endfacet
  facet normal 0 0 1
    outer loop
      vertex -7.67669 30.2396 -1.5
      vertex -7.67669 28.3685 -1.5
      vertex -7.52447 28.3054 -1.5
    endloop
  endfacet
  facet normal -0 0 1
    outer loop
      vertex -7.81717 30.1535 -1.5
      vertex -7.67669 28.3685 -1.5
      vertex -7.67669 30.2396 -1.5
    endloop
  endfacet
  facet normal 0 0 1
    outer loop
      vertex -7.81717 30.1535 -1.5
      vertex -7.81717 28.4546 -1.5
      vertex -7.67669 28.3685 -1.5
    endloop
  endfacet
  facet normal -0 0 1
    outer loop
      vertex -7.94246 30.0465 -1.5
      vertex -7.81717 28.4546 -1.5
      vertex -7.81717 30.1535 -1.5
    endloop
  endfacet
  facet normal 0 0 1
    outer loop
      vertex -7.94246 30.0465 -1.5
      vertex -7.94246 28.5616 -1.5
      vertex -7.81717 28.4546 -1.5
    endloop
  endfacet
  facet normal -0 0 1
    outer loop
      vertex -8.04947 29.9212 -1.5
      vertex -7.94246 28.5616 -1.5
      vertex -7.94246 30.0465 -1.5
    endloop
  endfacet
  facet normal 0 0 1
    outer loop
      vertex -8.04947 29.9212 -1.5
      vertex -8.04947 28.6869 -1.5
      vertex -7.94246 28.5616 -1.5
    endloop
  endfacet
  facet normal -0 0 1
    outer loop
      vertex -8.13556 29.7807 -1.5
      vertex -8.04947 28.6869 -1.5
      vertex -8.04947 29.9212 -1.5
    endloop
  endfacet
  facet normal 0 0 1
    outer loop
      vertex -8.13556 29.7807 -1.5
      vertex -8.13556 28.8274 -1.5
      vertex -8.04947 28.6869 -1.5
    endloop
  endfacet
  facet normal -0 0 1
    outer loop
      vertex -8.19861 29.6285 -1.5
      vertex -8.13556 28.8274 -1.5
      vertex -8.13556 29.7807 -1.5
    endloop
  endfacet
  facet normal 0 0 1
    outer loop
      vertex -8.19861 29.6285 -1.5
      vertex -8.19861 28.9796 -1.5
      vertex -8.13556 28.8274 -1.5
    endloop
  endfacet
  facet normal -0 0 1
    outer loop
      vertex -8.23707 29.4683 -1.5
      vertex -8.19861 28.9796 -1.5
      vertex -8.19861 29.6285 -1.5
    endloop
  endfacet
  facet normal 0 0 1
    outer loop
      vertex -8.23707 29.4683 -1.5
      vertex -8.23707 29.1398 -1.5
      vertex -8.19861 28.9796 -1.5
    endloop
  endfacet
  facet normal 0 -0 1
    outer loop
      vertex -8.23707 29.1398 -1.5
      vertex -8.23707 29.4683 -1.5
      vertex -8.25 29.3041 -1.5
    endloop
  endfacet
  facet normal 0.996918 0.0784549 0
    outer loop
      vertex -8.23707 29.1398 2.5
      vertex -8.25 29.3041 -1.5
      vertex -8.25 29.3041 2.5
    endloop
  endfacet
  facet normal 0.996918 0.0784549 0
    outer loop
      vertex -8.25 29.3041 -1.5
      vertex -8.23707 29.1398 2.5
      vertex -8.23707 29.1398 -1.5
    endloop
  endfacet
  facet normal -0.649451 0.760404 0
    outer loop
      vertex -6.45754 28.5616 -1.5
      vertex -6.58282 28.4546 2.5
      vertex -6.45754 28.5616 2.5
    endloop
  endfacet
  facet normal -0.649451 0.760404 0
    outer loop
      vertex -6.58282 28.4546 2.5
      vertex -6.45754 28.5616 -1.5
      vertex -6.58282 28.4546 -1.5
    endloop
  endfacet
  facet normal 0.522559 0.852603 -0
    outer loop
      vertex -7.67669 28.3685 -1.5
      vertex -7.81717 28.4546 2.5
      vertex -7.67669 28.3685 2.5
    endloop
  endfacet
  facet normal 0.522559 0.852603 0
    outer loop
      vertex -7.81717 28.4546 2.5
      vertex -7.67669 28.3685 -1.5
      vertex -7.81717 28.4546 -1.5
    endloop
  endfacet
  facet normal 0.996918 0.0784549 0
    outer loop
      vertex 6.16293 29.1398 2.5
      vertex 6.15 29.3041 -1.5
      vertex 6.15 29.3041 2.5
    endloop
  endfacet
  facet normal 0.996918 0.0784549 0
    outer loop
      vertex 6.15 29.3041 -1.5
      vertex 6.16293 29.1398 2.5
      vertex 6.16293 29.1398 -1.5
    endloop
  endfacet
  facet normal -0.972371 -0.233442 0
    outer loop
      vertex 8.23707 29.4683 -1.5
      vertex 8.19861 29.6285 2.5
      vertex 8.19861 29.6285 -1.5
    endloop
  endfacet
  facet normal -0.972371 -0.233442 0
    outer loop
      vertex 8.19861 29.6285 2.5
      vertex 8.23707 29.4683 -1.5
      vertex 8.23707 29.4683 2.5
    endloop
  endfacet
  facet normal -0.996914 -0.0785024 0
    outer loop
      vertex 8.25 29.3041 -1.5
      vertex 8.23707 29.4683 2.5
      vertex 8.23707 29.4683 -1.5
    endloop
  endfacet
  facet normal -0.996914 -0.0785024 0
    outer loop
      vertex 8.23707 29.4683 2.5
      vertex 8.25 29.3041 -1.5
      vertex 8.25 29.3041 2.5
    endloop
  endfacet
  facet normal -0.923865 -0.382718 0
    outer loop
      vertex 8.19861 29.6285 -1.5
      vertex 8.13556 29.7807 2.5
      vertex 8.13556 29.7807 -1.5
    endloop
  endfacet
  facet normal -0.923865 -0.382718 0
    outer loop
      vertex 8.13556 29.7807 2.5
      vertex 8.19861 29.6285 -1.5
      vertex 8.19861 29.6285 2.5
    endloop
  endfacet
  facet normal -0.760425 -0.649426 0
    outer loop
      vertex 8.04947 29.9212 -1.5
      vertex 7.94246 30.0465 2.5
      vertex 7.94246 30.0465 -1.5
    endloop
  endfacet
  facet normal -0.760425 -0.649426 0
    outer loop
      vertex 7.94246 30.0465 2.5
      vertex 8.04947 29.9212 -1.5
      vertex 8.04947 29.9212 2.5
    endloop
  endfacet
  facet normal -0.078293 -0.99693 0
    outer loop
      vertex 7.2 30.354 -1.5
      vertex 7.36426 30.3411 2.5
      vertex 7.2 30.354 2.5
    endloop
  endfacet
  facet normal -0.078293 -0.99693 -0
    outer loop
      vertex 7.36426 30.3411 2.5
      vertex 7.2 30.354 -1.5
      vertex 7.36426 30.3411 -1.5
    endloop
  endfacet
  facet normal 0.972371 0.233442 0
    outer loop
      vertex 6.20139 28.9796 2.5
      vertex 6.16293 29.1398 -1.5
      vertex 6.16293 29.1398 2.5
    endloop
  endfacet
  facet normal 0.972371 0.233442 0
    outer loop
      vertex 6.16293 29.1398 -1.5
      vertex 6.20139 28.9796 2.5
      vertex 6.20139 28.9796 -1.5
    endloop
  endfacet
  facet normal 0.972371 -0.233442 0
    outer loop
      vertex 6.16293 29.4683 2.5
      vertex 6.20139 29.6285 -1.5
      vertex 6.20139 29.6285 2.5
    endloop
  endfacet
  facet normal 0.972371 -0.233442 0
    outer loop
      vertex 6.20139 29.6285 -1.5
      vertex 6.16293 29.4683 2.5
      vertex 6.16293 29.4683 -1.5
    endloop
  endfacet
  facet normal -0.852663 -0.522461 0
    outer loop
      vertex 8.13556 29.7807 -1.5
      vertex 8.04947 29.9212 2.5
      vertex 8.04947 29.9212 -1.5
    endloop
  endfacet
  facet normal -0.852663 -0.522461 0
    outer loop
      vertex 8.04947 29.9212 2.5
      vertex 8.13556 29.7807 -1.5
      vertex 8.13556 29.7807 2.5
    endloop
  endfacet
  facet normal 0.996914 -0.0785024 0
    outer loop
      vertex 6.15 29.3041 2.5
      vertex 6.16293 29.4683 -1.5
      vertex 6.16293 29.4683 2.5
    endloop
  endfacet
  facet normal 0.996914 -0.0785024 0
    outer loop
      vertex 6.16293 29.4683 -1.5
      vertex 6.15 29.3041 2.5
      vertex 6.15 29.3041 -1.5
    endloop
  endfacet
  facet normal 0.522532 -0.85262 0
    outer loop
      vertex 6.58282 30.1535 -1.5
      vertex 6.72331 30.2396 2.5
      vertex 6.58282 30.1535 2.5
    endloop
  endfacet
  facet normal 0.522532 -0.85262 0
    outer loop
      vertex 6.72331 30.2396 2.5
      vertex 6.58282 30.1535 -1.5
      vertex 6.72331 30.2396 -1.5
    endloop
  endfacet
  facet normal -0.522559 0.852603 0
    outer loop
      vertex 7.81717 28.4546 -1.5
      vertex 7.67669 28.3685 2.5
      vertex 7.81717 28.4546 2.5
    endloop
  endfacet
  facet normal -0.522559 0.852603 0
    outer loop
      vertex 7.67669 28.3685 2.5
      vertex 7.81717 28.4546 -1.5
      vertex 7.67669 28.3685 -1.5
    endloop
  endfacet
  facet normal -0.233084 -0.972457 0
    outer loop
      vertex 7.36426 30.3411 -1.5
      vertex 7.52447 30.3027 2.5
      vertex 7.36426 30.3411 2.5
    endloop
  endfacet
  facet normal -0.233084 -0.972457 -0
    outer loop
      vertex 7.52447 30.3027 2.5
      vertex 7.36426 30.3411 -1.5
      vertex 7.52447 30.3027 -1.5
    endloop
  endfacet
  facet normal -0.852663 0.522461 0
    outer loop
      vertex 8.04947 28.6869 -1.5
      vertex 8.13556 28.8274 2.5
      vertex 8.13556 28.8274 -1.5
    endloop
  endfacet
  facet normal -0.852663 0.522461 0
    outer loop
      vertex 8.13556 28.8274 2.5
      vertex 8.04947 28.6869 -1.5
      vertex 8.04947 28.6869 2.5
    endloop
  endfacet
  facet normal 0.078293 -0.99693 0
    outer loop
      vertex 7.03574 30.3411 -1.5
      vertex 7.2 30.354 2.5
      vertex 7.03574 30.3411 2.5
    endloop
  endfacet
  facet normal 0.078293 -0.99693 0
    outer loop
      vertex 7.2 30.354 2.5
      vertex 7.03574 30.3411 -1.5
      vertex 7.2 30.354 -1.5
    endloop
  endfacet
  facet normal 0.760425 0.649426 0
    outer loop
      vertex 6.45754 28.5616 2.5
      vertex 6.35053 28.6869 -1.5
      vertex 6.35053 28.6869 2.5
    endloop
  endfacet
  facet normal 0.760425 0.649426 0
    outer loop
      vertex 6.35053 28.6869 -1.5
      vertex 6.45754 28.5616 2.5
      vertex 6.45754 28.5616 -1.5
    endloop
  endfacet
  facet normal -0.923865 0.382718 0
    outer loop
      vertex 8.13556 28.8274 -1.5
      vertex 8.19861 28.9796 2.5
      vertex 8.19861 28.9796 -1.5
    endloop
  endfacet
  facet normal -0.923865 0.382718 0
    outer loop
      vertex 8.19861 28.9796 2.5
      vertex 8.13556 28.8274 -1.5
      vertex 8.13556 28.8274 2.5
    endloop
  endfacet
  facet normal -0.0788961 0.996883 0
    outer loop
      vertex 7.36426 28.267 -1.5
      vertex 7.2 28.254 2.5
      vertex 7.36426 28.267 2.5
    endloop
  endfacet
  facet normal -0.0788961 0.996883 0
    outer loop
      vertex 7.2 28.254 2.5
      vertex 7.36426 28.267 -1.5
      vertex 7.2 28.254 -1.5
    endloop
  endfacet
  facet normal 0.923865 -0.382718 0
    outer loop
      vertex 6.20139 29.6285 2.5
      vertex 6.26444 29.7807 -1.5
      vertex 6.26444 29.7807 2.5
    endloop
  endfacet
  facet normal 0.923865 -0.382718 0
    outer loop
      vertex 6.26444 29.7807 -1.5
      vertex 6.20139 29.6285 2.5
      vertex 6.20139 29.6285 -1.5
    endloop
  endfacet
  facet normal -0.233084 0.972457 0
    outer loop
      vertex 7.52447 28.3054 -1.5
      vertex 7.36426 28.267 2.5
      vertex 7.52447 28.3054 2.5
    endloop
  endfacet
  facet normal -0.233084 0.972457 0
    outer loop
      vertex 7.36426 28.267 2.5
      vertex 7.52447 28.3054 -1.5
      vertex 7.36426 28.267 -1.5
    endloop
  endfacet
  facet normal 0.760425 -0.649426 0
    outer loop
      vertex 6.35053 29.9212 2.5
      vertex 6.45754 30.0465 -1.5
      vertex 6.45754 30.0465 2.5
    endloop
  endfacet
  facet normal 0.760425 -0.649426 0
    outer loop
      vertex 6.45754 30.0465 -1.5
      vertex 6.35053 29.9212 2.5
      vertex 6.35053 29.9212 -1.5
    endloop
  endfacet
  facet normal -0.382934 -0.923776 0
    outer loop
      vertex 7.52447 30.3027 -1.5
      vertex 7.67669 30.2396 2.5
      vertex 7.52447 30.3027 2.5
    endloop
  endfacet
  facet normal -0.382934 -0.923776 -0
    outer loop
      vertex 7.67669 30.2396 2.5
      vertex 7.52447 30.3027 -1.5
      vertex 7.67669 30.2396 -1.5
    endloop
  endfacet
  facet normal -0.649421 -0.760429 0
    outer loop
      vertex 7.81717 30.1535 -1.5
      vertex 7.94246 30.0465 2.5
      vertex 7.81717 30.1535 2.5
    endloop
  endfacet
  facet normal -0.649421 -0.760429 -0
    outer loop
      vertex 7.94246 30.0465 2.5
      vertex 7.81717 30.1535 -1.5
      vertex 7.94246 30.0465 -1.5
    endloop
  endfacet
  facet normal -0.996918 0.0784549 0
    outer loop
      vertex 8.23707 29.1398 -1.5
      vertex 8.25 29.3041 2.5
      vertex 8.25 29.3041 -1.5
    endloop
  endfacet
  facet normal -0.996918 0.0784549 0
    outer loop
      vertex 8.25 29.3041 2.5
      vertex 8.23707 29.1398 -1.5
      vertex 8.23707 29.1398 2.5
    endloop
  endfacet
  facet normal -0.522559 -0.852603 0
    outer loop
      vertex 7.67669 30.2396 -1.5
      vertex 7.81717 30.1535 2.5
      vertex 7.67669 30.2396 2.5
    endloop
  endfacet
  facet normal -0.522559 -0.852603 -0
    outer loop
      vertex 7.81717 30.1535 2.5
      vertex 7.67669 30.2396 -1.5
      vertex 7.81717 30.1535 -1.5
    endloop
  endfacet
  facet normal -0.760425 0.649426 0
    outer loop
      vertex 7.94246 28.5616 -1.5
      vertex 8.04947 28.6869 2.5
      vertex 8.04947 28.6869 -1.5
    endloop
  endfacet
  facet normal -0.760425 0.649426 0
    outer loop
      vertex 8.04947 28.6869 2.5
      vertex 7.94246 28.5616 -1.5
      vertex 7.94246 28.5616 2.5
    endloop
  endfacet
  facet normal 0 0 1
    outer loop
      vertex 8.23707 29.4683 -1.5
      vertex 8.23707 29.1398 -1.5
      vertex 8.25 29.3041 -1.5
    endloop
  endfacet
  facet normal 0 0 1
    outer loop
      vertex 8.19861 29.6285 -1.5
      vertex 8.23707 29.1398 -1.5
      vertex 8.23707 29.4683 -1.5
    endloop
  endfacet
  facet normal 0 0 1
    outer loop
      vertex 8.19861 29.6285 -1.5
      vertex 8.19861 28.9796 -1.5
      vertex 8.23707 29.1398 -1.5
    endloop
  endfacet
  facet normal 0 0 1
    outer loop
      vertex 8.13556 29.7807 -1.5
      vertex 8.19861 28.9796 -1.5
      vertex 8.19861 29.6285 -1.5
    endloop
  endfacet
  facet normal 0 0 1
    outer loop
      vertex 8.13556 29.7807 -1.5
      vertex 8.13556 28.8274 -1.5
      vertex 8.19861 28.9796 -1.5
    endloop
  endfacet
  facet normal 0 0 1
    outer loop
      vertex 8.04947 29.9212 -1.5
      vertex 8.13556 28.8274 -1.5
      vertex 8.13556 29.7807 -1.5
    endloop
  endfacet
  facet normal 0 0 1
    outer loop
      vertex 8.04947 29.9212 -1.5
      vertex 8.04947 28.6869 -1.5
      vertex 8.13556 28.8274 -1.5
    endloop
  endfacet
  facet normal 0 0 1
    outer loop
      vertex 7.94246 30.0465 -1.5
      vertex 8.04947 28.6869 -1.5
      vertex 8.04947 29.9212 -1.5
    endloop
  endfacet
  facet normal 0 0 1
    outer loop
      vertex 7.94246 30.0465 -1.5
      vertex 7.94246 28.5616 -1.5
      vertex 8.04947 28.6869 -1.5
    endloop
  endfacet
  facet normal 0 0 1
    outer loop
      vertex 7.81717 30.1535 -1.5
      vertex 7.94246 28.5616 -1.5
      vertex 7.94246 30.0465 -1.5
    endloop
  endfacet
  facet normal 0 0 1
    outer loop
      vertex 7.81717 30.1535 -1.5
      vertex 7.81717 28.4546 -1.5
      vertex 7.94246 28.5616 -1.5
    endloop
  endfacet
  facet normal 0 0 1
    outer loop
      vertex 7.67669 30.2396 -1.5
      vertex 7.81717 28.4546 -1.5
      vertex 7.81717 30.1535 -1.5
    endloop
  endfacet
  facet normal 0 0 1
    outer loop
      vertex 7.67669 30.2396 -1.5
      vertex 7.67669 28.3685 -1.5
      vertex 7.81717 28.4546 -1.5
    endloop
  endfacet
  facet normal 0 0 1
    outer loop
      vertex 7.52447 30.3027 -1.5
      vertex 7.67669 28.3685 -1.5
      vertex 7.67669 30.2396 -1.5
    endloop
  endfacet
  facet normal 0 0 1
    outer loop
      vertex 7.52447 30.3027 -1.5
      vertex 7.52447 28.3054 -1.5
      vertex 7.67669 28.3685 -1.5
    endloop
  endfacet
  facet normal 0 0 1
    outer loop
      vertex 7.36426 30.3411 -1.5
      vertex 7.52447 28.3054 -1.5
      vertex 7.52447 30.3027 -1.5
    endloop
  endfacet
  facet normal 0 0 1
    outer loop
      vertex 7.36426 30.3411 -1.5
      vertex 7.36426 28.267 -1.5
      vertex 7.52447 28.3054 -1.5
    endloop
  endfacet
  facet normal 0 0 1
    outer loop
      vertex 7.2 30.354 -1.5
      vertex 7.36426 28.267 -1.5
      vertex 7.36426 30.3411 -1.5
    endloop
  endfacet
  facet normal 0 0 1
    outer loop
      vertex 7.2 30.354 -1.5
      vertex 7.2 28.254 -1.5
      vertex 7.36426 28.267 -1.5
    endloop
  endfacet
  facet normal -0 0 1
    outer loop
      vertex 7.03574 30.3411 -1.5
      vertex 7.2 28.254 -1.5
      vertex 7.2 30.354 -1.5
    endloop
  endfacet
  facet normal 0 0 1
    outer loop
      vertex 7.03574 30.3411 -1.5
      vertex 7.03574 28.267 -1.5
      vertex 7.2 28.254 -1.5
    endloop
  endfacet
  facet normal -0 0 1
    outer loop
      vertex 6.87553 30.3027 -1.5
      vertex 7.03574 28.267 -1.5
      vertex 7.03574 30.3411 -1.5
    endloop
  endfacet
  facet normal 0 0 1
    outer loop
      vertex 6.87553 30.3027 -1.5
      vertex 6.87553 28.3054 -1.5
      vertex 7.03574 28.267 -1.5
    endloop
  endfacet
  facet normal -0 0 1
    outer loop
      vertex 6.72331 30.2396 -1.5
      vertex 6.87553 28.3054 -1.5
      vertex 6.87553 30.3027 -1.5
    endloop
  endfacet
  facet normal 0 0 1
    outer loop
      vertex 6.72331 30.2396 -1.5
      vertex 6.72331 28.3685 -1.5
      vertex 6.87553 28.3054 -1.5
    endloop
  endfacet
  facet normal -0 0 1
    outer loop
      vertex 6.58282 30.1535 -1.5
      vertex 6.72331 28.3685 -1.5
      vertex 6.72331 30.2396 -1.5
    endloop
  endfacet
  facet normal 0 0 1
    outer loop
      vertex 6.58282 30.1535 -1.5
      vertex 6.58282 28.4546 -1.5
      vertex 6.72331 28.3685 -1.5
    endloop
  endfacet
  facet normal -0 0 1
    outer loop
      vertex 6.45754 30.0465 -1.5
      vertex 6.58282 28.4546 -1.5
      vertex 6.58282 30.1535 -1.5
    endloop
  endfacet
  facet normal 0 0 1
    outer loop
      vertex 6.45754 30.0465 -1.5
      vertex 6.45754 28.5616 -1.5
      vertex 6.58282 28.4546 -1.5
    endloop
  endfacet
  facet normal -0 0 1
    outer loop
      vertex 6.35053 29.9212 -1.5
      vertex 6.45754 28.5616 -1.5
      vertex 6.45754 30.0465 -1.5
    endloop
  endfacet
  facet normal 0 0 1
    outer loop
      vertex 6.35053 29.9212 -1.5
      vertex 6.35053 28.6869 -1.5
      vertex 6.45754 28.5616 -1.5
    endloop
  endfacet
  facet normal -0 0 1
    outer loop
      vertex 6.26444 29.7807 -1.5
      vertex 6.35053 28.6869 -1.5
      vertex 6.35053 29.9212 -1.5
    endloop
  endfacet
  facet normal 0 0 1
    outer loop
      vertex 6.26444 29.7807 -1.5
      vertex 6.26444 28.8274 -1.5
      vertex 6.35053 28.6869 -1.5
    endloop
  endfacet
  facet normal -0 0 1
    outer loop
      vertex 6.20139 29.6285 -1.5
      vertex 6.26444 28.8274 -1.5
      vertex 6.26444 29.7807 -1.5
    endloop
  endfacet
  facet normal 0 0 1
    outer loop
      vertex 6.20139 29.6285 -1.5
      vertex 6.20139 28.9796 -1.5
      vertex 6.26444 28.8274 -1.5
    endloop
  endfacet
  facet normal -0 0 1
    outer loop
      vertex 6.16293 29.4683 -1.5
      vertex 6.20139 28.9796 -1.5
      vertex 6.20139 29.6285 -1.5
    endloop
  endfacet
  facet normal 0 0 1
    outer loop
      vertex 6.16293 29.4683 -1.5
      vertex 6.16293 29.1398 -1.5
      vertex 6.20139 28.9796 -1.5
    endloop
  endfacet
  facet normal 0 -0 1
    outer loop
      vertex 6.16293 29.1398 -1.5
      vertex 6.16293 29.4683 -1.5
      vertex 6.15 29.3041 -1.5
    endloop
  endfacet
  facet normal -0.382934 0.923776 0
    outer loop
      vertex 7.67669 28.3685 -1.5
      vertex 7.52447 28.3054 2.5
      vertex 7.67669 28.3685 2.5
    endloop
  endfacet
  facet normal -0.382934 0.923776 0
    outer loop
      vertex 7.52447 28.3054 2.5
      vertex 7.67669 28.3685 -1.5
      vertex 7.52447 28.3054 -1.5
    endloop
  endfacet
  facet normal -0.972371 0.233442 0
    outer loop
      vertex 8.19861 28.9796 -1.5
      vertex 8.23707 29.1398 2.5
      vertex 8.23707 29.1398 -1.5
    endloop
  endfacet
  facet normal -0.972371 0.233442 0
    outer loop
      vertex 8.23707 29.1398 2.5
      vertex 8.19861 28.9796 -1.5
      vertex 8.19861 28.9796 2.5
    endloop
  endfacet
  facet normal 0.382934 -0.923776 0
    outer loop
      vertex 6.72331 30.2396 -1.5
      vertex 6.87553 30.3027 2.5
      vertex 6.72331 30.2396 2.5
    endloop
  endfacet
  facet normal 0.382934 -0.923776 0
    outer loop
      vertex 6.87553 30.3027 2.5
      vertex 6.72331 30.2396 -1.5
      vertex 6.87553 30.3027 -1.5
    endloop
  endfacet
  facet normal 0.233084 -0.972457 0
    outer loop
      vertex 6.87553 30.3027 -1.5
      vertex 7.03574 30.3411 2.5
      vertex 6.87553 30.3027 2.5
    endloop
  endfacet
  facet normal 0.233084 -0.972457 0
    outer loop
      vertex 7.03574 30.3411 2.5
      vertex 6.87553 30.3027 -1.5
      vertex 7.03574 30.3411 -1.5
    endloop
  endfacet
  facet normal 0.852663 0.522461 0
    outer loop
      vertex 6.35053 28.6869 2.5
      vertex 6.26444 28.8274 -1.5
      vertex 6.26444 28.8274 2.5
    endloop
  endfacet
  facet normal 0.852663 0.522461 0
    outer loop
      vertex 6.26444 28.8274 -1.5
      vertex 6.35053 28.6869 2.5
      vertex 6.35053 28.6869 -1.5
    endloop
  endfacet
  facet normal 0.233084 0.972457 -0
    outer loop
      vertex 7.03574 28.267 -1.5
      vertex 6.87553 28.3054 2.5
      vertex 7.03574 28.267 2.5
    endloop
  endfacet
  facet normal 0.233084 0.972457 0
    outer loop
      vertex 6.87553 28.3054 2.5
      vertex 7.03574 28.267 -1.5
      vertex 6.87553 28.3054 -1.5
    endloop
  endfacet
  facet normal 0.923865 0.382718 0
    outer loop
      vertex 6.26444 28.8274 2.5
      vertex 6.20139 28.9796 -1.5
      vertex 6.20139 28.9796 2.5
    endloop
  endfacet
  facet normal 0.923865 0.382718 0
    outer loop
      vertex 6.20139 28.9796 -1.5
      vertex 6.26444 28.8274 2.5
      vertex 6.26444 28.8274 -1.5
    endloop
  endfacet
  facet normal -0.649421 0.760429 0
    outer loop
      vertex 7.94246 28.5616 -1.5
      vertex 7.81717 28.4546 2.5
      vertex 7.94246 28.5616 2.5
    endloop
  endfacet
  facet normal -0.649421 0.760429 0
    outer loop
      vertex 7.81717 28.4546 2.5
      vertex 7.94246 28.5616 -1.5
      vertex 7.81717 28.4546 -1.5
    endloop
  endfacet
  facet normal 0.0788961 0.996883 -0
    outer loop
      vertex 7.2 28.254 -1.5
      vertex 7.03574 28.267 2.5
      vertex 7.2 28.254 2.5
    endloop
  endfacet
  facet normal 0.0788961 0.996883 0
    outer loop
      vertex 7.03574 28.267 2.5
      vertex 7.2 28.254 -1.5
      vertex 7.03574 28.267 -1.5
    endloop
  endfacet
  facet normal 0.649451 0.760404 -0
    outer loop
      vertex 6.58282 28.4546 -1.5
      vertex 6.45754 28.5616 2.5
      vertex 6.58282 28.4546 2.5
    endloop
  endfacet
  facet normal 0.649451 0.760404 0
    outer loop
      vertex 6.45754 28.5616 2.5
      vertex 6.58282 28.4546 -1.5
      vertex 6.45754 28.5616 -1.5
    endloop
  endfacet
  facet normal 0.649451 -0.760404 0
    outer loop
      vertex 6.45754 30.0465 -1.5
      vertex 6.58282 30.1535 2.5
      vertex 6.45754 30.0465 2.5
    endloop
  endfacet
  facet normal 0.649451 -0.760404 0
    outer loop
      vertex 6.58282 30.1535 2.5
      vertex 6.45754 30.0465 -1.5
      vertex 6.58282 30.1535 -1.5
    endloop
  endfacet
  facet normal 0.382934 0.923776 -0
    outer loop
      vertex 6.87553 28.3054 -1.5
      vertex 6.72331 28.3685 2.5
      vertex 6.87553 28.3054 2.5
    endloop
  endfacet
  facet normal 0.382934 0.923776 0
    outer loop
      vertex 6.72331 28.3685 2.5
      vertex 6.87553 28.3054 -1.5
      vertex 6.72331 28.3685 -1.5
    endloop
  endfacet
  facet normal 0.522532 0.85262 -0
    outer loop
      vertex 6.72331 28.3685 -1.5
      vertex 6.58282 28.4546 2.5
      vertex 6.72331 28.3685 2.5
    endloop
  endfacet
  facet normal 0.522532 0.85262 0
    outer loop
      vertex 6.58282 28.4546 2.5
      vertex 6.72331 28.3685 -1.5
      vertex 6.58282 28.4546 -1.5
    endloop
  endfacet
  facet normal 0.852663 -0.522461 0
    outer loop
      vertex 6.26444 29.7807 2.5
      vertex 6.35053 29.9212 -1.5
      vertex 6.35053 29.9212 2.5
    endloop
  endfacet
  facet normal 0.852663 -0.522461 0
    outer loop
      vertex 6.35053 29.9212 -1.5
      vertex 6.26444 29.7807 2.5
      vertex 6.26444 29.7807 -1.5
    endloop
  endfacet
  facet normal 0.522458 0.852665 -0
    outer loop
      vertex -37.6221 13.9753 -1.7
      vertex -37.776 14.0696 0
      vertex -37.6221 13.9753 0
    endloop
  endfacet
  facet normal 0.522458 0.852665 0
    outer loop
      vertex -37.776 14.0696 0
      vertex -37.6221 13.9753 -1.7
      vertex -37.776 14.0696 -1.7
    endloop
  endfacet
  facet normal -0.972412 -0.233268 0
    outer loop
      vertex -35.9642 15.1799 -1.7
      vertex -36.0063 15.3554 0
      vertex -36.0063 15.3554 -1.7
    endloop
  endfacet
  facet normal -0.972412 -0.233268 0
    outer loop
      vertex -36.0063 15.3554 0
      vertex -35.9642 15.1799 -1.7
      vertex -35.9642 15.1799 0
    endloop
  endfacet
  facet normal -0.996899 -0.078688 0
    outer loop
      vertex -35.95 15 -1.7
      vertex -35.9642 15.1799 0
      vertex -35.9642 15.1799 -1.7
    endloop
  endfacet
  facet normal -0.996899 -0.078688 0
    outer loop
      vertex -35.9642 15.1799 0
      vertex -35.95 15 -1.7
      vertex -35.95 15 0
    endloop
  endfacet
  facet normal -0.923976 -0.38245 0
    outer loop
      vertex -36.0063 15.3554 -1.7
      vertex -36.0753 15.5221 0
      vertex -36.0753 15.5221 -1.7
    endloop
  endfacet
  facet normal -0.923976 -0.38245 0
    outer loop
      vertex -36.0753 15.5221 0
      vertex -36.0063 15.3554 -1.7
      vertex -36.0063 15.3554 0
    endloop
  endfacet
  facet normal 0.923976 0.38245 0
    outer loop
      vertex -38.1247 14.4779 0
      vertex -38.1937 14.6446 -1.7
      vertex -38.1937 14.6446 0
    endloop
  endfacet
  facet normal 0.923976 0.38245 0
    outer loop
      vertex -38.1937 14.6446 -1.7
      vertex -38.1247 14.4779 0
      vertex -38.1247 14.4779 -1.7
    endloop
  endfacet
  facet normal 0.996899 -0.078688 0
    outer loop
      vertex -38.25 15 0
      vertex -38.2358 15.1799 -1.7
      vertex -38.2358 15.1799 0
    endloop
  endfacet
  facet normal 0.996899 -0.078688 0
    outer loop
      vertex -38.2358 15.1799 -1.7
      vertex -38.25 15 0
      vertex -38.25 15 -1.7
    endloop
  endfacet
  facet normal -0.38245 -0.923976 0
    outer loop
      vertex -36.7446 16.0937 -1.7
      vertex -36.5779 16.0247 0
      vertex -36.7446 16.0937 0
    endloop
  endfacet
  facet normal -0.38245 -0.923976 -0
    outer loop
      vertex -36.5779 16.0247 0
      vertex -36.7446 16.0937 -1.7
      vertex -36.5779 16.0247 -1.7
    endloop
  endfacet
  facet normal -0.996899 0.078688 0
    outer loop
      vertex -35.9642 14.8201 -1.7
      vertex -35.95 15 0
      vertex -35.95 15 -1.7
    endloop
  endfacet
  facet normal -0.996899 0.078688 0
    outer loop
      vertex -35.95 15 0
      vertex -35.9642 14.8201 -1.7
      vertex -35.9642 14.8201 0
    endloop
  endfacet
  facet normal 0.996899 0.078688 0
    outer loop
      vertex -38.2358 14.8201 0
      vertex -38.25 15 -1.7
      vertex -38.25 15 0
    endloop
  endfacet
  facet normal 0.996899 0.078688 0
    outer loop
      vertex -38.25 15 -1.7
      vertex -38.2358 14.8201 0
      vertex -38.2358 14.8201 -1.7
    endloop
  endfacet
  facet normal -0.760351 -0.649513 0
    outer loop
      vertex -36.1696 15.676 -1.7
      vertex -36.2868 15.8132 0
      vertex -36.2868 15.8132 -1.7
    endloop
  endfacet
  facet normal -0.760351 -0.649513 0
    outer loop
      vertex -36.2868 15.8132 0
      vertex -36.1696 15.676 -1.7
      vertex -36.1696 15.676 0
    endloop
  endfacet
  facet normal -0.852665 -0.522458 0
    outer loop
      vertex -36.0753 15.5221 -1.7
      vertex -36.1696 15.676 0
      vertex -36.1696 15.676 -1.7
    endloop
  endfacet
  facet normal -0.852665 -0.522458 0
    outer loop
      vertex -36.1696 15.676 0
      vertex -36.0753 15.5221 -1.7
      vertex -36.0753 15.5221 0
    endloop
  endfacet
  facet normal -0.972412 0.233268 0
    outer loop
      vertex -36.0063 14.6446 -1.7
      vertex -35.9642 14.8201 0
      vertex -35.9642 14.8201 -1.7
    endloop
  endfacet
  facet normal -0.972412 0.233268 0
    outer loop
      vertex -35.9642 14.8201 0
      vertex -36.0063 14.6446 -1.7
      vertex -36.0063 14.6446 0
    endloop
  endfacet
  facet normal -0.233268 0.972412 0
    outer loop
      vertex -36.7446 13.9063 -1.7
      vertex -36.9201 13.8642 0
      vertex -36.7446 13.9063 0
    endloop
  endfacet
  facet normal -0.233268 0.972412 0
    outer loop
      vertex -36.9201 13.8642 0
      vertex -36.7446 13.9063 -1.7
      vertex -36.9201 13.8642 -1.7
    endloop
  endfacet
  facet normal -0.852665 0.522458 0
    outer loop
      vertex -36.1696 14.324 -1.7
      vertex -36.0753 14.4779 0
      vertex -36.0753 14.4779 -1.7
    endloop
  endfacet
  facet normal -0.852665 0.522458 0
    outer loop
      vertex -36.0753 14.4779 0
      vertex -36.1696 14.324 -1.7
      vertex -36.1696 14.324 0
    endloop
  endfacet
  facet normal -0.522458 0.852665 0
    outer loop
      vertex -36.424 14.0696 -1.7
      vertex -36.5779 13.9753 0
      vertex -36.424 14.0696 0
    endloop
  endfacet
  facet normal -0.522458 0.852665 0
    outer loop
      vertex -36.5779 13.9753 0
      vertex -36.424 14.0696 -1.7
      vertex -36.5779 13.9753 -1.7
    endloop
  endfacet
  facet normal 0.38245 0.923976 -0
    outer loop
      vertex -37.4554 13.9063 -1.7
      vertex -37.6221 13.9753 0
      vertex -37.4554 13.9063 0
    endloop
  endfacet
  facet normal 0.38245 0.923976 0
    outer loop
      vertex -37.6221 13.9753 0
      vertex -37.4554 13.9063 -1.7
      vertex -37.6221 13.9753 -1.7
    endloop
  endfacet
  facet normal -0.38245 0.923976 0
    outer loop
      vertex -36.5779 13.9753 -1.7
      vertex -36.7446 13.9063 0
      vertex -36.5779 13.9753 0
    endloop
  endfacet
  facet normal -0.38245 0.923976 0
    outer loop
      vertex -36.7446 13.9063 0
      vertex -36.5779 13.9753 -1.7
      vertex -36.7446 13.9063 -1.7
    endloop
  endfacet
  facet normal -0.522458 -0.852665 0
    outer loop
      vertex -36.5779 16.0247 -1.7
      vertex -36.424 15.9304 0
      vertex -36.5779 16.0247 0
    endloop
  endfacet
  facet normal -0.522458 -0.852665 -0
    outer loop
      vertex -36.424 15.9304 0
      vertex -36.5779 16.0247 -1.7
      vertex -36.424 15.9304 -1.7
    endloop
  endfacet
  facet normal 0.078688 -0.996899 0
    outer loop
      vertex -37.2799 16.1358 -1.7
      vertex -37.1 16.15 0
      vertex -37.2799 16.1358 0
    endloop
  endfacet
  facet normal 0.078688 -0.996899 0
    outer loop
      vertex -37.1 16.15 0
      vertex -37.2799 16.1358 -1.7
      vertex -37.1 16.15 -1.7
    endloop
  endfacet
  facet normal 0.522458 -0.852665 0
    outer loop
      vertex -37.776 15.9304 -1.7
      vertex -37.6221 16.0247 0
      vertex -37.776 15.9304 0
    endloop
  endfacet
  facet normal 0.522458 -0.852665 0
    outer loop
      vertex -37.6221 16.0247 0
      vertex -37.776 15.9304 -1.7
      vertex -37.6221 16.0247 -1.7
    endloop
  endfacet
  facet normal 0.233268 -0.972412 0
    outer loop
      vertex -37.4554 16.0937 -1.7
      vertex -37.2799 16.1358 0
      vertex -37.4554 16.0937 0
    endloop
  endfacet
  facet normal 0.233268 -0.972412 0
    outer loop
      vertex -37.2799 16.1358 0
      vertex -37.4554 16.0937 -1.7
      vertex -37.2799 16.1358 -1.7
    endloop
  endfacet
  facet normal 0.760351 -0.649513 0
    outer loop
      vertex -38.0304 15.676 0
      vertex -37.9132 15.8132 -1.7
      vertex -37.9132 15.8132 0
    endloop
  endfacet
  facet normal 0.760351 -0.649513 0
    outer loop
      vertex -37.9132 15.8132 -1.7
      vertex -38.0304 15.676 0
      vertex -38.0304 15.676 -1.7
    endloop
  endfacet
  facet normal 0.38245 -0.923976 0
    outer loop
      vertex -37.6221 16.0247 -1.7
      vertex -37.4554 16.0937 0
      vertex -37.6221 16.0247 0
    endloop
  endfacet
  facet normal 0.38245 -0.923976 0
    outer loop
      vertex -37.4554 16.0937 0
      vertex -37.6221 16.0247 -1.7
      vertex -37.4554 16.0937 -1.7
    endloop
  endfacet
  facet normal 0.852665 -0.522458 0
    outer loop
      vertex -38.1247 15.5221 0
      vertex -38.0304 15.676 -1.7
      vertex -38.0304 15.676 0
    endloop
  endfacet
  facet normal 0.852665 -0.522458 0
    outer loop
      vertex -38.0304 15.676 -1.7
      vertex -38.1247 15.5221 0
      vertex -38.1247 15.5221 -1.7
    endloop
  endfacet
  facet normal -0.923976 0.38245 0
    outer loop
      vertex -36.0753 14.4779 -1.7
      vertex -36.0063 14.6446 0
      vertex -36.0063 14.6446 -1.7
    endloop
  endfacet
  facet normal -0.923976 0.38245 0
    outer loop
      vertex -36.0063 14.6446 0
      vertex -36.0753 14.4779 -1.7
      vertex -36.0753 14.4779 0
    endloop
  endfacet
  facet normal 0.923976 -0.38245 0
    outer loop
      vertex -38.1937 15.3554 0
      vertex -38.1247 15.5221 -1.7
      vertex -38.1247 15.5221 0
    endloop
  endfacet
  facet normal 0.923976 -0.38245 0
    outer loop
      vertex -38.1247 15.5221 -1.7
      vertex -38.1937 15.3554 0
      vertex -38.1937 15.3554 -1.7
    endloop
  endfacet
  facet normal -0.649513 -0.760351 0
    outer loop
      vertex -36.424 15.9304 -1.7
      vertex -36.2868 15.8132 0
      vertex -36.424 15.9304 0
    endloop
  endfacet
  facet normal -0.649513 -0.760351 -0
    outer loop
      vertex -36.2868 15.8132 0
      vertex -36.424 15.9304 -1.7
      vertex -36.2868 15.8132 -1.7
    endloop
  endfacet
  facet normal 0.972412 -0.233268 0
    outer loop
      vertex -38.2358 15.1799 0
      vertex -38.1937 15.3554 -1.7
      vertex -38.1937 15.3554 0
    endloop
  endfacet
  facet normal 0.972412 -0.233268 0
    outer loop
      vertex -38.1937 15.3554 -1.7
      vertex -38.2358 15.1799 0
      vertex -38.2358 15.1799 -1.7
    endloop
  endfacet
  facet normal 0.852665 0.522458 0
    outer loop
      vertex -38.0304 14.324 0
      vertex -38.1247 14.4779 -1.7
      vertex -38.1247 14.4779 0
    endloop
  endfacet
  facet normal 0.852665 0.522458 0
    outer loop
      vertex -38.1247 14.4779 -1.7
      vertex -38.0304 14.324 0
      vertex -38.0304 14.324 -1.7
    endloop
  endfacet
  facet normal 0.649513 -0.760351 0
    outer loop
      vertex -37.9132 15.8132 -1.7
      vertex -37.776 15.9304 0
      vertex -37.9132 15.8132 0
    endloop
  endfacet
  facet normal 0.649513 -0.760351 0
    outer loop
      vertex -37.776 15.9304 0
      vertex -37.9132 15.8132 -1.7
      vertex -37.776 15.9304 -1.7
    endloop
  endfacet
  facet normal 0.760351 0.649513 0
    outer loop
      vertex -37.9132 14.1868 0
      vertex -38.0304 14.324 -1.7
      vertex -38.0304 14.324 0
    endloop
  endfacet
  facet normal 0.760351 0.649513 0
    outer loop
      vertex -38.0304 14.324 -1.7
      vertex -37.9132 14.1868 0
      vertex -37.9132 14.1868 -1.7
    endloop
  endfacet
  facet normal 0.078688 0.996899 -0
    outer loop
      vertex -37.1 13.85 -1.7
      vertex -37.2799 13.8642 0
      vertex -37.1 13.85 0
    endloop
  endfacet
  facet normal 0.078688 0.996899 0
    outer loop
      vertex -37.2799 13.8642 0
      vertex -37.1 13.85 -1.7
      vertex -37.2799 13.8642 -1.7
    endloop
  endfacet
  facet normal -0.078688 -0.996899 0
    outer loop
      vertex -37.1 16.15 -1.7
      vertex -36.9201 16.1358 0
      vertex -37.1 16.15 0
    endloop
  endfacet
  facet normal -0.078688 -0.996899 -0
    outer loop
      vertex -36.9201 16.1358 0
      vertex -37.1 16.15 -1.7
      vertex -36.9201 16.1358 -1.7
    endloop
  endfacet
  facet normal -0.233268 -0.972412 0
    outer loop
      vertex -36.9201 16.1358 -1.7
      vertex -36.7446 16.0937 0
      vertex -36.9201 16.1358 0
    endloop
  endfacet
  facet normal -0.233268 -0.972412 -0
    outer loop
      vertex -36.7446 16.0937 0
      vertex -36.9201 16.1358 -1.7
      vertex -36.7446 16.0937 -1.7
    endloop
  endfacet
  facet normal 0.972412 0.233268 0
    outer loop
      vertex -38.1937 14.6446 0
      vertex -38.2358 14.8201 -1.7
      vertex -38.2358 14.8201 0
    endloop
  endfacet
  facet normal 0.972412 0.233268 0
    outer loop
      vertex -38.2358 14.8201 -1.7
      vertex -38.1937 14.6446 0
      vertex -38.1937 14.6446 -1.7
    endloop
  endfacet
  facet normal -0.760351 0.649513 0
    outer loop
      vertex -36.2868 14.1868 -1.7
      vertex -36.1696 14.324 0
      vertex -36.1696 14.324 -1.7
    endloop
  endfacet
  facet normal -0.760351 0.649513 0
    outer loop
      vertex -36.1696 14.324 0
      vertex -36.2868 14.1868 -1.7
      vertex -36.2868 14.1868 0
    endloop
  endfacet
  facet normal -0.649513 0.760351 0
    outer loop
      vertex -36.2868 14.1868 -1.7
      vertex -36.424 14.0696 0
      vertex -36.2868 14.1868 0
    endloop
  endfacet
  facet normal -0.649513 0.760351 0
    outer loop
      vertex -36.424 14.0696 0
      vertex -36.2868 14.1868 -1.7
      vertex -36.424 14.0696 -1.7
    endloop
  endfacet
  facet normal 0.233268 0.972412 -0
    outer loop
      vertex -37.2799 13.8642 -1.7
      vertex -37.4554 13.9063 0
      vertex -37.2799 13.8642 0
    endloop
  endfacet
  facet normal 0.233268 0.972412 0
    outer loop
      vertex -37.4554 13.9063 0
      vertex -37.2799 13.8642 -1.7
      vertex -37.4554 13.9063 -1.7
    endloop
  endfacet
  facet normal -0.078688 0.996899 0
    outer loop
      vertex -36.9201 13.8642 -1.7
      vertex -37.1 13.85 0
      vertex -36.9201 13.8642 0
    endloop
  endfacet
  facet normal -0.078688 0.996899 0
    outer loop
      vertex -37.1 13.85 0
      vertex -36.9201 13.8642 -1.7
      vertex -37.1 13.85 -1.7
    endloop
  endfacet
  facet normal 0.649513 0.760351 -0
    outer loop
      vertex -37.776 14.0696 -1.7
      vertex -37.9132 14.1868 0
      vertex -37.776 14.0696 0
    endloop
  endfacet
  facet normal 0.649513 0.760351 0
    outer loop
      vertex -37.9132 14.1868 0
      vertex -37.776 14.0696 -1.7
      vertex -37.9132 14.1868 -1.7
    endloop
  endfacet
  facet normal 0.602192 0.380332 -0.701934
    outer loop
      vertex -38.6708 13.8615 -2.5
      vertex -38.0304 14.324 -1.7
      vertex -38.6696 13.8596 -2.5
    endloop
  endfacet
  facet normal 0.607584 0.372288 -0.7016
    outer loop
      vertex -38.0304 14.324 -1.7
      vertex -38.6708 13.8615 -2.5
      vertex -38.1247 14.4779 -1.7
    endloop
  endfacet
  facet normal 0.0560729 -0.710388 -0.701573
    outer loop
      vertex -37.1022 16.9399 -2.5
      vertex -37.1 16.15 -1.7
      vertex -37.2799 16.1358 -1.7
    endloop
  endfacet
  facet normal 0.0645465 -0.710012 -0.701225
    outer loop
      vertex -37.1 16.15 -1.7
      vertex -37.1022 16.9399 -2.5
      vertex -37.1 16.9401 -2.5
    endloop
  endfacet
  facet normal -0.711124 -0.0323238 -0.702324
    outer loop
      vertex -35.95 15 -1.7
      vertex -35.16 15.0022 -2.5
      vertex -35.1599 15 -2.5
    endloop
  endfacet
  facet normal -0.710343 -0.0560694 -0.701618
    outer loop
      vertex -35.16 15.0022 -2.5
      vertex -35.95 15 -1.7
      vertex -35.9642 15.1799 -1.7
    endloop
  endfacet
  facet normal -0.710346 -0.056111 -0.701612
    outer loop
      vertex -35.1838 15.3035 -2.5
      vertex -35.16 15.0022 -2.5
      vertex -35.9642 15.1799 -1.7
    endloop
  endfacet
  facet normal 0.0558774 -0.710374 -0.701603
    outer loop
      vertex -37.1022 16.9399 -2.5
      vertex -37.2799 16.1358 -1.7
      vertex -37.4035 16.9162 -2.5
    endloop
  endfacet
  facet normal -0.462831 -0.541817 -0.701585
    outer loop
      vertex -35.9596 16.5696 -2.5
      vertex -35.7298 16.3733 -2.5
      vertex -36.424 15.9304 -1.7
    endloop
  endfacet
  facet normal -0.658375 -0.272594 -0.701594
    outer loop
      vertex -35.3713 15.8808 -2.5
      vertex -35.2557 15.6016 -2.5
      vertex -36.0753 15.5221 -1.7
    endloop
  endfacet
  facet normal 0.166212 -0.692906 -0.701609
    outer loop
      vertex -37.4035 16.9162 -2.5
      vertex -37.2799 16.1358 -1.7
      vertex -37.6974 16.8457 -2.5
    endloop
  endfacet
  facet normal -0.27252 -0.658393 -0.701606
    outer loop
      vertex -36.7446 16.0937 -1.7
      vertex -36.4984 16.8443 -2.5
      vertex -36.5779 16.0247 -1.7
    endloop
  endfacet
  facet normal -0.280834 -0.655279 -0.701243
    outer loop
      vertex -36.4984 16.8443 -2.5
      vertex -36.7446 16.0937 -1.7
      vertex -36.5005 16.8452 -2.5
    endloop
  endfacet
  facet normal 0.692906 -0.166212 -0.701609
    outer loop
      vertex -38.9457 15.5974 -2.5
      vertex -38.2358 15.1799 -1.7
      vertex -39.0162 15.3035 -2.5
    endloop
  endfacet
  facet normal -0.658375 0.272594 -0.701594
    outer loop
      vertex -35.2557 14.3984 -2.5
      vertex -35.3713 14.1192 -2.5
      vertex -36.0753 14.4779 -1.7
    endloop
  endfacet
  facet normal -0.380726 0.602816 -0.701186
    outer loop
      vertex -36.5779 13.9753 -1.7
      vertex -36.2173 13.2725 -2.5
      vertex -36.2192 13.2713 -2.5
    endloop
  endfacet
  facet normal -0.372296 0.607596 -0.701586
    outer loop
      vertex -36.2173 13.2725 -2.5
      vertex -36.5779 13.9753 -1.7
      vertex -36.424 14.0696 -1.7
    endloop
  endfacet
  facet normal -0.541817 0.462831 -0.701585
    outer loop
      vertex -35.5304 13.8596 -2.5
      vertex -35.7267 13.6298 -2.5
      vertex -36.1696 14.324 -1.7
    endloop
  endfacet
  facet normal 0.607587 -0.372285 -0.7016
    outer loop
      vertex -38.6708 16.1385 -2.5
      vertex -38.1247 15.5221 -1.7
      vertex -38.8287 15.8808 -2.5
    endloop
  endfacet
  facet normal 0.692903 -0.166218 -0.70161
    outer loop
      vertex -38.9457 15.5974 -2.5
      vertex -38.1937 15.3554 -1.7
      vertex -38.2358 15.1799 -1.7
    endloop
  endfacet
  facet normal 0.693228 -0.165054 -0.701564
    outer loop
      vertex -38.1937 15.3554 -1.7
      vertex -38.9457 15.5974 -2.5
      vertex -38.9452 15.5995 -2.5
    endloop
  endfacet
  facet normal 0.166212 0.692906 -0.701609
    outer loop
      vertex -37.2799 13.8642 -1.7
      vertex -37.4035 13.0838 -2.5
      vertex -37.6974 13.1543 -2.5
    endloop
  endfacet
  facet normal -0.541817 -0.462831 -0.701585
    outer loop
      vertex -35.7267 16.3702 -2.5
      vertex -35.5304 16.1404 -2.5
      vertex -36.1696 15.676 -1.7
    endloop
  endfacet
  facet normal 0.658375 0.272594 -0.701594
    outer loop
      vertex -38.1247 14.4779 -1.7
      vertex -38.8287 14.1192 -2.5
      vertex -38.9443 14.3984 -2.5
    endloop
  endfacet
  facet normal -0.55048 0.453337 -0.70104
    outer loop
      vertex -36.2868 14.1868 -1.7
      vertex -35.7267 13.6298 -2.5
      vertex -35.7281 13.6281 -2.5
    endloop
  endfacet
  facet normal -0.541815 0.462833 -0.701586
    outer loop
      vertex -35.7267 13.6298 -2.5
      vertex -36.2868 14.1868 -1.7
      vertex -36.1696 14.324 -1.7
    endloop
  endfacet
  facet normal 0.710384 0.0558782 -0.701593
    outer loop
      vertex -38.25 15 -1.7
      vertex -39.0164 14.6987 -2.5
      vertex -39.0401 15 -2.5
    endloop
  endfacet
  facet normal 0.541925 0.462688 -0.701596
    outer loop
      vertex -37.9132 14.1868 -1.7
      vertex -38.4719 13.6281 -2.5
      vertex -38.6681 13.8579 -2.5
    endloop
  endfacet
  facet normal -0.272594 -0.658375 -0.701594
    outer loop
      vertex -36.4984 16.8443 -2.5
      vertex -36.2192 16.7287 -2.5
      vertex -36.5779 16.0247 -1.7
    endloop
  endfacet
  facet normal 0.280834 0.655279 -0.701243
    outer loop
      vertex -37.7016 13.1557 -2.5
      vertex -37.4554 13.9063 -1.7
      vertex -37.6995 13.1548 -2.5
    endloop
  endfacet
  facet normal 0.27252 0.658393 -0.701606
    outer loop
      vertex -37.4554 13.9063 -1.7
      vertex -37.7016 13.1557 -2.5
      vertex -37.6221 13.9753 -1.7
    endloop
  endfacet
  facet normal 0.607584 -0.372288 -0.7016
    outer loop
      vertex -38.6708 16.1385 -2.5
      vertex -38.0304 15.676 -1.7
      vertex -38.1247 15.5221 -1.7
    endloop
  endfacet
  facet normal 0.602192 -0.380332 -0.701934
    outer loop
      vertex -38.0304 15.676 -1.7
      vertex -38.6708 16.1385 -2.5
      vertex -38.6696 16.1404 -2.5
    endloop
  endfacet
  facet normal -0.372292 0.607598 -0.701586
    outer loop
      vertex -35.9596 13.4304 -2.5
      vertex -36.2173 13.2725 -2.5
      vertex -36.424 14.0696 -1.7
    endloop
  endfacet
  facet normal 0.272594 0.658375 -0.701594
    outer loop
      vertex -37.6221 13.9753 -1.7
      vertex -37.7016 13.1557 -2.5
      vertex -37.9808 13.2713 -2.5
    endloop
  endfacet
  facet normal -0.607587 0.372285 -0.7016
    outer loop
      vertex -35.3713 14.1192 -2.5
      vertex -35.5292 13.8615 -2.5
      vertex -36.0753 14.4779 -1.7
    endloop
  endfacet
  facet normal -0.692903 -0.166218 -0.70161
    outer loop
      vertex -36.0063 15.3554 -1.7
      vertex -35.2543 15.5974 -2.5
      vertex -35.9642 15.1799 -1.7
    endloop
  endfacet
  facet normal -0.693228 -0.165054 -0.701564
    outer loop
      vertex -35.2543 15.5974 -2.5
      vertex -36.0063 15.3554 -1.7
      vertex -35.2548 15.5995 -2.5
    endloop
  endfacet
  facet normal -0.272594 0.658375 -0.701594
    outer loop
      vertex -36.2192 13.2713 -2.5
      vertex -36.4984 13.1557 -2.5
      vertex -36.5779 13.9753 -1.7
    endloop
  endfacet
  facet normal 0.272594 -0.658375 -0.701594
    outer loop
      vertex -37.7016 16.8443 -2.5
      vertex -37.6221 16.0247 -1.7
      vertex -37.9808 16.7287 -2.5
    endloop
  endfacet
  facet normal -0.607584 -0.372288 -0.7016
    outer loop
      vertex -36.1696 15.676 -1.7
      vertex -35.5292 16.1385 -2.5
      vertex -36.0753 15.5221 -1.7
    endloop
  endfacet
  facet normal -0.602192 -0.380332 -0.701934
    outer loop
      vertex -35.5292 16.1385 -2.5
      vertex -36.1696 15.676 -1.7
      vertex -35.5304 16.1404 -2.5
    endloop
  endfacet
  facet normal -0.0558774 0.710374 -0.701603
    outer loop
      vertex -36.9201 13.8642 -1.7
      vertex -36.7965 13.0838 -2.5
      vertex -37.0978 13.0601 -2.5
    endloop
  endfacet
  facet normal 0.541827 -0.462844 -0.701569
    outer loop
      vertex -38.0304 15.676 -1.7
      vertex -38.6681 16.1421 -2.5
      vertex -37.9132 15.8132 -1.7
    endloop
  endfacet
  facet normal 0.53469 -0.471785 -0.701089
    outer loop
      vertex -38.6681 16.1421 -2.5
      vertex -38.0304 15.676 -1.7
      vertex -38.6696 16.1404 -2.5
    endloop
  endfacet
  facet normal 0.658393 0.27252 -0.701606
    outer loop
      vertex -38.9443 14.3984 -2.5
      vertex -38.1937 14.6446 -1.7
      vertex -38.1247 14.4779 -1.7
    endloop
  endfacet
  facet normal 0.655279 0.280834 -0.701243
    outer loop
      vertex -38.1937 14.6446 -1.7
      vertex -38.9443 14.3984 -2.5
      vertex -38.9452 14.4005 -2.5
    endloop
  endfacet
  facet normal 0.166218 0.692903 -0.70161
    outer loop
      vertex -37.6974 13.1543 -2.5
      vertex -37.4554 13.9063 -1.7
      vertex -37.2799 13.8642 -1.7
    endloop
  endfacet
  facet normal 0.165054 0.693228 -0.701564
    outer loop
      vertex -37.4554 13.9063 -1.7
      vertex -37.6974 13.1543 -2.5
      vertex -37.6995 13.1548 -2.5
    endloop
  endfacet
  facet normal -0.710346 0.056111 -0.701612
    outer loop
      vertex -35.16 14.9978 -2.5
      vertex -35.1838 14.6965 -2.5
      vertex -35.9642 14.8201 -1.7
    endloop
  endfacet
  facet normal -0.711124 0.0323238 -0.702324
    outer loop
      vertex -35.16 14.9978 -2.5
      vertex -35.95 15 -1.7
      vertex -35.1599 15 -2.5
    endloop
  endfacet
  facet normal -0.710343 0.0560694 -0.701618
    outer loop
      vertex -35.95 15 -1.7
      vertex -35.16 14.9978 -2.5
      vertex -35.9642 14.8201 -1.7
    endloop
  endfacet
  facet normal 0.710384 -0.0558782 -0.701593
    outer loop
      vertex -39.0164 15.3013 -2.5
      vertex -38.25 15 -1.7
      vertex -39.0401 15 -2.5
    endloop
  endfacet
  facet normal -0.453337 -0.55048 -0.70104
    outer loop
      vertex -36.2868 15.8132 -1.7
      vertex -35.7298 16.3733 -2.5
      vertex -35.7281 16.3719 -2.5
    endloop
  endfacet
  facet normal -0.462833 -0.541815 -0.701586
    outer loop
      vertex -35.7298 16.3733 -2.5
      vertex -36.2868 15.8132 -1.7
      vertex -36.424 15.9304 -1.7
    endloop
  endfacet
  facet normal -0.166215 -0.692893 -0.701621
    outer loop
      vertex -36.9201 16.1358 -1.7
      vertex -36.7943 16.9157 -2.5
      vertex -36.7446 16.0937 -1.7
    endloop
  endfacet
  facet normal -0.157851 -0.694546 -0.701918
    outer loop
      vertex -36.7943 16.9157 -2.5
      vertex -36.9201 16.1358 -1.7
      vertex -36.7965 16.9162 -2.5
    endloop
  endfacet
  facet normal -0.453337 0.55048 -0.70104
    outer loop
      vertex -35.7298 13.6267 -2.5
      vertex -36.2868 14.1868 -1.7
      vertex -35.7281 13.6281 -2.5
    endloop
  endfacet
  facet normal -0.462833 0.541815 -0.701586
    outer loop
      vertex -36.2868 14.1868 -1.7
      vertex -35.7298 13.6267 -2.5
      vertex -36.424 14.0696 -1.7
    endloop
  endfacet
  facet normal -0.541815 -0.462833 -0.701586
    outer loop
      vertex -36.2868 15.8132 -1.7
      vertex -35.7267 16.3702 -2.5
      vertex -36.1696 15.676 -1.7
    endloop
  endfacet
  facet normal -0.55048 -0.453337 -0.70104
    outer loop
      vertex -35.7267 16.3702 -2.5
      vertex -36.2868 15.8132 -1.7
      vertex -35.7281 16.3719 -2.5
    endloop
  endfacet
  facet normal 0.372292 -0.607598 -0.701586
    outer loop
      vertex -37.9827 16.7275 -2.5
      vertex -37.776 15.9304 -1.7
      vertex -38.2404 16.5696 -2.5
    endloop
  endfacet
  facet normal -0.607587 -0.372285 -0.7016
    outer loop
      vertex -35.5292 16.1385 -2.5
      vertex -35.3713 15.8808 -2.5
      vertex -36.0753 15.5221 -1.7
    endloop
  endfacet
  facet normal -0.692906 -0.166212 -0.701609
    outer loop
      vertex -35.2543 15.5974 -2.5
      vertex -35.1838 15.3035 -2.5
      vertex -35.9642 15.1799 -1.7
    endloop
  endfacet
  facet normal -0.166265 0.692888 -0.701614
    outer loop
      vertex -36.7446 13.9063 -1.7
      vertex -36.5005 13.1548 -2.5
      vertex -36.7943 13.0843 -2.5
    endloop
  endfacet
  facet normal -0.280834 0.655279 -0.701243
    outer loop
      vertex -36.7446 13.9063 -1.7
      vertex -36.4984 13.1557 -2.5
      vertex -36.5005 13.1548 -2.5
    endloop
  endfacet
  facet normal -0.27252 0.658393 -0.701606
    outer loop
      vertex -36.4984 13.1557 -2.5
      vertex -36.7446 13.9063 -1.7
      vertex -36.5779 13.9753 -1.7
    endloop
  endfacet
  facet normal 0.380726 0.602816 -0.701186
    outer loop
      vertex -37.9827 13.2725 -2.5
      vertex -37.6221 13.9753 -1.7
      vertex -37.9808 13.2713 -2.5
    endloop
  endfacet
  facet normal 0.372296 0.607596 -0.701586
    outer loop
      vertex -37.6221 13.9753 -1.7
      vertex -37.9827 13.2725 -2.5
      vertex -37.776 14.0696 -1.7
    endloop
  endfacet
  facet normal -0.372296 -0.607596 -0.701586
    outer loop
      vertex -36.5779 16.0247 -1.7
      vertex -36.2173 16.7275 -2.5
      vertex -36.424 15.9304 -1.7
    endloop
  endfacet
  facet normal -0.380726 -0.602816 -0.701186
    outer loop
      vertex -36.2173 16.7275 -2.5
      vertex -36.5779 16.0247 -1.7
      vertex -36.2192 16.7287 -2.5
    endloop
  endfacet
  facet normal -0.692906 0.166212 -0.701609
    outer loop
      vertex -35.1838 14.6965 -2.5
      vertex -35.2543 14.4026 -2.5
      vertex -35.9642 14.8201 -1.7
    endloop
  endfacet
  facet normal 0.692906 0.166212 -0.701609
    outer loop
      vertex -38.2358 14.8201 -1.7
      vertex -38.9457 14.4026 -2.5
      vertex -39.0162 14.6965 -2.5
    endloop
  endfacet
  facet normal 0.462833 -0.541815 -0.701586
    outer loop
      vertex -37.9132 15.8132 -1.7
      vertex -38.4702 16.3733 -2.5
      vertex -37.776 15.9304 -1.7
    endloop
  endfacet
  facet normal 0.453337 -0.55048 -0.70104
    outer loop
      vertex -38.4702 16.3733 -2.5
      vertex -37.9132 15.8132 -1.7
      vertex -38.4719 16.3719 -2.5
    endloop
  endfacet
  facet normal 0.709333 -0.0644848 -0.701917
    outer loop
      vertex -38.2358 15.1799 -1.7
      vertex -39.0164 15.3013 -2.5
      vertex -39.0162 15.3035 -2.5
    endloop
  endfacet
  facet normal 0.71034 -0.0560691 -0.701622
    outer loop
      vertex -39.0164 15.3013 -2.5
      vertex -38.2358 15.1799 -1.7
      vertex -38.25 15 -1.7
    endloop
  endfacet
  facet normal -0.372292 -0.607598 -0.701586
    outer loop
      vertex -36.2173 16.7275 -2.5
      vertex -35.9596 16.5696 -2.5
      vertex -36.424 15.9304 -1.7
    endloop
  endfacet
  facet normal -0.602192 0.380332 -0.701934
    outer loop
      vertex -36.1696 14.324 -1.7
      vertex -35.5292 13.8615 -2.5
      vertex -35.5304 13.8596 -2.5
    endloop
  endfacet
  facet normal -0.607584 0.372288 -0.7016
    outer loop
      vertex -35.5292 13.8615 -2.5
      vertex -36.1696 14.324 -1.7
      vertex -36.0753 14.4779 -1.7
    endloop
  endfacet
  facet normal 0.0558774 0.710374 -0.701603
    outer loop
      vertex -37.2799 13.8642 -1.7
      vertex -37.1022 13.0601 -2.5
      vertex -37.4035 13.0838 -2.5
    endloop
  endfacet
  facet normal -0.462831 0.541817 -0.701585
    outer loop
      vertex -35.7298 13.6267 -2.5
      vertex -35.9596 13.4304 -2.5
      vertex -36.424 14.0696 -1.7
    endloop
  endfacet
  facet normal 0.0645465 0.710012 -0.701225
    outer loop
      vertex -37.1022 13.0601 -2.5
      vertex -37.1 13.85 -1.7
      vertex -37.1 13.0599 -2.5
    endloop
  endfacet
  facet normal 0.0560729 0.710388 -0.701573
    outer loop
      vertex -37.1 13.85 -1.7
      vertex -37.1022 13.0601 -2.5
      vertex -37.2799 13.8642 -1.7
    endloop
  endfacet
  facet normal -0.655279 -0.280834 -0.701243
    outer loop
      vertex -36.0063 15.3554 -1.7
      vertex -35.2557 15.6016 -2.5
      vertex -35.2548 15.5995 -2.5
    endloop
  endfacet
  facet normal -0.658393 -0.27252 -0.701606
    outer loop
      vertex -35.2557 15.6016 -2.5
      vertex -36.0063 15.3554 -1.7
      vertex -36.0753 15.5221 -1.7
    endloop
  endfacet
  facet normal 0.541925 -0.462688 -0.701596
    outer loop
      vertex -38.4719 16.3719 -2.5
      vertex -37.9132 15.8132 -1.7
      vertex -38.6681 16.1421 -2.5
    endloop
  endfacet
  facet normal 0.462831 -0.541817 -0.701585
    outer loop
      vertex -38.2404 16.5696 -2.5
      vertex -37.776 15.9304 -1.7
      vertex -38.4702 16.3733 -2.5
    endloop
  endfacet
  facet normal 0.693228 0.165054 -0.701564
    outer loop
      vertex -38.9457 14.4026 -2.5
      vertex -38.1937 14.6446 -1.7
      vertex -38.9452 14.4005 -2.5
    endloop
  endfacet
  facet normal 0.692903 0.166218 -0.70161
    outer loop
      vertex -38.1937 14.6446 -1.7
      vertex -38.9457 14.4026 -2.5
      vertex -38.2358 14.8201 -1.7
    endloop
  endfacet
  facet normal 0.166218 -0.692903 -0.70161
    outer loop
      vertex -37.4554 16.0937 -1.7
      vertex -37.6974 16.8457 -2.5
      vertex -37.2799 16.1358 -1.7
    endloop
  endfacet
  facet normal 0.165054 -0.693228 -0.701564
    outer loop
      vertex -37.6974 16.8457 -2.5
      vertex -37.4554 16.0937 -1.7
      vertex -37.6995 16.8452 -2.5
    endloop
  endfacet
  facet normal 0.541827 0.462844 -0.701569
    outer loop
      vertex -38.6681 13.8579 -2.5
      vertex -38.0304 14.324 -1.7
      vertex -37.9132 14.1868 -1.7
    endloop
  endfacet
  facet normal 0.53469 0.471785 -0.701089
    outer loop
      vertex -38.0304 14.324 -1.7
      vertex -38.6681 13.8579 -2.5
      vertex -38.6696 13.8596 -2.5
    endloop
  endfacet
  facet normal 0.607587 0.372285 -0.7016
    outer loop
      vertex -38.1247 14.4779 -1.7
      vertex -38.6708 13.8615 -2.5
      vertex -38.8287 14.1192 -2.5
    endloop
  endfacet
  facet normal -0.655279 0.280834 -0.701243
    outer loop
      vertex -35.2557 14.3984 -2.5
      vertex -36.0063 14.6446 -1.7
      vertex -35.2548 14.4005 -2.5
    endloop
  endfacet
  facet normal -0.658393 0.27252 -0.701606
    outer loop
      vertex -36.0063 14.6446 -1.7
      vertex -35.2557 14.3984 -2.5
      vertex -36.0753 14.4779 -1.7
    endloop
  endfacet
  facet normal 0.372296 -0.607596 -0.701586
    outer loop
      vertex -37.9827 16.7275 -2.5
      vertex -37.6221 16.0247 -1.7
      vertex -37.776 15.9304 -1.7
    endloop
  endfacet
  facet normal 0.380726 -0.602816 -0.701186
    outer loop
      vertex -37.6221 16.0247 -1.7
      vertex -37.9827 16.7275 -2.5
      vertex -37.9808 16.7287 -2.5
    endloop
  endfacet
  facet normal 0.71034 0.0560691 -0.701622
    outer loop
      vertex -38.2358 14.8201 -1.7
      vertex -39.0164 14.6987 -2.5
      vertex -38.25 15 -1.7
    endloop
  endfacet
  facet normal 0.709333 0.0644848 -0.701917
    outer loop
      vertex -39.0164 14.6987 -2.5
      vertex -38.2358 14.8201 -1.7
      vertex -39.0162 14.6965 -2.5
    endloop
  endfacet
  facet normal 0.658375 -0.272594 -0.701594
    outer loop
      vertex -38.8287 15.8808 -2.5
      vertex -38.1247 15.5221 -1.7
      vertex -38.9443 15.6016 -2.5
    endloop
  endfacet
  facet normal 0.462831 0.541817 -0.701585
    outer loop
      vertex -37.776 14.0696 -1.7
      vertex -38.2404 13.4304 -2.5
      vertex -38.4702 13.6267 -2.5
    endloop
  endfacet
  facet normal 0.372292 0.607598 -0.701586
    outer loop
      vertex -37.776 14.0696 -1.7
      vertex -37.9827 13.2725 -2.5
      vertex -38.2404 13.4304 -2.5
    endloop
  endfacet
  facet normal -0.693228 0.165054 -0.701564
    outer loop
      vertex -36.0063 14.6446 -1.7
      vertex -35.2543 14.4026 -2.5
      vertex -35.2548 14.4005 -2.5
    endloop
  endfacet
  facet normal -0.692903 0.166218 -0.70161
    outer loop
      vertex -35.2543 14.4026 -2.5
      vertex -36.0063 14.6446 -1.7
      vertex -35.9642 14.8201 -1.7
    endloop
  endfacet
  facet normal 0.462833 0.541815 -0.701586
    outer loop
      vertex -38.4702 13.6267 -2.5
      vertex -37.9132 14.1868 -1.7
      vertex -37.776 14.0696 -1.7
    endloop
  endfacet
  facet normal 0.453337 0.55048 -0.70104
    outer loop
      vertex -37.9132 14.1868 -1.7
      vertex -38.4702 13.6267 -2.5
      vertex -38.4719 13.6281 -2.5
    endloop
  endfacet
  facet normal -0.0558774 -0.710374 -0.701603
    outer loop
      vertex -36.7965 16.9162 -2.5
      vertex -36.9201 16.1358 -1.7
      vertex -37.0978 16.9399 -2.5
    endloop
  endfacet
  facet normal -0.166265 -0.692888 -0.701614
    outer loop
      vertex -36.5005 16.8452 -2.5
      vertex -36.7446 16.0937 -1.7
      vertex -36.7943 16.9157 -2.5
    endloop
  endfacet
  facet normal -0.0645465 -0.710012 -0.701225
    outer loop
      vertex -37.0978 16.9399 -2.5
      vertex -37.1 16.15 -1.7
      vertex -37.1 16.9401 -2.5
    endloop
  endfacet
  facet normal -0.0560729 -0.710388 -0.701573
    outer loop
      vertex -37.1 16.15 -1.7
      vertex -37.0978 16.9399 -2.5
      vertex -36.9201 16.1358 -1.7
    endloop
  endfacet
  facet normal 0.27252 -0.658393 -0.701606
    outer loop
      vertex -37.7016 16.8443 -2.5
      vertex -37.4554 16.0937 -1.7
      vertex -37.6221 16.0247 -1.7
    endloop
  endfacet
  facet normal 0.280834 -0.655279 -0.701243
    outer loop
      vertex -37.4554 16.0937 -1.7
      vertex -37.7016 16.8443 -2.5
      vertex -37.6995 16.8452 -2.5
    endloop
  endfacet
  facet normal -0.157851 0.694546 -0.701918
    outer loop
      vertex -36.9201 13.8642 -1.7
      vertex -36.7943 13.0843 -2.5
      vertex -36.7965 13.0838 -2.5
    endloop
  endfacet
  facet normal -0.166215 0.692893 -0.701621
    outer loop
      vertex -36.7943 13.0843 -2.5
      vertex -36.9201 13.8642 -1.7
      vertex -36.7446 13.9063 -1.7
    endloop
  endfacet
  facet normal 0.658393 -0.27252 -0.701606
    outer loop
      vertex -38.1937 15.3554 -1.7
      vertex -38.9443 15.6016 -2.5
      vertex -38.1247 15.5221 -1.7
    endloop
  endfacet
  facet normal 0.655279 -0.280834 -0.701243
    outer loop
      vertex -38.9443 15.6016 -2.5
      vertex -38.1937 15.3554 -1.7
      vertex -38.9452 15.5995 -2.5
    endloop
  endfacet
  facet normal -0.0560729 0.710388 -0.701573
    outer loop
      vertex -37.0978 13.0601 -2.5
      vertex -37.1 13.85 -1.7
      vertex -36.9201 13.8642 -1.7
    endloop
  endfacet
  facet normal -0.0645465 0.710012 -0.701225
    outer loop
      vertex -37.1 13.85 -1.7
      vertex -37.0978 13.0601 -2.5
      vertex -37.1 13.0599 -2.5
    endloop
  endfacet
  facet normal -0.972412 -0.233268 0
    outer loop
      vertex -27.8642 31.6281 -1.7
      vertex -27.9063 31.8036 0
      vertex -27.9063 31.8036 -1.7
    endloop
  endfacet
  facet normal -0.972412 -0.233268 0
    outer loop
      vertex -27.9063 31.8036 0
      vertex -27.8642 31.6281 -1.7
      vertex -27.8642 31.6281 0
    endloop
  endfacet
  facet normal -0.996899 -0.078688 0
    outer loop
      vertex -27.85 31.4482 -1.7
      vertex -27.8642 31.6281 0
      vertex -27.8642 31.6281 -1.7
    endloop
  endfacet
  facet normal -0.996899 -0.078688 0
    outer loop
      vertex -27.8642 31.6281 0
      vertex -27.85 31.4482 -1.7
      vertex -27.85 31.4482 0
    endloop
  endfacet
  facet normal -0.972412 0.233268 0
    outer loop
      vertex -27.9063 31.0928 -1.7
      vertex -27.8642 31.2683 0
      vertex -27.8642 31.2683 -1.7
    endloop
  endfacet
  facet normal -0.972412 0.233268 0
    outer loop
      vertex -27.8642 31.2683 0
      vertex -27.9063 31.0928 -1.7
      vertex -27.9063 31.0928 0
    endloop
  endfacet
  facet normal -0.996899 0.078688 0
    outer loop
      vertex -27.8642 31.2683 -1.7
      vertex -27.85 31.4482 0
      vertex -27.85 31.4482 -1.7
    endloop
  endfacet
  facet normal -0.996899 0.078688 0
    outer loop
      vertex -27.85 31.4482 0
      vertex -27.8642 31.2683 -1.7
      vertex -27.8642 31.2683 0
    endloop
  endfacet
  facet normal -0.233268 -0.972412 0
    outer loop
      vertex -28.8201 32.584 -1.7
      vertex -28.6446 32.5419 0
      vertex -28.8201 32.584 0
    endloop
  endfacet
  facet normal -0.233268 -0.972412 -0
    outer loop
      vertex -28.6446 32.5419 0
      vertex -28.8201 32.584 -1.7
      vertex -28.6446 32.5419 -1.7
    endloop
  endfacet
  facet normal -0.760585 -0.649239 0
    outer loop
      vertex -28.0696 32.1241 -1.7
      vertex -28.1868 32.2614 0
      vertex -28.1868 32.2614 -1.7
    endloop
  endfacet
  facet normal -0.760585 -0.649239 0
    outer loop
      vertex -28.1868 32.2614 0
      vertex -28.0696 32.1241 -1.7
      vertex -28.0696 32.1241 0
    endloop
  endfacet
  facet normal 0.760585 -0.649239 0
    outer loop
      vertex -29.9304 32.1241 0
      vertex -29.8132 32.2614 -1.7
      vertex -29.8132 32.2614 0
    endloop
  endfacet
  facet normal 0.760585 -0.649239 0
    outer loop
      vertex -29.8132 32.2614 -1.7
      vertex -29.9304 32.1241 0
      vertex -29.9304 32.1241 -1.7
    endloop
  endfacet
  facet normal 0.078688 -0.996899 0
    outer loop
      vertex -29.1799 32.584 -1.7
      vertex -29 32.5982 0
      vertex -29.1799 32.584 0
    endloop
  endfacet
  facet normal 0.078688 -0.996899 0
    outer loop
      vertex -29 32.5982 0
      vertex -29.1799 32.584 -1.7
      vertex -29 32.5982 -1.7
    endloop
  endfacet
  facet normal 0.760351 0.649513 0
    outer loop
      vertex -29.8132 30.635 0
      vertex -29.9304 30.7722 -1.7
      vertex -29.9304 30.7722 0
    endloop
  endfacet
  facet normal 0.760351 0.649513 0
    outer loop
      vertex -29.9304 30.7722 -1.7
      vertex -29.8132 30.635 0
      vertex -29.8132 30.635 -1.7
    endloop
  endfacet
  facet normal 0.923976 -0.38245 0
    outer loop
      vertex -30.0937 31.8036 0
      vertex -30.0247 31.9703 -1.7
      vertex -30.0247 31.9703 0
    endloop
  endfacet
  facet normal 0.923976 -0.38245 0
    outer loop
      vertex -30.0247 31.9703 -1.7
      vertex -30.0937 31.8036 0
      vertex -30.0937 31.8036 -1.7
    endloop
  endfacet
  facet normal 0.0781372 0.996943 -0
    outer loop
      vertex -29 30.2982 -1.7
      vertex -29.1799 30.3123 0
      vertex -29 30.2982 0
    endloop
  endfacet
  facet normal 0.0781372 0.996943 0
    outer loop
      vertex -29.1799 30.3123 0
      vertex -29 30.2982 -1.7
      vertex -29.1799 30.3123 -1.7
    endloop
  endfacet
  facet normal 0.382923 -0.92378 0
    outer loop
      vertex -29.5221 32.4728 -1.7
      vertex -29.3554 32.5419 0
      vertex -29.5221 32.4728 0
    endloop
  endfacet
  facet normal 0.382923 -0.92378 0
    outer loop
      vertex -29.3554 32.5419 0
      vertex -29.5221 32.4728 -1.7
      vertex -29.3554 32.5419 -1.7
    endloop
  endfacet
  facet normal 0.522055 -0.852912 0
    outer loop
      vertex -29.676 32.3786 -1.7
      vertex -29.5221 32.4728 0
      vertex -29.676 32.3786 0
    endloop
  endfacet
  facet normal 0.522055 -0.852912 0
    outer loop
      vertex -29.5221 32.4728 0
      vertex -29.676 32.3786 -1.7
      vertex -29.5221 32.4728 -1.7
    endloop
  endfacet
  facet normal -0.649513 0.760351 0
    outer loop
      vertex -28.1868 30.635 -1.7
      vertex -28.324 30.5178 0
      vertex -28.1868 30.635 0
    endloop
  endfacet
  facet normal -0.649513 0.760351 0
    outer loop
      vertex -28.324 30.5178 0
      vertex -28.1868 30.635 -1.7
      vertex -28.324 30.5178 -1.7
    endloop
  endfacet
  facet normal -0.923976 0.38245 0
    outer loop
      vertex -27.9753 30.9261 -1.7
      vertex -27.9063 31.0928 0
      vertex -27.9063 31.0928 -1.7
    endloop
  endfacet
  facet normal -0.923976 0.38245 0
    outer loop
      vertex -27.9063 31.0928 0
      vertex -27.9753 30.9261 -1.7
      vertex -27.9753 30.9261 0
    endloop
  endfacet
  facet normal -0.760351 0.649513 0
    outer loop
      vertex -28.1868 30.635 -1.7
      vertex -28.0696 30.7722 0
      vertex -28.0696 30.7722 -1.7
    endloop
  endfacet
  facet normal -0.760351 0.649513 0
    outer loop
      vertex -28.0696 30.7722 0
      vertex -28.1868 30.635 -1.7
      vertex -28.1868 30.635 0
    endloop
  endfacet
  facet normal 0.233792 0.972287 -0
    outer loop
      vertex -29.1799 30.3123 -1.7
      vertex -29.3554 30.3545 0
      vertex -29.1799 30.3123 0
    endloop
  endfacet
  facet normal 0.233792 0.972287 0
    outer loop
      vertex -29.3554 30.3545 0
      vertex -29.1799 30.3123 -1.7
      vertex -29.3554 30.3545 -1.7
    endloop
  endfacet
  facet normal 0.649513 -0.760351 0
    outer loop
      vertex -29.8132 32.2614 -1.7
      vertex -29.676 32.3786 0
      vertex -29.8132 32.2614 0
    endloop
  endfacet
  facet normal 0.649513 -0.760351 0
    outer loop
      vertex -29.676 32.3786 0
      vertex -29.8132 32.2614 -1.7
      vertex -29.676 32.3786 -1.7
    endloop
  endfacet
  facet normal -0.923976 -0.38245 0
    outer loop
      vertex -27.9063 31.8036 -1.7
      vertex -27.9753 31.9703 0
      vertex -27.9753 31.9703 -1.7
    endloop
  endfacet
  facet normal -0.923976 -0.38245 0
    outer loop
      vertex -27.9753 31.9703 0
      vertex -27.9063 31.8036 -1.7
      vertex -27.9063 31.8036 0
    endloop
  endfacet
  facet normal 0.996899 0.078688 0
    outer loop
      vertex -30.1358 31.2683 0
      vertex -30.15 31.4482 -1.7
      vertex -30.15 31.4482 0
    endloop
  endfacet
  facet normal 0.996899 0.078688 0
    outer loop
      vertex -30.15 31.4482 -1.7
      vertex -30.1358 31.2683 0
      vertex -30.1358 31.2683 -1.7
    endloop
  endfacet
  facet normal -0.38245 0.923976 0
    outer loop
      vertex -28.4779 30.4235 -1.7
      vertex -28.6446 30.3545 0
      vertex -28.4779 30.4235 0
    endloop
  endfacet
  facet normal -0.38245 0.923976 0
    outer loop
      vertex -28.6446 30.3545 0
      vertex -28.4779 30.4235 -1.7
      vertex -28.6446 30.3545 -1.7
    endloop
  endfacet
  facet normal 0.923976 0.38245 0
    outer loop
      vertex -30.0247 30.9261 0
      vertex -30.0937 31.0928 -1.7
      vertex -30.0937 31.0928 0
    endloop
  endfacet
  facet normal 0.923976 0.38245 0
    outer loop
      vertex -30.0937 31.0928 -1.7
      vertex -30.0247 30.9261 0
      vertex -30.0247 30.9261 -1.7
    endloop
  endfacet
  facet normal 0.996899 -0.078688 0
    outer loop
      vertex -30.15 31.4482 0
      vertex -30.1358 31.6281 -1.7
      vertex -30.1358 31.6281 0
    endloop
  endfacet
  facet normal 0.996899 -0.078688 0
    outer loop
      vertex -30.1358 31.6281 -1.7
      vertex -30.15 31.4482 0
      vertex -30.15 31.4482 -1.7
    endloop
  endfacet
  facet normal -0.649513 -0.760351 0
    outer loop
      vertex -28.324 32.3786 -1.7
      vertex -28.1868 32.2614 0
      vertex -28.324 32.3786 0
    endloop
  endfacet
  facet normal -0.649513 -0.760351 -0
    outer loop
      vertex -28.1868 32.2614 0
      vertex -28.324 32.3786 -1.7
      vertex -28.1868 32.2614 -1.7
    endloop
  endfacet
  facet normal -0.522055 -0.852912 0
    outer loop
      vertex -28.4779 32.4728 -1.7
      vertex -28.324 32.3786 0
      vertex -28.4779 32.4728 0
    endloop
  endfacet
  facet normal -0.522055 -0.852912 -0
    outer loop
      vertex -28.324 32.3786 0
      vertex -28.4779 32.4728 -1.7
      vertex -28.324 32.3786 -1.7
    endloop
  endfacet
  facet normal 0.649513 0.760351 -0
    outer loop
      vertex -29.676 30.5178 -1.7
      vertex -29.8132 30.635 0
      vertex -29.676 30.5178 0
    endloop
  endfacet
  facet normal 0.649513 0.760351 0
    outer loop
      vertex -29.8132 30.635 0
      vertex -29.676 30.5178 -1.7
      vertex -29.8132 30.635 -1.7
    endloop
  endfacet
  facet normal -0.852665 0.522458 0
    outer loop
      vertex -28.0696 30.7722 -1.7
      vertex -27.9753 30.9261 0
      vertex -27.9753 30.9261 -1.7
    endloop
  endfacet
  facet normal -0.852665 0.522458 0
    outer loop
      vertex -27.9753 30.9261 0
      vertex -28.0696 30.7722 -1.7
      vertex -28.0696 30.7722 0
    endloop
  endfacet
  facet normal -0.852514 -0.522705 0
    outer loop
      vertex -27.9753 31.9703 -1.7
      vertex -28.0696 32.1241 0
      vertex -28.0696 32.1241 -1.7
    endloop
  endfacet
  facet normal -0.852514 -0.522705 0
    outer loop
      vertex -28.0696 32.1241 0
      vertex -27.9753 31.9703 -1.7
      vertex -27.9753 31.9703 0
    endloop
  endfacet
  facet normal 0.522458 0.852665 -0
    outer loop
      vertex -29.5221 30.4235 -1.7
      vertex -29.676 30.5178 0
      vertex -29.5221 30.4235 0
    endloop
  endfacet
  facet normal 0.522458 0.852665 0
    outer loop
      vertex -29.676 30.5178 0
      vertex -29.5221 30.4235 -1.7
      vertex -29.676 30.5178 -1.7
    endloop
  endfacet
  facet normal -0.078688 -0.996899 0
    outer loop
      vertex -29 32.5982 -1.7
      vertex -28.8201 32.584 0
      vertex -29 32.5982 0
    endloop
  endfacet
  facet normal -0.078688 -0.996899 -0
    outer loop
      vertex -28.8201 32.584 0
      vertex -29 32.5982 -1.7
      vertex -28.8201 32.584 -1.7
    endloop
  endfacet
  facet normal 0.972412 0.233268 0
    outer loop
      vertex -30.0937 31.0928 0
      vertex -30.1358 31.2683 -1.7
      vertex -30.1358 31.2683 0
    endloop
  endfacet
  facet normal 0.972412 0.233268 0
    outer loop
      vertex -30.1358 31.2683 -1.7
      vertex -30.0937 31.0928 0
      vertex -30.0937 31.0928 -1.7
    endloop
  endfacet
  facet normal 0.972412 -0.233268 0
    outer loop
      vertex -30.1358 31.6281 0
      vertex -30.0937 31.8036 -1.7
      vertex -30.0937 31.8036 0
    endloop
  endfacet
  facet normal 0.972412 -0.233268 0
    outer loop
      vertex -30.0937 31.8036 -1.7
      vertex -30.1358 31.6281 0
      vertex -30.1358 31.6281 -1.7
    endloop
  endfacet
  facet normal -0.233792 0.972287 0
    outer loop
      vertex -28.6446 30.3545 -1.7
      vertex -28.8201 30.3123 0
      vertex -28.6446 30.3545 0
    endloop
  endfacet
  facet normal -0.233792 0.972287 0
    outer loop
      vertex -28.8201 30.3123 0
      vertex -28.6446 30.3545 -1.7
      vertex -28.8201 30.3123 -1.7
    endloop
  endfacet
  facet normal -0.0781372 0.996943 0
    outer loop
      vertex -28.8201 30.3123 -1.7
      vertex -29 30.2982 0
      vertex -28.8201 30.3123 0
    endloop
  endfacet
  facet normal -0.0781372 0.996943 0
    outer loop
      vertex -29 30.2982 0
      vertex -28.8201 30.3123 -1.7
      vertex -29 30.2982 -1.7
    endloop
  endfacet
  facet normal 0.38245 0.923976 -0
    outer loop
      vertex -29.3554 30.3545 -1.7
      vertex -29.5221 30.4235 0
      vertex -29.3554 30.3545 0
    endloop
  endfacet
  facet normal 0.38245 0.923976 0
    outer loop
      vertex -29.5221 30.4235 0
      vertex -29.3554 30.3545 -1.7
      vertex -29.5221 30.4235 -1.7
    endloop
  endfacet
  facet normal -0.522458 0.852665 0
    outer loop
      vertex -28.324 30.5178 -1.7
      vertex -28.4779 30.4235 0
      vertex -28.324 30.5178 0
    endloop
  endfacet
  facet normal -0.522458 0.852665 0
    outer loop
      vertex -28.4779 30.4235 0
      vertex -28.324 30.5178 -1.7
      vertex -28.4779 30.4235 -1.7
    endloop
  endfacet
  facet normal 0.852665 0.522458 0
    outer loop
      vertex -29.9304 30.7722 0
      vertex -30.0247 30.9261 -1.7
      vertex -30.0247 30.9261 0
    endloop
  endfacet
  facet normal 0.852665 0.522458 0
    outer loop
      vertex -30.0247 30.9261 -1.7
      vertex -29.9304 30.7722 0
      vertex -29.9304 30.7722 -1.7
    endloop
  endfacet
  facet normal 0.233268 -0.972412 0
    outer loop
      vertex -29.3554 32.5419 -1.7
      vertex -29.1799 32.584 0
      vertex -29.3554 32.5419 0
    endloop
  endfacet
  facet normal 0.233268 -0.972412 0
    outer loop
      vertex -29.1799 32.584 0
      vertex -29.3554 32.5419 -1.7
      vertex -29.1799 32.584 -1.7
    endloop
  endfacet
  facet normal -0.382923 -0.92378 0
    outer loop
      vertex -28.6446 32.5419 -1.7
      vertex -28.4779 32.4728 0
      vertex -28.6446 32.5419 0
    endloop
  endfacet
  facet normal -0.382923 -0.92378 -0
    outer loop
      vertex -28.4779 32.4728 0
      vertex -28.6446 32.5419 -1.7
      vertex -28.4779 32.4728 -1.7
    endloop
  endfacet
  facet normal 0.852514 -0.522705 0
    outer loop
      vertex -30.0247 31.9703 0
      vertex -29.9304 32.1241 -1.7
      vertex -29.9304 32.1241 0
    endloop
  endfacet
  facet normal 0.852514 -0.522705 0
    outer loop
      vertex -29.9304 32.1241 -1.7
      vertex -30.0247 31.9703 0
      vertex -30.0247 31.9703 -1.7
    endloop
  endfacet
  facet normal 0.607495 -0.372476 -0.701578
    outer loop
      vertex -30.0247 31.9703 -1.7
      vertex -30.7275 32.3309 -2.5
      vertex -29.9304 32.1241 -1.7
    endloop
  endfacet
  facet normal 0.602816 -0.380726 -0.701186
    outer loop
      vertex -30.7275 32.3309 -2.5
      vertex -30.0247 31.9703 -1.7
      vertex -30.7287 32.329 -2.5
    endloop
  endfacet
  facet normal 0.280834 0.655279 -0.701243
    outer loop
      vertex -29.6016 29.6039 -2.5
      vertex -29.3554 30.3545 -1.7
      vertex -29.5995 29.603 -2.5
    endloop
  endfacet
  facet normal 0.27252 0.658393 -0.701606
    outer loop
      vertex -29.3554 30.3545 -1.7
      vertex -29.6016 29.6039 -2.5
      vertex -29.5221 30.4235 -1.7
    endloop
  endfacet
  facet normal -0.0645465 -0.710012 -0.701225
    outer loop
      vertex -28.9978 33.3881 -2.5
      vertex -29 32.5982 -1.7
      vertex -29 33.3883 -2.5
    endloop
  endfacet
  facet normal -0.0560729 -0.710388 -0.701573
    outer loop
      vertex -29 32.5982 -1.7
      vertex -28.9978 33.3881 -2.5
      vertex -28.8201 32.584 -1.7
    endloop
  endfacet
  facet normal 0.710388 -0.0560729 -0.701573
    outer loop
      vertex -30.15 31.4482 -1.7
      vertex -30.9399 31.4504 -2.5
      vertex -30.1358 31.6281 -1.7
    endloop
  endfacet
  facet normal 0.710012 -0.0645465 -0.701225
    outer loop
      vertex -30.9399 31.4504 -2.5
      vertex -30.15 31.4482 -1.7
      vertex -30.9401 31.4482 -2.5
    endloop
  endfacet
  facet normal -0.711124 -0.0323238 -0.702324
    outer loop
      vertex -27.85 31.4482 -1.7
      vertex -27.06 31.4504 -2.5
      vertex -27.0599 31.4482 -2.5
    endloop
  endfacet
  facet normal -0.710343 -0.0560694 -0.701618
    outer loop
      vertex -27.06 31.4504 -2.5
      vertex -27.85 31.4482 -1.7
      vertex -27.8642 31.6281 -1.7
    endloop
  endfacet
  facet normal -0.710346 -0.056111 -0.701612
    outer loop
      vertex -27.0838 31.7517 -2.5
      vertex -27.06 31.4504 -2.5
      vertex -27.8642 31.6281 -1.7
    endloop
  endfacet
  facet normal 0.272792 -0.658284 -0.701603
    outer loop
      vertex -29.6016 33.2925 -2.5
      vertex -29.5221 32.4728 -1.7
      vertex -29.8808 33.1768 -2.5
    endloop
  endfacet
  facet normal 0.607578 -0.37228 -0.70161
    outer loop
      vertex -30.5696 32.5886 -2.5
      vertex -29.9304 32.1241 -1.7
      vertex -30.7275 32.3309 -2.5
    endloop
  endfacet
  facet normal -0.166212 -0.692906 -0.701609
    outer loop
      vertex -28.6965 33.3644 -2.5
      vertex -28.4026 33.2939 -2.5
      vertex -28.8201 32.584 -1.7
    endloop
  endfacet
  facet normal -0.55048 0.453337 -0.70104
    outer loop
      vertex -28.1868 30.635 -1.7
      vertex -27.6267 30.078 -2.5
      vertex -27.6281 30.0763 -2.5
    endloop
  endfacet
  facet normal -0.541815 0.462833 -0.701586
    outer loop
      vertex -27.6267 30.078 -2.5
      vertex -28.1868 30.635 -1.7
      vertex -28.0696 30.7722 -1.7
    endloop
  endfacet
  facet normal 0.541989 -0.462644 -0.701576
    outer loop
      vertex -30.3733 32.8184 -2.5
      vertex -29.8132 32.2614 -1.7
      vertex -29.9304 32.1241 -1.7
    endloop
  endfacet
  facet normal 0.55048 -0.453337 -0.70104
    outer loop
      vertex -29.8132 32.2614 -1.7
      vertex -30.3733 32.8184 -2.5
      vertex -30.3719 32.8201 -2.5
    endloop
  endfacet
  facet normal 0.0556812 0.710429 -0.701562
    outer loop
      vertex -29.3013 29.5318 -2.5
      vertex -29.1799 30.3123 -1.7
      vertex -29 30.2982 -1.7
    endloop
  endfacet
  facet normal 0.0324063 0.712938 -0.700478
    outer loop
      vertex -29.1799 30.3123 -1.7
      vertex -29.3013 29.5318 -2.5
      vertex -29.3035 29.5319 -2.5
    endloop
  endfacet
  facet normal -0.692888 -0.166265 -0.701614
    outer loop
      vertex -27.1548 32.0477 -2.5
      vertex -27.0843 31.7539 -2.5
      vertex -27.9063 31.8036 -1.7
    endloop
  endfacet
  facet normal -0.655279 0.280834 -0.701243
    outer loop
      vertex -27.1557 30.8466 -2.5
      vertex -27.9063 31.0928 -1.7
      vertex -27.1548 30.8487 -2.5
    endloop
  endfacet
  facet normal -0.658393 0.27252 -0.701606
    outer loop
      vertex -27.9063 31.0928 -1.7
      vertex -27.1557 30.8466 -2.5
      vertex -27.9753 30.9261 -1.7
    endloop
  endfacet
  facet normal -0.272792 -0.658284 -0.701603
    outer loop
      vertex -28.3984 33.2925 -2.5
      vertex -28.1192 33.1768 -2.5
      vertex -28.4779 32.4728 -1.7
    endloop
  endfacet
  facet normal 0.692888 -0.166265 -0.701614
    outer loop
      vertex -30.8452 32.0477 -2.5
      vertex -30.0937 31.8036 -1.7
      vertex -30.9157 31.7539 -2.5
    endloop
  endfacet
  facet normal 0.452716 0.549726 -0.702033
    outer loop
      vertex -30.1421 29.88 -2.5
      vertex -29.676 30.5178 -1.7
      vertex -30.1404 29.8786 -2.5
    endloop
  endfacet
  facet normal 0.462822 0.541802 -0.701603
    outer loop
      vertex -29.676 30.5178 -1.7
      vertex -30.1421 29.88 -2.5
      vertex -29.8132 30.635 -1.7
    endloop
  endfacet
  facet normal 0.372288 0.607584 -0.7016
    outer loop
      vertex -30.1385 29.8774 -2.5
      vertex -29.676 30.5178 -1.7
      vertex -29.5221 30.4235 -1.7
    endloop
  endfacet
  facet normal 0.380332 0.602192 -0.701934
    outer loop
      vertex -29.676 30.5178 -1.7
      vertex -30.1385 29.8774 -2.5
      vertex -30.1404 29.8786 -2.5
    endloop
  endfacet
  facet normal -0.372285 0.607587 -0.7016
    outer loop
      vertex -27.8615 29.8774 -2.5
      vertex -28.1192 29.7195 -2.5
      vertex -28.4779 30.4235 -1.7
    endloop
  endfacet
  facet normal -0.166437 0.692861 -0.7016
    outer loop
      vertex -28.4026 29.6025 -2.5
      vertex -28.6965 29.5319 -2.5
      vertex -28.8201 30.3123 -1.7
    endloop
  endfacet
  facet normal 0.462688 -0.541925 -0.701596
    outer loop
      vertex -30.1421 33.0163 -2.5
      vertex -29.8132 32.2614 -1.7
      vertex -30.3719 32.8201 -2.5
    endloop
  endfacet
  facet normal 0.46282 0.541803 -0.701603
    outer loop
      vertex -29.8132 30.635 -1.7
      vertex -30.1421 29.88 -2.5
      vertex -30.3719 30.0763 -2.5
    endloop
  endfacet
  facet normal -0.602816 0.380726 -0.701186
    outer loop
      vertex -27.2725 30.5655 -2.5
      vertex -27.9753 30.9261 -1.7
      vertex -27.2713 30.5674 -2.5
    endloop
  endfacet
  facet normal -0.607596 0.372296 -0.701586
    outer loop
      vertex -27.9753 30.9261 -1.7
      vertex -27.2725 30.5655 -2.5
      vertex -28.0696 30.7722 -1.7
    endloop
  endfacet
  facet normal -0.692906 0.166212 -0.701609
    outer loop
      vertex -27.0838 31.1447 -2.5
      vertex -27.1543 30.8508 -2.5
      vertex -27.8642 31.2683 -1.7
    endloop
  endfacet
  facet normal 0.372285 -0.607587 -0.7016
    outer loop
      vertex -29.8808 33.1768 -2.5
      vertex -29.5221 32.4728 -1.7
      vertex -30.1385 33.0189 -2.5
    endloop
  endfacet
  facet normal -0.658375 -0.272594 -0.701594
    outer loop
      vertex -27.2713 32.329 -2.5
      vertex -27.1557 32.0498 -2.5
      vertex -27.9753 31.9703 -1.7
    endloop
  endfacet
  facet normal -0.46282 0.541803 -0.701603
    outer loop
      vertex -27.6281 30.0763 -2.5
      vertex -27.8579 29.88 -2.5
      vertex -28.1868 30.635 -1.7
    endloop
  endfacet
  facet normal -0.462688 -0.541925 -0.701596
    outer loop
      vertex -27.8579 33.0163 -2.5
      vertex -27.6281 32.8201 -2.5
      vertex -28.1868 32.2614 -1.7
    endloop
  endfacet
  facet normal -0.372285 -0.607587 -0.7016
    outer loop
      vertex -28.1192 33.1768 -2.5
      vertex -27.8615 33.0189 -2.5
      vertex -28.4779 32.4728 -1.7
    endloop
  endfacet
  facet normal -0.710346 0.056111 -0.701612
    outer loop
      vertex -27.06 31.446 -2.5
      vertex -27.0838 31.1447 -2.5
      vertex -27.8642 31.2683 -1.7
    endloop
  endfacet
  facet normal -0.711124 0.0323238 -0.702324
    outer loop
      vertex -27.06 31.446 -2.5
      vertex -27.85 31.4482 -1.7
      vertex -27.0599 31.4482 -2.5
    endloop
  endfacet
  facet normal -0.710343 0.0560694 -0.701618
    outer loop
      vertex -27.85 31.4482 -1.7
      vertex -27.06 31.446 -2.5
      vertex -27.8642 31.2683 -1.7
    endloop
  endfacet
  facet normal -0.658375 0.272594 -0.701594
    outer loop
      vertex -27.1557 30.8466 -2.5
      vertex -27.2713 30.5674 -2.5
      vertex -27.9753 30.9261 -1.7
    endloop
  endfacet
  facet normal 0.692893 -0.166215 -0.701621
    outer loop
      vertex -30.1358 31.6281 -1.7
      vertex -30.9157 31.7539 -2.5
      vertex -30.0937 31.8036 -1.7
    endloop
  endfacet
  facet normal 0.694546 -0.157851 -0.701918
    outer loop
      vertex -30.9157 31.7539 -2.5
      vertex -30.1358 31.6281 -1.7
      vertex -30.9162 31.7517 -2.5
    endloop
  endfacet
  facet normal 0.693228 0.165054 -0.701564
    outer loop
      vertex -30.8457 30.8508 -2.5
      vertex -30.0937 31.0928 -1.7
      vertex -30.8452 30.8487 -2.5
    endloop
  endfacet
  facet normal 0.692903 0.166218 -0.70161
    outer loop
      vertex -30.0937 31.0928 -1.7
      vertex -30.8457 30.8508 -2.5
      vertex -30.1358 31.2683 -1.7
    endloop
  endfacet
  facet normal 0.372285 0.607587 -0.7016
    outer loop
      vertex -29.5221 30.4235 -1.7
      vertex -29.8808 29.7195 -2.5
      vertex -30.1385 29.8774 -2.5
    endloop
  endfacet
  facet normal 0.710012 0.0645465 -0.701225
    outer loop
      vertex -30.15 31.4482 -1.7
      vertex -30.9399 31.446 -2.5
      vertex -30.9401 31.4482 -2.5
    endloop
  endfacet
  facet normal 0.710388 0.0560729 -0.701573
    outer loop
      vertex -30.9399 31.446 -2.5
      vertex -30.15 31.4482 -1.7
      vertex -30.1358 31.2683 -1.7
    endloop
  endfacet
  facet normal 0.166588 0.6928 -0.701625
    outer loop
      vertex -29.5974 29.6025 -2.5
      vertex -29.3554 30.3545 -1.7
      vertex -29.1799 30.3123 -1.7
    endloop
  endfacet
  facet normal 0.165054 0.693228 -0.701564
    outer loop
      vertex -29.3554 30.3545 -1.7
      vertex -29.5974 29.6025 -2.5
      vertex -29.5995 29.603 -2.5
    endloop
  endfacet
  facet normal 0.658393 0.27252 -0.701606
    outer loop
      vertex -30.8443 30.8466 -2.5
      vertex -30.0937 31.0928 -1.7
      vertex -30.0247 30.9261 -1.7
    endloop
  endfacet
  facet normal 0.655279 0.280834 -0.701243
    outer loop
      vertex -30.0937 31.0928 -1.7
      vertex -30.8443 30.8466 -2.5
      vertex -30.8452 30.8487 -2.5
    endloop
  endfacet
  facet normal 0.658375 0.272594 -0.701594
    outer loop
      vertex -30.0247 30.9261 -1.7
      vertex -30.7287 30.5674 -2.5
      vertex -30.8443 30.8466 -2.5
    endloop
  endfacet
  facet normal -0.272863 -0.658266 -0.701592
    outer loop
      vertex -28.6446 32.5419 -1.7
      vertex -28.3984 33.2925 -2.5
      vertex -28.4779 32.4728 -1.7
    endloop
  endfacet
  facet normal -0.280834 -0.655279 -0.701243
    outer loop
      vertex -28.3984 33.2925 -2.5
      vertex -28.6446 32.5419 -1.7
      vertex -28.4005 33.2934 -2.5
    endloop
  endfacet
  facet normal -0.380332 0.602192 -0.701934
    outer loop
      vertex -27.8615 29.8774 -2.5
      vertex -28.324 30.5178 -1.7
      vertex -27.8596 29.8786 -2.5
    endloop
  endfacet
  facet normal -0.372288 0.607584 -0.7016
    outer loop
      vertex -28.324 30.5178 -1.7
      vertex -27.8615 29.8774 -2.5
      vertex -28.4779 30.4235 -1.7
    endloop
  endfacet
  facet normal -0.541795 -0.462813 -0.701615
    outer loop
      vertex -27.6267 32.8184 -2.5
      vertex -27.4304 32.5886 -2.5
      vertex -28.0696 32.1241 -1.7
    endloop
  endfacet
  facet normal -0.0558782 0.710384 -0.701593
    outer loop
      vertex -29 30.2982 -1.7
      vertex -28.6987 29.5318 -2.5
      vertex -29 29.5081 -2.5
    endloop
  endfacet
  facet normal -0.35743 -0.61738 -0.700775
    outer loop
      vertex -28.324 32.3786 -1.7
      vertex -27.8615 33.0189 -2.5
      vertex -27.8596 33.0178 -2.5
    endloop
  endfacet
  facet normal -0.372028 -0.607803 -0.701549
    outer loop
      vertex -27.8615 33.0189 -2.5
      vertex -28.324 32.3786 -1.7
      vertex -28.4779 32.4728 -1.7
    endloop
  endfacet
  facet normal -0.280834 0.655279 -0.701243
    outer loop
      vertex -28.6446 30.3545 -1.7
      vertex -28.3984 29.6039 -2.5
      vertex -28.4005 29.603 -2.5
    endloop
  endfacet
  facet normal -0.27252 0.658393 -0.701606
    outer loop
      vertex -28.3984 29.6039 -2.5
      vertex -28.6446 30.3545 -1.7
      vertex -28.4779 30.4235 -1.7
    endloop
  endfacet
  facet normal -0.607578 -0.37228 -0.70161
    outer loop
      vertex -27.4304 32.5886 -2.5
      vertex -27.2725 32.3309 -2.5
      vertex -28.0696 32.1241 -1.7
    endloop
  endfacet
  facet normal -0.541817 0.462831 -0.701585
    outer loop
      vertex -27.4304 30.3078 -2.5
      vertex -27.6267 30.078 -2.5
      vertex -28.0696 30.7722 -1.7
    endloop
  endfacet
  facet normal -0.452716 0.549726 -0.702033
    outer loop
      vertex -28.324 30.5178 -1.7
      vertex -27.8579 29.88 -2.5
      vertex -27.8596 29.8786 -2.5
    endloop
  endfacet
  facet normal -0.462822 0.541802 -0.701603
    outer loop
      vertex -27.8579 29.88 -2.5
      vertex -28.324 30.5178 -1.7
      vertex -28.1868 30.635 -1.7
    endloop
  endfacet
  facet normal 0.0558782 0.710384 -0.701593
    outer loop
      vertex -29 30.2982 -1.7
      vertex -29 29.5081 -2.5
      vertex -29.3013 29.5318 -2.5
    endloop
  endfacet
  facet normal -0.694546 -0.157851 -0.701918
    outer loop
      vertex -27.8642 31.6281 -1.7
      vertex -27.0843 31.7539 -2.5
      vertex -27.0838 31.7517 -2.5
    endloop
  endfacet
  facet normal -0.692893 -0.166215 -0.701621
    outer loop
      vertex -27.0843 31.7539 -2.5
      vertex -27.8642 31.6281 -1.7
      vertex -27.9063 31.8036 -1.7
    endloop
  endfacet
  facet normal 0.658393 -0.27252 -0.701606
    outer loop
      vertex -30.0937 31.8036 -1.7
      vertex -30.8443 32.0498 -2.5
      vertex -30.0247 31.9703 -1.7
    endloop
  endfacet
  facet normal 0.655279 -0.280834 -0.701243
    outer loop
      vertex -30.8443 32.0498 -2.5
      vertex -30.0937 31.8036 -1.7
      vertex -30.8452 32.0477 -2.5
    endloop
  endfacet
  facet normal -0.0324063 0.712938 -0.700478
    outer loop
      vertex -28.6987 29.5318 -2.5
      vertex -28.8201 30.3123 -1.7
      vertex -28.6965 29.5319 -2.5
    endloop
  endfacet
  facet normal -0.0556812 0.710429 -0.701562
    outer loop
      vertex -28.8201 30.3123 -1.7
      vertex -28.6987 29.5318 -2.5
      vertex -29 30.2982 -1.7
    endloop
  endfacet
  facet normal -0.462844 -0.541827 -0.701569
    outer loop
      vertex -28.324 32.3786 -1.7
      vertex -27.8579 33.0163 -2.5
      vertex -28.1868 32.2614 -1.7
    endloop
  endfacet
  facet normal -0.471785 -0.53469 -0.701089
    outer loop
      vertex -27.8579 33.0163 -2.5
      vertex -28.324 32.3786 -1.7
      vertex -27.8596 33.0178 -2.5
    endloop
  endfacet
  facet normal -0.541989 -0.462644 -0.701576
    outer loop
      vertex -28.1868 32.2614 -1.7
      vertex -27.6267 32.8184 -2.5
      vertex -28.0696 32.1241 -1.7
    endloop
  endfacet
  facet normal -0.55048 -0.453337 -0.70104
    outer loop
      vertex -27.6267 32.8184 -2.5
      vertex -28.1868 32.2614 -1.7
      vertex -27.6281 32.8201 -2.5
    endloop
  endfacet
  facet normal -0.0558774 -0.710374 -0.701603
    outer loop
      vertex -28.6965 33.3644 -2.5
      vertex -28.8201 32.584 -1.7
      vertex -28.9978 33.3881 -2.5
    endloop
  endfacet
  facet normal -0.607598 0.372292 -0.701586
    outer loop
      vertex -27.2725 30.5655 -2.5
      vertex -27.4304 30.3078 -2.5
      vertex -28.0696 30.7722 -1.7
    endloop
  endfacet
  facet normal 0.462844 -0.541827 -0.701569
    outer loop
      vertex -30.1421 33.0163 -2.5
      vertex -29.676 32.3786 -1.7
      vertex -29.8132 32.2614 -1.7
    endloop
  endfacet
  facet normal 0.471785 -0.53469 -0.701089
    outer loop
      vertex -29.676 32.3786 -1.7
      vertex -30.1421 33.0163 -2.5
      vertex -30.1404 33.0178 -2.5
    endloop
  endfacet
  facet normal 0.166218 -0.692903 -0.70161
    outer loop
      vertex -29.3554 32.5419 -1.7
      vertex -29.5974 33.2939 -2.5
      vertex -29.1799 32.584 -1.7
    endloop
  endfacet
  facet normal 0.165054 -0.693228 -0.701564
    outer loop
      vertex -29.5974 33.2939 -2.5
      vertex -29.3554 32.5419 -1.7
      vertex -29.5995 33.2934 -2.5
    endloop
  endfacet
  facet normal 0.372028 -0.607803 -0.701549
    outer loop
      vertex -29.676 32.3786 -1.7
      vertex -30.1385 33.0189 -2.5
      vertex -29.5221 32.4728 -1.7
    endloop
  endfacet
  facet normal 0.35743 -0.61738 -0.700775
    outer loop
      vertex -30.1385 33.0189 -2.5
      vertex -29.676 32.3786 -1.7
      vertex -30.1404 33.0178 -2.5
    endloop
  endfacet
  facet normal 0.607596 0.372296 -0.701586
    outer loop
      vertex -30.7275 30.5655 -2.5
      vertex -30.0247 30.9261 -1.7
      vertex -29.9304 30.7722 -1.7
    endloop
  endfacet
  facet normal 0.602816 0.380726 -0.701186
    outer loop
      vertex -30.0247 30.9261 -1.7
      vertex -30.7275 30.5655 -2.5
      vertex -30.7287 30.5674 -2.5
    endloop
  endfacet
  facet normal 0.607598 0.372292 -0.701586
    outer loop
      vertex -29.9304 30.7722 -1.7
      vertex -30.5696 30.3078 -2.5
      vertex -30.7275 30.5655 -2.5
    endloop
  endfacet
  facet normal 0.272863 -0.658266 -0.701592
    outer loop
      vertex -29.6016 33.2925 -2.5
      vertex -29.3554 32.5419 -1.7
      vertex -29.5221 32.4728 -1.7
    endloop
  endfacet
  facet normal 0.280834 -0.655279 -0.701243
    outer loop
      vertex -29.3554 32.5419 -1.7
      vertex -29.6016 33.2925 -2.5
      vertex -29.5995 33.2934 -2.5
    endloop
  endfacet
  facet normal -0.165054 -0.693228 -0.701564
    outer loop
      vertex -28.6446 32.5419 -1.7
      vertex -28.4026 33.2939 -2.5
      vertex -28.4005 33.2934 -2.5
    endloop
  endfacet
  facet normal -0.166218 -0.692903 -0.70161
    outer loop
      vertex -28.4026 33.2939 -2.5
      vertex -28.6446 32.5419 -1.7
      vertex -28.8201 32.584 -1.7
    endloop
  endfacet
  facet normal -0.602816 -0.380726 -0.701186
    outer loop
      vertex -27.9753 31.9703 -1.7
      vertex -27.2725 32.3309 -2.5
      vertex -27.2713 32.329 -2.5
    endloop
  endfacet
  facet normal -0.607495 -0.372476 -0.701578
    outer loop
      vertex -27.2725 32.3309 -2.5
      vertex -27.9753 31.9703 -1.7
      vertex -28.0696 32.1241 -1.7
    endloop
  endfacet
  facet normal -0.655279 -0.280834 -0.701243
    outer loop
      vertex -27.9063 31.8036 -1.7
      vertex -27.1557 32.0498 -2.5
      vertex -27.1548 32.0477 -2.5
    endloop
  endfacet
  facet normal -0.658393 -0.27252 -0.701606
    outer loop
      vertex -27.1557 32.0498 -2.5
      vertex -27.9063 31.8036 -1.7
      vertex -27.9753 31.9703 -1.7
    endloop
  endfacet
  facet normal 0.692906 0.166212 -0.701609
    outer loop
      vertex -30.1358 31.2683 -1.7
      vertex -30.8457 30.8508 -2.5
      vertex -30.9162 31.1447 -2.5
    endloop
  endfacet
  facet normal 0.710374 -0.0558774 -0.701603
    outer loop
      vertex -30.9162 31.7517 -2.5
      vertex -30.1358 31.6281 -1.7
      vertex -30.9399 31.4504 -2.5
    endloop
  endfacet
  facet normal -0.693228 0.165054 -0.701564
    outer loop
      vertex -27.9063 31.0928 -1.7
      vertex -27.1543 30.8508 -2.5
      vertex -27.1548 30.8487 -2.5
    endloop
  endfacet
  facet normal -0.692903 0.166218 -0.70161
    outer loop
      vertex -27.1543 30.8508 -2.5
      vertex -27.9063 31.0928 -1.7
      vertex -27.8642 31.2683 -1.7
    endloop
  endfacet
  facet normal 0.0560729 -0.710388 -0.701573
    outer loop
      vertex -29.0022 33.3881 -2.5
      vertex -29 32.5982 -1.7
      vertex -29.1799 32.584 -1.7
    endloop
  endfacet
  facet normal 0.0645465 -0.710012 -0.701225
    outer loop
      vertex -29 32.5982 -1.7
      vertex -29.0022 33.3881 -2.5
      vertex -29 33.3883 -2.5
    endloop
  endfacet
  facet normal -0.272594 0.658375 -0.701594
    outer loop
      vertex -28.1192 29.7195 -2.5
      vertex -28.3984 29.6039 -2.5
      vertex -28.4779 30.4235 -1.7
    endloop
  endfacet
  facet normal -0.165054 0.693228 -0.701564
    outer loop
      vertex -28.4026 29.6025 -2.5
      vertex -28.6446 30.3545 -1.7
      vertex -28.4005 29.603 -2.5
    endloop
  endfacet
  facet normal -0.166588 0.6928 -0.701625
    outer loop
      vertex -28.6446 30.3545 -1.7
      vertex -28.4026 29.6025 -2.5
      vertex -28.8201 30.3123 -1.7
    endloop
  endfacet
  facet normal 0.710374 0.0558774 -0.701603
    outer loop
      vertex -30.1358 31.2683 -1.7
      vertex -30.9162 31.1447 -2.5
      vertex -30.9399 31.446 -2.5
    endloop
  endfacet
  facet normal 0.166437 0.692861 -0.7016
    outer loop
      vertex -29.1799 30.3123 -1.7
      vertex -29.3035 29.5319 -2.5
      vertex -29.5974 29.6025 -2.5
    endloop
  endfacet
  facet normal 0.272594 0.658375 -0.701594
    outer loop
      vertex -29.5221 30.4235 -1.7
      vertex -29.6016 29.6039 -2.5
      vertex -29.8808 29.7195 -2.5
    endloop
  endfacet
  facet normal 0.541817 0.462831 -0.701585
    outer loop
      vertex -29.9304 30.7722 -1.7
      vertex -30.3733 30.078 -2.5
      vertex -30.5696 30.3078 -2.5
    endloop
  endfacet
  facet normal 0.55048 0.453337 -0.70104
    outer loop
      vertex -30.3733 30.078 -2.5
      vertex -29.8132 30.635 -1.7
      vertex -30.3719 30.0763 -2.5
    endloop
  endfacet
  facet normal 0.541815 0.462833 -0.701586
    outer loop
      vertex -29.8132 30.635 -1.7
      vertex -30.3733 30.078 -2.5
      vertex -29.9304 30.7722 -1.7
    endloop
  endfacet
  facet normal 0.658375 -0.272594 -0.701594
    outer loop
      vertex -30.7287 32.329 -2.5
      vertex -30.0247 31.9703 -1.7
      vertex -30.8443 32.0498 -2.5
    endloop
  endfacet
  facet normal 0.0558774 -0.710374 -0.701603
    outer loop
      vertex -29.0022 33.3881 -2.5
      vertex -29.1799 32.584 -1.7
      vertex -29.3035 33.3644 -2.5
    endloop
  endfacet
  facet normal 0.541795 -0.462813 -0.701615
    outer loop
      vertex -30.3733 32.8184 -2.5
      vertex -29.9304 32.1241 -1.7
      vertex -30.5696 32.5886 -2.5
    endloop
  endfacet
  facet normal 0.166212 -0.692906 -0.701609
    outer loop
      vertex -29.3035 33.3644 -2.5
      vertex -29.1799 32.584 -1.7
      vertex -29.5974 33.2939 -2.5
    endloop
  endfacet
  facet normal 0.996899 -0.078688 0
    outer loop
      vertex 35.95 15 0
      vertex 35.9642 15.1799 -1.7
      vertex 35.9642 15.1799 0
    endloop
  endfacet
  facet normal 0.996899 -0.078688 0
    outer loop
      vertex 35.9642 15.1799 -1.7
      vertex 35.95 15 0
      vertex 35.95 15 -1.7
    endloop
  endfacet
  facet normal -0.972412 -0.233268 0
    outer loop
      vertex 38.2358 15.1799 -1.7
      vertex 38.1937 15.3554 0
      vertex 38.1937 15.3554 -1.7
    endloop
  endfacet
  facet normal -0.972412 -0.233268 0
    outer loop
      vertex 38.1937 15.3554 0
      vertex 38.2358 15.1799 -1.7
      vertex 38.2358 15.1799 0
    endloop
  endfacet
  facet normal -0.996899 -0.078688 0
    outer loop
      vertex 38.25 15 -1.7
      vertex 38.2358 15.1799 0
      vertex 38.2358 15.1799 -1.7
    endloop
  endfacet
  facet normal -0.996899 -0.078688 0
    outer loop
      vertex 38.2358 15.1799 0
      vertex 38.25 15 -1.7
      vertex 38.25 15 0
    endloop
  endfacet
  facet normal -0.923976 -0.38245 0
    outer loop
      vertex 38.1937 15.3554 -1.7
      vertex 38.1247 15.5221 0
      vertex 38.1247 15.5221 -1.7
    endloop
  endfacet
  facet normal -0.923976 -0.38245 0
    outer loop
      vertex 38.1247 15.5221 0
      vertex 38.1937 15.3554 -1.7
      vertex 38.1937 15.3554 0
    endloop
  endfacet
  facet normal -0.760351 -0.649513 0
    outer loop
      vertex 38.0304 15.676 -1.7
      vertex 37.9132 15.8132 0
      vertex 37.9132 15.8132 -1.7
    endloop
  endfacet
  facet normal -0.760351 -0.649513 0
    outer loop
      vertex 37.9132 15.8132 0
      vertex 38.0304 15.676 -1.7
      vertex 38.0304 15.676 0
    endloop
  endfacet
  facet normal 0.233268 -0.972412 0
    outer loop
      vertex 36.7446 16.0937 -1.7
      vertex 36.9201 16.1358 0
      vertex 36.7446 16.0937 0
    endloop
  endfacet
  facet normal 0.233268 -0.972412 0
    outer loop
      vertex 36.9201 16.1358 0
      vertex 36.7446 16.0937 -1.7
      vertex 36.9201 16.1358 -1.7
    endloop
  endfacet
  facet normal -0.852665 0.522458 0
    outer loop
      vertex 38.0304 14.324 -1.7
      vertex 38.1247 14.4779 0
      vertex 38.1247 14.4779 -1.7
    endloop
  endfacet
  facet normal -0.852665 0.522458 0
    outer loop
      vertex 38.1247 14.4779 0
      vertex 38.0304 14.324 -1.7
      vertex 38.0304 14.324 0
    endloop
  endfacet
  facet normal -0.233268 0.972412 0
    outer loop
      vertex 37.4554 13.9063 -1.7
      vertex 37.2799 13.8642 0
      vertex 37.4554 13.9063 0
    endloop
  endfacet
  facet normal -0.233268 0.972412 0
    outer loop
      vertex 37.2799 13.8642 0
      vertex 37.4554 13.9063 -1.7
      vertex 37.2799 13.8642 -1.7
    endloop
  endfacet
  facet normal 0.852665 -0.522458 0
    outer loop
      vertex 36.0753 15.5221 0
      vertex 36.1696 15.676 -1.7
      vertex 36.1696 15.676 0
    endloop
  endfacet
  facet normal 0.852665 -0.522458 0
    outer loop
      vertex 36.1696 15.676 -1.7
      vertex 36.0753 15.5221 0
      vertex 36.0753 15.5221 -1.7
    endloop
  endfacet
  facet normal -0.852665 -0.522458 0
    outer loop
      vertex 38.1247 15.5221 -1.7
      vertex 38.0304 15.676 0
      vertex 38.0304 15.676 -1.7
    endloop
  endfacet
  facet normal -0.852665 -0.522458 0
    outer loop
      vertex 38.0304 15.676 0
      vertex 38.1247 15.5221 -1.7
      vertex 38.1247 15.5221 0
    endloop
  endfacet
  facet normal -0.972412 0.233268 0
    outer loop
      vertex 38.1937 14.6446 -1.7
      vertex 38.2358 14.8201 0
      vertex 38.2358 14.8201 -1.7
    endloop
  endfacet
  facet normal -0.972412 0.233268 0
    outer loop
      vertex 38.2358 14.8201 0
      vertex 38.1937 14.6446 -1.7
      vertex 38.1937 14.6446 0
    endloop
  endfacet
  facet normal 0.649513 -0.760351 0
    outer loop
      vertex 36.2868 15.8132 -1.7
      vertex 36.424 15.9304 0
      vertex 36.2868 15.8132 0
    endloop
  endfacet
  facet normal 0.649513 -0.760351 0
    outer loop
      vertex 36.424 15.9304 0
      vertex 36.2868 15.8132 -1.7
      vertex 36.424 15.9304 -1.7
    endloop
  endfacet
  facet normal -0.233268 -0.972412 0
    outer loop
      vertex 37.2799 16.1358 -1.7
      vertex 37.4554 16.0937 0
      vertex 37.2799 16.1358 0
    endloop
  endfacet
  facet normal -0.233268 -0.972412 -0
    outer loop
      vertex 37.4554 16.0937 0
      vertex 37.2799 16.1358 -1.7
      vertex 37.4554 16.0937 -1.7
    endloop
  endfacet
  facet normal 0.760351 -0.649513 0
    outer loop
      vertex 36.1696 15.676 0
      vertex 36.2868 15.8132 -1.7
      vertex 36.2868 15.8132 0
    endloop
  endfacet
  facet normal 0.760351 -0.649513 0
    outer loop
      vertex 36.2868 15.8132 -1.7
      vertex 36.1696 15.676 0
      vertex 36.1696 15.676 -1.7
    endloop
  endfacet
  facet normal 0.233268 0.972412 -0
    outer loop
      vertex 36.9201 13.8642 -1.7
      vertex 36.7446 13.9063 0
      vertex 36.9201 13.8642 0
    endloop
  endfacet
  facet normal 0.233268 0.972412 0
    outer loop
      vertex 36.7446 13.9063 0
      vertex 36.9201 13.8642 -1.7
      vertex 36.7446 13.9063 -1.7
    endloop
  endfacet
  facet normal -0.522458 0.852665 0
    outer loop
      vertex 37.776 14.0696 -1.7
      vertex 37.6221 13.9753 0
      vertex 37.776 14.0696 0
    endloop
  endfacet
  facet normal -0.522458 0.852665 0
    outer loop
      vertex 37.6221 13.9753 0
      vertex 37.776 14.0696 -1.7
      vertex 37.6221 13.9753 -1.7
    endloop
  endfacet
  facet normal -0.649513 0.760351 0
    outer loop
      vertex 37.9132 14.1868 -1.7
      vertex 37.776 14.0696 0
      vertex 37.9132 14.1868 0
    endloop
  endfacet
  facet normal -0.649513 0.760351 0
    outer loop
      vertex 37.776 14.0696 0
      vertex 37.9132 14.1868 -1.7
      vertex 37.776 14.0696 -1.7
    endloop
  endfacet
  facet normal 0.078688 -0.996899 0
    outer loop
      vertex 36.9201 16.1358 -1.7
      vertex 37.1 16.15 0
      vertex 36.9201 16.1358 0
    endloop
  endfacet
  facet normal 0.078688 -0.996899 0
    outer loop
      vertex 37.1 16.15 0
      vertex 36.9201 16.1358 -1.7
      vertex 37.1 16.15 -1.7
    endloop
  endfacet
  facet normal -0.760351 0.649513 0
    outer loop
      vertex 37.9132 14.1868 -1.7
      vertex 38.0304 14.324 0
      vertex 38.0304 14.324 -1.7
    endloop
  endfacet
  facet normal -0.760351 0.649513 0
    outer loop
      vertex 38.0304 14.324 0
      vertex 37.9132 14.1868 -1.7
      vertex 37.9132 14.1868 0
    endloop
  endfacet
  facet normal 0.923976 -0.38245 0
    outer loop
      vertex 36.0063 15.3554 0
      vertex 36.0753 15.5221 -1.7
      vertex 36.0753 15.5221 0
    endloop
  endfacet
  facet normal 0.923976 -0.38245 0
    outer loop
      vertex 36.0753 15.5221 -1.7
      vertex 36.0063 15.3554 0
      vertex 36.0063 15.3554 -1.7
    endloop
  endfacet
  facet normal 0.972412 -0.233268 0
    outer loop
      vertex 35.9642 15.1799 0
      vertex 36.0063 15.3554 -1.7
      vertex 36.0063 15.3554 0
    endloop
  endfacet
  facet normal 0.972412 -0.233268 0
    outer loop
      vertex 36.0063 15.3554 -1.7
      vertex 35.9642 15.1799 0
      vertex 35.9642 15.1799 -1.7
    endloop
  endfacet
  facet normal -0.923976 0.38245 0
    outer loop
      vertex 38.1247 14.4779 -1.7
      vertex 38.1937 14.6446 0
      vertex 38.1937 14.6446 -1.7
    endloop
  endfacet
  facet normal -0.923976 0.38245 0
    outer loop
      vertex 38.1937 14.6446 0
      vertex 38.1247 14.4779 -1.7
      vertex 38.1247 14.4779 0
    endloop
  endfacet
  facet normal 0.078688 0.996899 -0
    outer loop
      vertex 37.1 13.85 -1.7
      vertex 36.9201 13.8642 0
      vertex 37.1 13.85 0
    endloop
  endfacet
  facet normal 0.078688 0.996899 0
    outer loop
      vertex 36.9201 13.8642 0
      vertex 37.1 13.85 -1.7
      vertex 36.9201 13.8642 -1.7
    endloop
  endfacet
  facet normal -0.649513 -0.760351 0
    outer loop
      vertex 37.776 15.9304 -1.7
      vertex 37.9132 15.8132 0
      vertex 37.776 15.9304 0
    endloop
  endfacet
  facet normal -0.649513 -0.760351 -0
    outer loop
      vertex 37.9132 15.8132 0
      vertex 37.776 15.9304 -1.7
      vertex 37.9132 15.8132 -1.7
    endloop
  endfacet
  facet normal -0.522458 -0.852665 0
    outer loop
      vertex 37.6221 16.0247 -1.7
      vertex 37.776 15.9304 0
      vertex 37.6221 16.0247 0
    endloop
  endfacet
  facet normal -0.522458 -0.852665 -0
    outer loop
      vertex 37.776 15.9304 0
      vertex 37.6221 16.0247 -1.7
      vertex 37.776 15.9304 -1.7
    endloop
  endfacet
  facet normal -0.996899 0.078688 0
    outer loop
      vertex 38.2358 14.8201 -1.7
      vertex 38.25 15 0
      vertex 38.25 15 -1.7
    endloop
  endfacet
  facet normal -0.996899 0.078688 0
    outer loop
      vertex 38.25 15 0
      vertex 38.2358 14.8201 -1.7
      vertex 38.2358 14.8201 0
    endloop
  endfacet
  facet normal 0.38245 -0.923976 0
    outer loop
      vertex 36.5779 16.0247 -1.7
      vertex 36.7446 16.0937 0
      vertex 36.5779 16.0247 0
    endloop
  endfacet
  facet normal 0.38245 -0.923976 0
    outer loop
      vertex 36.7446 16.0937 0
      vertex 36.5779 16.0247 -1.7
      vertex 36.7446 16.0937 -1.7
    endloop
  endfacet
  facet normal -0.078688 0.996899 0
    outer loop
      vertex 37.2799 13.8642 -1.7
      vertex 37.1 13.85 0
      vertex 37.2799 13.8642 0
    endloop
  endfacet
  facet normal -0.078688 0.996899 0
    outer loop
      vertex 37.1 13.85 0
      vertex 37.2799 13.8642 -1.7
      vertex 37.1 13.85 -1.7
    endloop
  endfacet
  facet normal 0.852665 0.522458 0
    outer loop
      vertex 36.1696 14.324 0
      vertex 36.0753 14.4779 -1.7
      vertex 36.0753 14.4779 0
    endloop
  endfacet
  facet normal 0.852665 0.522458 0
    outer loop
      vertex 36.0753 14.4779 -1.7
      vertex 36.1696 14.324 0
      vertex 36.1696 14.324 -1.7
    endloop
  endfacet
  facet normal 0.760351 0.649513 0
    outer loop
      vertex 36.2868 14.1868 0
      vertex 36.1696 14.324 -1.7
      vertex 36.1696 14.324 0
    endloop
  endfacet
  facet normal 0.760351 0.649513 0
    outer loop
      vertex 36.1696 14.324 -1.7
      vertex 36.2868 14.1868 0
      vertex 36.2868 14.1868 -1.7
    endloop
  endfacet
  facet normal -0.078688 -0.996899 0
    outer loop
      vertex 37.1 16.15 -1.7
      vertex 37.2799 16.1358 0
      vertex 37.1 16.15 0
    endloop
  endfacet
  facet normal -0.078688 -0.996899 -0
    outer loop
      vertex 37.2799 16.1358 0
      vertex 37.1 16.15 -1.7
      vertex 37.2799 16.1358 -1.7
    endloop
  endfacet
  facet normal 0.649513 0.760351 -0
    outer loop
      vertex 36.424 14.0696 -1.7
      vertex 36.2868 14.1868 0
      vertex 36.424 14.0696 0
    endloop
  endfacet
  facet normal 0.649513 0.760351 0
    outer loop
      vertex 36.2868 14.1868 0
      vertex 36.424 14.0696 -1.7
      vertex 36.2868 14.1868 -1.7
    endloop
  endfacet
  facet normal -0.38245 0.923976 0
    outer loop
      vertex 37.6221 13.9753 -1.7
      vertex 37.4554 13.9063 0
      vertex 37.6221 13.9753 0
    endloop
  endfacet
  facet normal -0.38245 0.923976 0
    outer loop
      vertex 37.4554 13.9063 0
      vertex 37.6221 13.9753 -1.7
      vertex 37.4554 13.9063 -1.7
    endloop
  endfacet
  facet normal 0.522458 -0.852665 0
    outer loop
      vertex 36.424 15.9304 -1.7
      vertex 36.5779 16.0247 0
      vertex 36.424 15.9304 0
    endloop
  endfacet
  facet normal 0.522458 -0.852665 0
    outer loop
      vertex 36.5779 16.0247 0
      vertex 36.424 15.9304 -1.7
      vertex 36.5779 16.0247 -1.7
    endloop
  endfacet
  facet normal -0.38245 -0.923976 0
    outer loop
      vertex 37.4554 16.0937 -1.7
      vertex 37.6221 16.0247 0
      vertex 37.4554 16.0937 0
    endloop
  endfacet
  facet normal -0.38245 -0.923976 -0
    outer loop
      vertex 37.6221 16.0247 0
      vertex 37.4554 16.0937 -1.7
      vertex 37.6221 16.0247 -1.7
    endloop
  endfacet
  facet normal 0.923976 0.38245 0
    outer loop
      vertex 36.0753 14.4779 0
      vertex 36.0063 14.6446 -1.7
      vertex 36.0063 14.6446 0
    endloop
  endfacet
  facet normal 0.923976 0.38245 0
    outer loop
      vertex 36.0063 14.6446 -1.7
      vertex 36.0753 14.4779 0
      vertex 36.0753 14.4779 -1.7
    endloop
  endfacet
  facet normal 0.972412 0.233268 0
    outer loop
      vertex 36.0063 14.6446 0
      vertex 35.9642 14.8201 -1.7
      vertex 35.9642 14.8201 0
    endloop
  endfacet
  facet normal 0.972412 0.233268 0
    outer loop
      vertex 35.9642 14.8201 -1.7
      vertex 36.0063 14.6446 0
      vertex 36.0063 14.6446 -1.7
    endloop
  endfacet
  facet normal 0.996899 0.078688 0
    outer loop
      vertex 35.9642 14.8201 0
      vertex 35.95 15 -1.7
      vertex 35.95 15 0
    endloop
  endfacet
  facet normal 0.996899 0.078688 0
    outer loop
      vertex 35.95 15 -1.7
      vertex 35.9642 14.8201 0
      vertex 35.9642 14.8201 -1.7
    endloop
  endfacet
  facet normal 0.38245 0.923976 -0
    outer loop
      vertex 36.7446 13.9063 -1.7
      vertex 36.5779 13.9753 0
      vertex 36.7446 13.9063 0
    endloop
  endfacet
  facet normal 0.38245 0.923976 0
    outer loop
      vertex 36.5779 13.9753 0
      vertex 36.7446 13.9063 -1.7
      vertex 36.5779 13.9753 -1.7
    endloop
  endfacet
  facet normal 0.522458 0.852665 -0
    outer loop
      vertex 36.5779 13.9753 -1.7
      vertex 36.424 14.0696 0
      vertex 36.5779 13.9753 0
    endloop
  endfacet
  facet normal 0.522458 0.852665 0
    outer loop
      vertex 36.424 14.0696 0
      vertex 36.5779 13.9753 -1.7
      vertex 36.424 14.0696 -1.7
    endloop
  endfacet
  facet normal -0.710384 -0.0558782 -0.701593
    outer loop
      vertex 39.0164 15.3013 -2.5
      vertex 39.0401 15 -2.5
      vertex 38.25 15 -1.7
    endloop
  endfacet
  facet normal 0.0560729 -0.710388 -0.701573
    outer loop
      vertex 37.0978 16.9399 -2.5
      vertex 37.1 16.15 -1.7
      vertex 36.9201 16.1358 -1.7
    endloop
  endfacet
  facet normal 0.0645465 -0.710012 -0.701225
    outer loop
      vertex 37.1 16.15 -1.7
      vertex 37.0978 16.9399 -2.5
      vertex 37.1 16.9401 -2.5
    endloop
  endfacet
  facet normal -0.0645465 -0.710012 -0.701225
    outer loop
      vertex 37.1022 16.9399 -2.5
      vertex 37.1 16.15 -1.7
      vertex 37.1 16.9401 -2.5
    endloop
  endfacet
  facet normal -0.0560729 -0.710388 -0.701573
    outer loop
      vertex 37.1 16.15 -1.7
      vertex 37.1022 16.9399 -2.5
      vertex 37.2799 16.1358 -1.7
    endloop
  endfacet
  facet normal -0.165054 -0.693228 -0.701564
    outer loop
      vertex 37.4554 16.0937 -1.7
      vertex 37.6974 16.8457 -2.5
      vertex 37.6995 16.8452 -2.5
    endloop
  endfacet
  facet normal -0.166218 -0.692903 -0.70161
    outer loop
      vertex 37.6974 16.8457 -2.5
      vertex 37.4554 16.0937 -1.7
      vertex 37.2799 16.1358 -1.7
    endloop
  endfacet
  facet normal 0.462833 0.541815 -0.701586
    outer loop
      vertex 35.7298 13.6267 -2.5
      vertex 36.2868 14.1868 -1.7
      vertex 36.424 14.0696 -1.7
    endloop
  endfacet
  facet normal 0.453337 0.55048 -0.70104
    outer loop
      vertex 36.2868 14.1868 -1.7
      vertex 35.7298 13.6267 -2.5
      vertex 35.7281 13.6281 -2.5
    endloop
  endfacet
  facet normal 0.55048 0.453337 -0.70104
    outer loop
      vertex 35.7267 13.6298 -2.5
      vertex 36.2868 14.1868 -1.7
      vertex 35.7281 13.6281 -2.5
    endloop
  endfacet
  facet normal 0.541815 0.462833 -0.701586
    outer loop
      vertex 36.2868 14.1868 -1.7
      vertex 35.7267 13.6298 -2.5
      vertex 36.1696 14.324 -1.7
    endloop
  endfacet
  facet normal -0.541925 -0.462688 -0.701596
    outer loop
      vertex 38.4719 16.3719 -2.5
      vertex 38.6681 16.1421 -2.5
      vertex 37.9132 15.8132 -1.7
    endloop
  endfacet
  facet normal -0.453337 0.55048 -0.70104
    outer loop
      vertex 38.4702 13.6267 -2.5
      vertex 37.9132 14.1868 -1.7
      vertex 38.4719 13.6281 -2.5
    endloop
  endfacet
  facet normal -0.462833 0.541815 -0.701586
    outer loop
      vertex 37.9132 14.1868 -1.7
      vertex 38.4702 13.6267 -2.5
      vertex 37.776 14.0696 -1.7
    endloop
  endfacet
  facet normal -0.541925 0.462688 -0.701596
    outer loop
      vertex 38.6681 13.8579 -2.5
      vertex 38.4719 13.6281 -2.5
      vertex 37.9132 14.1868 -1.7
    endloop
  endfacet
  facet normal -0.0560729 0.710388 -0.701573
    outer loop
      vertex 37.1022 13.0601 -2.5
      vertex 37.1 13.85 -1.7
      vertex 37.2799 13.8642 -1.7
    endloop
  endfacet
  facet normal -0.0645465 0.710012 -0.701225
    outer loop
      vertex 37.1 13.85 -1.7
      vertex 37.1022 13.0601 -2.5
      vertex 37.1 13.0599 -2.5
    endloop
  endfacet
  facet normal 0.372292 0.607598 -0.701586
    outer loop
      vertex 36.424 14.0696 -1.7
      vertex 36.2173 13.2725 -2.5
      vertex 35.9596 13.4304 -2.5
    endloop
  endfacet
  facet normal -0.166212 -0.692906 -0.701609
    outer loop
      vertex 37.4035 16.9162 -2.5
      vertex 37.6974 16.8457 -2.5
      vertex 37.2799 16.1358 -1.7
    endloop
  endfacet
  facet normal -0.372296 -0.607596 -0.701586
    outer loop
      vertex 37.6221 16.0247 -1.7
      vertex 37.9827 16.7275 -2.5
      vertex 37.776 15.9304 -1.7
    endloop
  endfacet
  facet normal -0.380726 -0.602816 -0.701186
    outer loop
      vertex 37.9827 16.7275 -2.5
      vertex 37.6221 16.0247 -1.7
      vertex 37.9808 16.7287 -2.5
    endloop
  endfacet
  facet normal -0.372292 -0.607598 -0.701586
    outer loop
      vertex 37.9827 16.7275 -2.5
      vertex 38.2404 16.5696 -2.5
      vertex 37.776 15.9304 -1.7
    endloop
  endfacet
  facet normal 0.602192 0.380332 -0.701934
    outer loop
      vertex 35.5292 13.8615 -2.5
      vertex 36.1696 14.324 -1.7
      vertex 35.5304 13.8596 -2.5
    endloop
  endfacet
  facet normal 0.607584 0.372288 -0.7016
    outer loop
      vertex 36.1696 14.324 -1.7
      vertex 35.5292 13.8615 -2.5
      vertex 36.0753 14.4779 -1.7
    endloop
  endfacet
  facet normal 0.710346 0.056111 -0.701612
    outer loop
      vertex 35.9642 14.8201 -1.7
      vertex 35.1838 14.6965 -2.5
      vertex 35.16 14.9978 -2.5
    endloop
  endfacet
  facet normal -0.272594 -0.658375 -0.701594
    outer loop
      vertex 37.7016 16.8443 -2.5
      vertex 37.9808 16.7287 -2.5
      vertex 37.6221 16.0247 -1.7
    endloop
  endfacet
  facet normal -0.658375 -0.272594 -0.701594
    outer loop
      vertex 38.8287 15.8808 -2.5
      vertex 38.9443 15.6016 -2.5
      vertex 38.1247 15.5221 -1.7
    endloop
  endfacet
  facet normal 0.541817 -0.462831 -0.701585
    outer loop
      vertex 35.7267 16.3702 -2.5
      vertex 36.1696 15.676 -1.7
      vertex 35.5304 16.1404 -2.5
    endloop
  endfacet
  facet normal -0.655279 0.280834 -0.701243
    outer loop
      vertex 38.9443 14.3984 -2.5
      vertex 38.1937 14.6446 -1.7
      vertex 38.9452 14.4005 -2.5
    endloop
  endfacet
  facet normal -0.658393 0.27252 -0.701606
    outer loop
      vertex 38.1937 14.6446 -1.7
      vertex 38.9443 14.3984 -2.5
      vertex 38.1247 14.4779 -1.7
    endloop
  endfacet
  facet normal -0.53469 0.471785 -0.701089
    outer loop
      vertex 38.6681 13.8579 -2.5
      vertex 38.0304 14.324 -1.7
      vertex 38.6696 13.8596 -2.5
    endloop
  endfacet
  facet normal -0.541827 0.462844 -0.701569
    outer loop
      vertex 38.0304 14.324 -1.7
      vertex 38.6681 13.8579 -2.5
      vertex 37.9132 14.1868 -1.7
    endloop
  endfacet
  facet normal -0.710384 0.0558782 -0.701593
    outer loop
      vertex 39.0401 15 -2.5
      vertex 39.0164 14.6987 -2.5
      vertex 38.25 15 -1.7
    endloop
  endfacet
  facet normal 0.0558774 -0.710374 -0.701603
    outer loop
      vertex 37.0978 16.9399 -2.5
      vertex 36.9201 16.1358 -1.7
      vertex 36.7965 16.9162 -2.5
    endloop
  endfacet
  facet normal -0.607587 -0.372285 -0.7016
    outer loop
      vertex 38.6708 16.1385 -2.5
      vertex 38.8287 15.8808 -2.5
      vertex 38.1247 15.5221 -1.7
    endloop
  endfacet
  facet normal 0.272594 0.658375 -0.701594
    outer loop
      vertex 36.5779 13.9753 -1.7
      vertex 36.4984 13.1557 -2.5
      vertex 36.2192 13.2713 -2.5
    endloop
  endfacet
  facet normal -0.607584 -0.372288 -0.7016
    outer loop
      vertex 38.0304 15.676 -1.7
      vertex 38.6708 16.1385 -2.5
      vertex 38.1247 15.5221 -1.7
    endloop
  endfacet
  facet normal -0.602192 -0.380332 -0.701934
    outer loop
      vertex 38.6708 16.1385 -2.5
      vertex 38.0304 15.676 -1.7
      vertex 38.6696 16.1404 -2.5
    endloop
  endfacet
  facet normal -0.453337 -0.55048 -0.70104
    outer loop
      vertex 37.9132 15.8132 -1.7
      vertex 38.4702 16.3733 -2.5
      vertex 38.4719 16.3719 -2.5
    endloop
  endfacet
  facet normal -0.462833 -0.541815 -0.701586
    outer loop
      vertex 38.4702 16.3733 -2.5
      vertex 37.9132 15.8132 -1.7
      vertex 37.776 15.9304 -1.7
    endloop
  endfacet
  facet normal 0.658375 -0.272594 -0.701594
    outer loop
      vertex 35.3713 15.8808 -2.5
      vertex 36.0753 15.5221 -1.7
      vertex 35.2557 15.6016 -2.5
    endloop
  endfacet
  facet normal -0.0558774 0.710374 -0.701603
    outer loop
      vertex 37.2799 13.8642 -1.7
      vertex 37.4035 13.0838 -2.5
      vertex 37.1022 13.0601 -2.5
    endloop
  endfacet
  facet normal 0.710346 -0.056111 -0.701612
    outer loop
      vertex 35.1838 15.3035 -2.5
      vertex 35.9642 15.1799 -1.7
      vertex 35.16 15.0022 -2.5
    endloop
  endfacet
  facet normal 0.166265 0.692888 -0.701614
    outer loop
      vertex 36.7446 13.9063 -1.7
      vertex 36.7943 13.0843 -2.5
      vertex 36.5005 13.1548 -2.5
    endloop
  endfacet
  facet normal 0.280834 0.655279 -0.701243
    outer loop
      vertex 36.4984 13.1557 -2.5
      vertex 36.7446 13.9063 -1.7
      vertex 36.5005 13.1548 -2.5
    endloop
  endfacet
  facet normal 0.27252 0.658393 -0.701606
    outer loop
      vertex 36.7446 13.9063 -1.7
      vertex 36.4984 13.1557 -2.5
      vertex 36.5779 13.9753 -1.7
    endloop
  endfacet
  facet normal 0.166265 -0.692888 -0.701614
    outer loop
      vertex 36.7943 16.9157 -2.5
      vertex 36.7446 16.0937 -1.7
      vertex 36.5005 16.8452 -2.5
    endloop
  endfacet
  facet normal 0.658375 0.272594 -0.701594
    outer loop
      vertex 36.0753 14.4779 -1.7
      vertex 35.3713 14.1192 -2.5
      vertex 35.2557 14.3984 -2.5
    endloop
  endfacet
  facet normal -0.462831 -0.541817 -0.701585
    outer loop
      vertex 38.2404 16.5696 -2.5
      vertex 38.4702 16.3733 -2.5
      vertex 37.776 15.9304 -1.7
    endloop
  endfacet
  facet normal -0.607587 0.372285 -0.7016
    outer loop
      vertex 38.8287 14.1192 -2.5
      vertex 38.6708 13.8615 -2.5
      vertex 38.1247 14.4779 -1.7
    endloop
  endfacet
  facet normal 0.692906 -0.166212 -0.701609
    outer loop
      vertex 35.2543 15.5974 -2.5
      vertex 35.9642 15.1799 -1.7
      vertex 35.1838 15.3035 -2.5
    endloop
  endfacet
  facet normal 0.157851 -0.694546 -0.701918
    outer loop
      vertex 36.9201 16.1358 -1.7
      vertex 36.7943 16.9157 -2.5
      vertex 36.7965 16.9162 -2.5
    endloop
  endfacet
  facet normal 0.166215 -0.692893 -0.701621
    outer loop
      vertex 36.7943 16.9157 -2.5
      vertex 36.9201 16.1358 -1.7
      vertex 36.7446 16.0937 -1.7
    endloop
  endfacet
  facet normal 0.380726 0.602816 -0.701186
    outer loop
      vertex 36.2173 13.2725 -2.5
      vertex 36.5779 13.9753 -1.7
      vertex 36.2192 13.2713 -2.5
    endloop
  endfacet
  facet normal 0.372296 0.607596 -0.701586
    outer loop
      vertex 36.5779 13.9753 -1.7
      vertex 36.2173 13.2725 -2.5
      vertex 36.424 14.0696 -1.7
    endloop
  endfacet
  facet normal 0.607584 -0.372288 -0.7016
    outer loop
      vertex 35.5292 16.1385 -2.5
      vertex 36.1696 15.676 -1.7
      vertex 36.0753 15.5221 -1.7
    endloop
  endfacet
  facet normal 0.602192 -0.380332 -0.701934
    outer loop
      vertex 36.1696 15.676 -1.7
      vertex 35.5292 16.1385 -2.5
      vertex 35.5304 16.1404 -2.5
    endloop
  endfacet
  facet normal 0.607587 -0.372285 -0.7016
    outer loop
      vertex 35.5292 16.1385 -2.5
      vertex 36.0753 15.5221 -1.7
      vertex 35.3713 15.8808 -2.5
    endloop
  endfacet
  facet normal -0.658375 0.272594 -0.701594
    outer loop
      vertex 38.9443 14.3984 -2.5
      vertex 38.8287 14.1192 -2.5
      vertex 38.1247 14.4779 -1.7
    endloop
  endfacet
  facet normal 0.658393 0.27252 -0.701606
    outer loop
      vertex 35.2557 14.3984 -2.5
      vertex 36.0063 14.6446 -1.7
      vertex 36.0753 14.4779 -1.7
    endloop
  endfacet
  facet normal 0.655279 0.280834 -0.701243
    outer loop
      vertex 36.0063 14.6446 -1.7
      vertex 35.2557 14.3984 -2.5
      vertex 35.2548 14.4005 -2.5
    endloop
  endfacet
  facet normal 0.272594 -0.658375 -0.701594
    outer loop
      vertex 36.4984 16.8443 -2.5
      vertex 36.5779 16.0247 -1.7
      vertex 36.2192 16.7287 -2.5
    endloop
  endfacet
  facet normal -0.380726 0.602816 -0.701186
    outer loop
      vertex 37.6221 13.9753 -1.7
      vertex 37.9827 13.2725 -2.5
      vertex 37.9808 13.2713 -2.5
    endloop
  endfacet
  facet normal -0.372296 0.607596 -0.701586
    outer loop
      vertex 37.9827 13.2725 -2.5
      vertex 37.6221 13.9753 -1.7
      vertex 37.776 14.0696 -1.7
    endloop
  endfacet
  facet normal -0.272594 0.658375 -0.701594
    outer loop
      vertex 37.9808 13.2713 -2.5
      vertex 37.7016 13.1557 -2.5
      vertex 37.6221 13.9753 -1.7
    endloop
  endfacet
  facet normal 0.0558774 0.710374 -0.701603
    outer loop
      vertex 36.9201 13.8642 -1.7
      vertex 37.0978 13.0601 -2.5
      vertex 36.7965 13.0838 -2.5
    endloop
  endfacet
  facet normal 0.157851 0.694546 -0.701918
    outer loop
      vertex 36.7943 13.0843 -2.5
      vertex 36.9201 13.8642 -1.7
      vertex 36.7965 13.0838 -2.5
    endloop
  endfacet
  facet normal 0.166215 0.692893 -0.701621
    outer loop
      vertex 36.9201 13.8642 -1.7
      vertex 36.7943 13.0843 -2.5
      vertex 36.7446 13.9063 -1.7
    endloop
  endfacet
  facet normal 0.692906 0.166212 -0.701609
    outer loop
      vertex 35.9642 14.8201 -1.7
      vertex 35.2543 14.4026 -2.5
      vertex 35.1838 14.6965 -2.5
    endloop
  endfacet
  facet normal 0.541817 0.462831 -0.701585
    outer loop
      vertex 36.1696 14.324 -1.7
      vertex 35.7267 13.6298 -2.5
      vertex 35.5304 13.8596 -2.5
    endloop
  endfacet
  facet normal -0.0558774 -0.710374 -0.701603
    outer loop
      vertex 37.4035 16.9162 -2.5
      vertex 37.2799 16.1358 -1.7
      vertex 37.1022 16.9399 -2.5
    endloop
  endfacet
  facet normal -0.27252 -0.658393 -0.701606
    outer loop
      vertex 37.4554 16.0937 -1.7
      vertex 37.7016 16.8443 -2.5
      vertex 37.6221 16.0247 -1.7
    endloop
  endfacet
  facet normal -0.280834 -0.655279 -0.701243
    outer loop
      vertex 37.7016 16.8443 -2.5
      vertex 37.4554 16.0937 -1.7
      vertex 37.6995 16.8452 -2.5
    endloop
  endfacet
  facet normal 0.607587 0.372285 -0.7016
    outer loop
      vertex 36.0753 14.4779 -1.7
      vertex 35.5292 13.8615 -2.5
      vertex 35.3713 14.1192 -2.5
    endloop
  endfacet
  facet normal 0.27252 -0.658393 -0.701606
    outer loop
      vertex 36.4984 16.8443 -2.5
      vertex 36.7446 16.0937 -1.7
      vertex 36.5779 16.0247 -1.7
    endloop
  endfacet
  facet normal 0.280834 -0.655279 -0.701243
    outer loop
      vertex 36.7446 16.0937 -1.7
      vertex 36.4984 16.8443 -2.5
      vertex 36.5005 16.8452 -2.5
    endloop
  endfacet
  facet normal -0.166212 0.692906 -0.701609
    outer loop
      vertex 37.6974 13.1543 -2.5
      vertex 37.4035 13.0838 -2.5
      vertex 37.2799 13.8642 -1.7
    endloop
  endfacet
  facet normal 0.710343 -0.0560694 -0.701618
    outer loop
      vertex 35.95 15 -1.7
      vertex 35.16 15.0022 -2.5
      vertex 35.9642 15.1799 -1.7
    endloop
  endfacet
  facet normal 0.711124 -0.0323238 -0.702324
    outer loop
      vertex 35.16 15.0022 -2.5
      vertex 35.95 15 -1.7
      vertex 35.1599 15 -2.5
    endloop
  endfacet
  facet normal 0.462831 -0.541817 -0.701585
    outer loop
      vertex 35.9596 16.5696 -2.5
      vertex 36.424 15.9304 -1.7
      vertex 35.7298 16.3733 -2.5
    endloop
  endfacet
  facet normal 0.372296 -0.607596 -0.701586
    outer loop
      vertex 36.2173 16.7275 -2.5
      vertex 36.5779 16.0247 -1.7
      vertex 36.424 15.9304 -1.7
    endloop
  endfacet
  facet normal 0.380726 -0.602816 -0.701186
    outer loop
      vertex 36.5779 16.0247 -1.7
      vertex 36.2173 16.7275 -2.5
      vertex 36.2192 16.7287 -2.5
    endloop
  endfacet
  facet normal 0.462831 0.541817 -0.701585
    outer loop
      vertex 36.424 14.0696 -1.7
      vertex 35.9596 13.4304 -2.5
      vertex 35.7298 13.6267 -2.5
    endloop
  endfacet
  facet normal -0.602192 0.380332 -0.701934
    outer loop
      vertex 38.0304 14.324 -1.7
      vertex 38.6708 13.8615 -2.5
      vertex 38.6696 13.8596 -2.5
    endloop
  endfacet
  facet normal -0.607584 0.372288 -0.7016
    outer loop
      vertex 38.6708 13.8615 -2.5
      vertex 38.0304 14.324 -1.7
      vertex 38.1247 14.4779 -1.7
    endloop
  endfacet
  facet normal -0.53469 -0.471785 -0.701089
    outer loop
      vertex 38.0304 15.676 -1.7
      vertex 38.6681 16.1421 -2.5
      vertex 38.6696 16.1404 -2.5
    endloop
  endfacet
  facet normal -0.541827 -0.462844 -0.701569
    outer loop
      vertex 38.6681 16.1421 -2.5
      vertex 38.0304 15.676 -1.7
      vertex 37.9132 15.8132 -1.7
    endloop
  endfacet
  facet normal 0.462833 -0.541815 -0.701586
    outer loop
      vertex 36.2868 15.8132 -1.7
      vertex 35.7298 16.3733 -2.5
      vertex 36.424 15.9304 -1.7
    endloop
  endfacet
  facet normal 0.453337 -0.55048 -0.70104
    outer loop
      vertex 35.7298 16.3733 -2.5
      vertex 36.2868 15.8132 -1.7
      vertex 35.7281 16.3719 -2.5
    endloop
  endfacet
  facet normal 0.541815 -0.462833 -0.701586
    outer loop
      vertex 35.7267 16.3702 -2.5
      vertex 36.2868 15.8132 -1.7
      vertex 36.1696 15.676 -1.7
    endloop
  endfacet
  facet normal 0.55048 -0.453337 -0.70104
    outer loop
      vertex 36.2868 15.8132 -1.7
      vertex 35.7267 16.3702 -2.5
      vertex 35.7281 16.3719 -2.5
    endloop
  endfacet
  facet normal 0.711124 0.0323238 -0.702324
    outer loop
      vertex 35.95 15 -1.7
      vertex 35.16 14.9978 -2.5
      vertex 35.1599 15 -2.5
    endloop
  endfacet
  facet normal 0.710343 0.0560694 -0.701618
    outer loop
      vertex 35.16 14.9978 -2.5
      vertex 35.95 15 -1.7
      vertex 35.9642 14.8201 -1.7
    endloop
  endfacet
  facet normal -0.693228 0.165054 -0.701564
    outer loop
      vertex 38.1937 14.6446 -1.7
      vertex 38.9457 14.4026 -2.5
      vertex 38.9452 14.4005 -2.5
    endloop
  endfacet
  facet normal -0.692903 0.166218 -0.70161
    outer loop
      vertex 38.9457 14.4026 -2.5
      vertex 38.1937 14.6446 -1.7
      vertex 38.2358 14.8201 -1.7
    endloop
  endfacet
  facet normal -0.692906 -0.166212 -0.701609
    outer loop
      vertex 38.9457 15.5974 -2.5
      vertex 39.0162 15.3035 -2.5
      vertex 38.2358 15.1799 -1.7
    endloop
  endfacet
  facet normal -0.655279 -0.280834 -0.701243
    outer loop
      vertex 38.1937 15.3554 -1.7
      vertex 38.9443 15.6016 -2.5
      vertex 38.9452 15.5995 -2.5
    endloop
  endfacet
  facet normal -0.658393 -0.27252 -0.701606
    outer loop
      vertex 38.9443 15.6016 -2.5
      vertex 38.1937 15.3554 -1.7
      vertex 38.1247 15.5221 -1.7
    endloop
  endfacet
  facet normal 0.658393 -0.27252 -0.701606
    outer loop
      vertex 36.0063 15.3554 -1.7
      vertex 35.2557 15.6016 -2.5
      vertex 36.0753 15.5221 -1.7
    endloop
  endfacet
  facet normal 0.655279 -0.280834 -0.701243
    outer loop
      vertex 35.2557 15.6016 -2.5
      vertex 36.0063 15.3554 -1.7
      vertex 35.2548 15.5995 -2.5
    endloop
  endfacet
  facet normal 0.0645465 0.710012 -0.701225
    outer loop
      vertex 37.0978 13.0601 -2.5
      vertex 37.1 13.85 -1.7
      vertex 37.1 13.0599 -2.5
    endloop
  endfacet
  facet normal 0.0560729 0.710388 -0.701573
    outer loop
      vertex 37.1 13.85 -1.7
      vertex 37.0978 13.0601 -2.5
      vertex 36.9201 13.8642 -1.7
    endloop
  endfacet
  facet normal 0.372292 -0.607598 -0.701586
    outer loop
      vertex 36.2173 16.7275 -2.5
      vertex 36.424 15.9304 -1.7
      vertex 35.9596 16.5696 -2.5
    endloop
  endfacet
  facet normal -0.692906 0.166212 -0.701609
    outer loop
      vertex 39.0162 14.6965 -2.5
      vertex 38.9457 14.4026 -2.5
      vertex 38.2358 14.8201 -1.7
    endloop
  endfacet
  facet normal -0.71034 0.0560691 -0.701622
    outer loop
      vertex 39.0164 14.6987 -2.5
      vertex 38.2358 14.8201 -1.7
      vertex 38.25 15 -1.7
    endloop
  endfacet
  facet normal -0.709333 0.0644848 -0.701917
    outer loop
      vertex 38.2358 14.8201 -1.7
      vertex 39.0164 14.6987 -2.5
      vertex 39.0162 14.6965 -2.5
    endloop
  endfacet
  facet normal 0.692903 -0.166218 -0.70161
    outer loop
      vertex 35.2543 15.5974 -2.5
      vertex 36.0063 15.3554 -1.7
      vertex 35.9642 15.1799 -1.7
    endloop
  endfacet
  facet normal 0.693228 -0.165054 -0.701564
    outer loop
      vertex 36.0063 15.3554 -1.7
      vertex 35.2543 15.5974 -2.5
      vertex 35.2548 15.5995 -2.5
    endloop
  endfacet
  facet normal 0.693228 0.165054 -0.701564
    outer loop
      vertex 35.2543 14.4026 -2.5
      vertex 36.0063 14.6446 -1.7
      vertex 35.2548 14.4005 -2.5
    endloop
  endfacet
  facet normal 0.692903 0.166218 -0.70161
    outer loop
      vertex 36.0063 14.6446 -1.7
      vertex 35.2543 14.4026 -2.5
      vertex 35.9642 14.8201 -1.7
    endloop
  endfacet
  facet normal -0.165054 0.693228 -0.701564
    outer loop
      vertex 37.6974 13.1543 -2.5
      vertex 37.4554 13.9063 -1.7
      vertex 37.6995 13.1548 -2.5
    endloop
  endfacet
  facet normal -0.166218 0.692903 -0.70161
    outer loop
      vertex 37.4554 13.9063 -1.7
      vertex 37.6974 13.1543 -2.5
      vertex 37.2799 13.8642 -1.7
    endloop
  endfacet
  facet normal -0.280834 0.655279 -0.701243
    outer loop
      vertex 37.4554 13.9063 -1.7
      vertex 37.7016 13.1557 -2.5
      vertex 37.6995 13.1548 -2.5
    endloop
  endfacet
  facet normal -0.27252 0.658393 -0.701606
    outer loop
      vertex 37.7016 13.1557 -2.5
      vertex 37.4554 13.9063 -1.7
      vertex 37.6221 13.9753 -1.7
    endloop
  endfacet
  facet normal -0.462831 0.541817 -0.701585
    outer loop
      vertex 38.4702 13.6267 -2.5
      vertex 38.2404 13.4304 -2.5
      vertex 37.776 14.0696 -1.7
    endloop
  endfacet
  facet normal -0.372292 0.607598 -0.701586
    outer loop
      vertex 38.2404 13.4304 -2.5
      vertex 37.9827 13.2725 -2.5
      vertex 37.776 14.0696 -1.7
    endloop
  endfacet
  facet normal -0.692903 -0.166218 -0.70161
    outer loop
      vertex 38.1937 15.3554 -1.7
      vertex 38.9457 15.5974 -2.5
      vertex 38.2358 15.1799 -1.7
    endloop
  endfacet
  facet normal -0.693228 -0.165054 -0.701564
    outer loop
      vertex 38.9457 15.5974 -2.5
      vertex 38.1937 15.3554 -1.7
      vertex 38.9452 15.5995 -2.5
    endloop
  endfacet
  facet normal -0.709333 -0.0644848 -0.701917
    outer loop
      vertex 39.0164 15.3013 -2.5
      vertex 38.2358 15.1799 -1.7
      vertex 39.0162 15.3035 -2.5
    endloop
  endfacet
  facet normal -0.71034 -0.0560691 -0.701622
    outer loop
      vertex 38.2358 15.1799 -1.7
      vertex 39.0164 15.3013 -2.5
      vertex 38.25 15 -1.7
    endloop
  endfacet
  facet normal -0.972412 -0.233268 0
    outer loop
      vertex 30.1358 31.6281 -1.7
      vertex 30.0937 31.8036 0
      vertex 30.0937 31.8036 -1.7
    endloop
  endfacet
  facet normal -0.972412 -0.233268 0
    outer loop
      vertex 30.0937 31.8036 0
      vertex 30.1358 31.6281 -1.7
      vertex 30.1358 31.6281 0
    endloop
  endfacet
  facet normal -0.996899 -0.078688 0
    outer loop
      vertex 30.15 31.4482 -1.7
      vertex 30.1358 31.6281 0
      vertex 30.1358 31.6281 -1.7
    endloop
  endfacet
  facet normal -0.996899 -0.078688 0
    outer loop
      vertex 30.1358 31.6281 0
      vertex 30.15 31.4482 -1.7
      vertex 30.15 31.4482 0
    endloop
  endfacet
  facet normal -0.972412 0.233268 0
    outer loop
      vertex 30.0937 31.0928 -1.7
      vertex 30.1358 31.2683 0
      vertex 30.1358 31.2683 -1.7
    endloop
  endfacet
  facet normal -0.972412 0.233268 0
    outer loop
      vertex 30.1358 31.2683 0
      vertex 30.0937 31.0928 -1.7
      vertex 30.0937 31.0928 0
    endloop
  endfacet
  facet normal -0.996899 0.078688 0
    outer loop
      vertex 30.1358 31.2683 -1.7
      vertex 30.15 31.4482 0
      vertex 30.15 31.4482 -1.7
    endloop
  endfacet
  facet normal -0.996899 0.078688 0
    outer loop
      vertex 30.15 31.4482 0
      vertex 30.1358 31.2683 -1.7
      vertex 30.1358 31.2683 0
    endloop
  endfacet
  facet normal -0.233268 -0.972412 0
    outer loop
      vertex 29.1799 32.584 -1.7
      vertex 29.3554 32.5419 0
      vertex 29.1799 32.584 0
    endloop
  endfacet
  facet normal -0.233268 -0.972412 -0
    outer loop
      vertex 29.3554 32.5419 0
      vertex 29.1799 32.584 -1.7
      vertex 29.3554 32.5419 -1.7
    endloop
  endfacet
  facet normal -0.760585 -0.649239 0
    outer loop
      vertex 29.9304 32.1241 -1.7
      vertex 29.8132 32.2614 0
      vertex 29.8132 32.2614 -1.7
    endloop
  endfacet
  facet normal -0.760585 -0.649239 0
    outer loop
      vertex 29.8132 32.2614 0
      vertex 29.9304 32.1241 -1.7
      vertex 29.9304 32.1241 0
    endloop
  endfacet
  facet normal 0.760585 -0.649239 0
    outer loop
      vertex 28.0696 32.1241 0
      vertex 28.1868 32.2614 -1.7
      vertex 28.1868 32.2614 0
    endloop
  endfacet
  facet normal 0.760585 -0.649239 0
    outer loop
      vertex 28.1868 32.2614 -1.7
      vertex 28.0696 32.1241 0
      vertex 28.0696 32.1241 -1.7
    endloop
  endfacet
  facet normal 0.078688 -0.996899 0
    outer loop
      vertex 28.8201 32.584 -1.7
      vertex 29 32.5982 0
      vertex 28.8201 32.584 0
    endloop
  endfacet
  facet normal 0.078688 -0.996899 0
    outer loop
      vertex 29 32.5982 0
      vertex 28.8201 32.584 -1.7
      vertex 29 32.5982 -1.7
    endloop
  endfacet
  facet normal 0.760351 0.649513 0
    outer loop
      vertex 28.1868 30.635 0
      vertex 28.0696 30.7722 -1.7
      vertex 28.0696 30.7722 0
    endloop
  endfacet
  facet normal 0.760351 0.649513 0
    outer loop
      vertex 28.0696 30.7722 -1.7
      vertex 28.1868 30.635 0
      vertex 28.1868 30.635 -1.7
    endloop
  endfacet
  facet normal 0.923976 -0.38245 0
    outer loop
      vertex 27.9063 31.8036 0
      vertex 27.9753 31.9703 -1.7
      vertex 27.9753 31.9703 0
    endloop
  endfacet
  facet normal 0.923976 -0.38245 0
    outer loop
      vertex 27.9753 31.9703 -1.7
      vertex 27.9063 31.8036 0
      vertex 27.9063 31.8036 -1.7
    endloop
  endfacet
  facet normal 0.0781372 0.996943 -0
    outer loop
      vertex 29 30.2982 -1.7
      vertex 28.8201 30.3123 0
      vertex 29 30.2982 0
    endloop
  endfacet
  facet normal 0.0781372 0.996943 0
    outer loop
      vertex 28.8201 30.3123 0
      vertex 29 30.2982 -1.7
      vertex 28.8201 30.3123 -1.7
    endloop
  endfacet
  facet normal 0.382923 -0.92378 0
    outer loop
      vertex 28.4779 32.4728 -1.7
      vertex 28.6446 32.5419 0
      vertex 28.4779 32.4728 0
    endloop
  endfacet
  facet normal 0.382923 -0.92378 0
    outer loop
      vertex 28.6446 32.5419 0
      vertex 28.4779 32.4728 -1.7
      vertex 28.6446 32.5419 -1.7
    endloop
  endfacet
  facet normal 0.522055 -0.852912 0
    outer loop
      vertex 28.324 32.3786 -1.7
      vertex 28.4779 32.4728 0
      vertex 28.324 32.3786 0
    endloop
  endfacet
  facet normal 0.522055 -0.852912 0
    outer loop
      vertex 28.4779 32.4728 0
      vertex 28.324 32.3786 -1.7
      vertex 28.4779 32.4728 -1.7
    endloop
  endfacet
  facet normal -0.649513 0.760351 0
    outer loop
      vertex 29.8132 30.635 -1.7
      vertex 29.676 30.5178 0
      vertex 29.8132 30.635 0
    endloop
  endfacet
  facet normal -0.649513 0.760351 0
    outer loop
      vertex 29.676 30.5178 0
      vertex 29.8132 30.635 -1.7
      vertex 29.676 30.5178 -1.7
    endloop
  endfacet
  facet normal -0.923976 0.38245 0
    outer loop
      vertex 30.0247 30.9261 -1.7
      vertex 30.0937 31.0928 0
      vertex 30.0937 31.0928 -1.7
    endloop
  endfacet
  facet normal -0.923976 0.38245 0
    outer loop
      vertex 30.0937 31.0928 0
      vertex 30.0247 30.9261 -1.7
      vertex 30.0247 30.9261 0
    endloop
  endfacet
  facet normal -0.760351 0.649513 0
    outer loop
      vertex 29.8132 30.635 -1.7
      vertex 29.9304 30.7722 0
      vertex 29.9304 30.7722 -1.7
    endloop
  endfacet
  facet normal -0.760351 0.649513 0
    outer loop
      vertex 29.9304 30.7722 0
      vertex 29.8132 30.635 -1.7
      vertex 29.8132 30.635 0
    endloop
  endfacet
  facet normal 0.852514 -0.522705 0
    outer loop
      vertex 27.9753 31.9703 0
      vertex 28.0696 32.1241 -1.7
      vertex 28.0696 32.1241 0
    endloop
  endfacet
  facet normal 0.852514 -0.522705 0
    outer loop
      vertex 28.0696 32.1241 -1.7
      vertex 27.9753 31.9703 0
      vertex 27.9753 31.9703 -1.7
    endloop
  endfacet
  facet normal 0.233792 0.972287 -0
    outer loop
      vertex 28.8201 30.3123 -1.7
      vertex 28.6446 30.3545 0
      vertex 28.8201 30.3123 0
    endloop
  endfacet
  facet normal 0.233792 0.972287 0
    outer loop
      vertex 28.6446 30.3545 0
      vertex 28.8201 30.3123 -1.7
      vertex 28.6446 30.3545 -1.7
    endloop
  endfacet
  facet normal 0.649513 -0.760351 0
    outer loop
      vertex 28.1868 32.2614 -1.7
      vertex 28.324 32.3786 0
      vertex 28.1868 32.2614 0
    endloop
  endfacet
  facet normal 0.649513 -0.760351 0
    outer loop
      vertex 28.324 32.3786 0
      vertex 28.1868 32.2614 -1.7
      vertex 28.324 32.3786 -1.7
    endloop
  endfacet
  facet normal -0.923976 -0.38245 0
    outer loop
      vertex 30.0937 31.8036 -1.7
      vertex 30.0247 31.9703 0
      vertex 30.0247 31.9703 -1.7
    endloop
  endfacet
  facet normal -0.923976 -0.38245 0
    outer loop
      vertex 30.0247 31.9703 0
      vertex 30.0937 31.8036 -1.7
      vertex 30.0937 31.8036 0
    endloop
  endfacet
  facet normal 0.996899 0.078688 0
    outer loop
      vertex 27.8642 31.2683 0
      vertex 27.85 31.4482 -1.7
      vertex 27.85 31.4482 0
    endloop
  endfacet
  facet normal 0.996899 0.078688 0
    outer loop
      vertex 27.85 31.4482 -1.7
      vertex 27.8642 31.2683 0
      vertex 27.8642 31.2683 -1.7
    endloop
  endfacet
  facet normal -0.38245 0.923976 0
    outer loop
      vertex 29.5221 30.4235 -1.7
      vertex 29.3554 30.3545 0
      vertex 29.5221 30.4235 0
    endloop
  endfacet
  facet normal -0.38245 0.923976 0
    outer loop
      vertex 29.3554 30.3545 0
      vertex 29.5221 30.4235 -1.7
      vertex 29.3554 30.3545 -1.7
    endloop
  endfacet
  facet normal 0.923976 0.38245 0
    outer loop
      vertex 27.9753 30.9261 0
      vertex 27.9063 31.0928 -1.7
      vertex 27.9063 31.0928 0
    endloop
  endfacet
  facet normal 0.923976 0.38245 0
    outer loop
      vertex 27.9063 31.0928 -1.7
      vertex 27.9753 30.9261 0
      vertex 27.9753 30.9261 -1.7
    endloop
  endfacet
  facet normal 0.996899 -0.078688 0
    outer loop
      vertex 27.85 31.4482 0
      vertex 27.8642 31.6281 -1.7
      vertex 27.8642 31.6281 0
    endloop
  endfacet
  facet normal 0.996899 -0.078688 0
    outer loop
      vertex 27.8642 31.6281 -1.7
      vertex 27.85 31.4482 0
      vertex 27.85 31.4482 -1.7
    endloop
  endfacet
  facet normal -0.649513 -0.760351 0
    outer loop
      vertex 29.676 32.3786 -1.7
      vertex 29.8132 32.2614 0
      vertex 29.676 32.3786 0
    endloop
  endfacet
  facet normal -0.649513 -0.760351 -0
    outer loop
      vertex 29.8132 32.2614 0
      vertex 29.676 32.3786 -1.7
      vertex 29.8132 32.2614 -1.7
    endloop
  endfacet
  facet normal -0.522055 -0.852912 0
    outer loop
      vertex 29.5221 32.4728 -1.7
      vertex 29.676 32.3786 0
      vertex 29.5221 32.4728 0
    endloop
  endfacet
  facet normal -0.522055 -0.852912 -0
    outer loop
      vertex 29.676 32.3786 0
      vertex 29.5221 32.4728 -1.7
      vertex 29.676 32.3786 -1.7
    endloop
  endfacet
  facet normal 0.649513 0.760351 -0
    outer loop
      vertex 28.324 30.5178 -1.7
      vertex 28.1868 30.635 0
      vertex 28.324 30.5178 0
    endloop
  endfacet
  facet normal 0.649513 0.760351 0
    outer loop
      vertex 28.1868 30.635 0
      vertex 28.324 30.5178 -1.7
      vertex 28.1868 30.635 -1.7
    endloop
  endfacet
  facet normal -0.852665 0.522458 0
    outer loop
      vertex 29.9304 30.7722 -1.7
      vertex 30.0247 30.9261 0
      vertex 30.0247 30.9261 -1.7
    endloop
  endfacet
  facet normal -0.852665 0.522458 0
    outer loop
      vertex 30.0247 30.9261 0
      vertex 29.9304 30.7722 -1.7
      vertex 29.9304 30.7722 0
    endloop
  endfacet
  facet normal -0.852514 -0.522705 0
    outer loop
      vertex 30.0247 31.9703 -1.7
      vertex 29.9304 32.1241 0
      vertex 29.9304 32.1241 -1.7
    endloop
  endfacet
  facet normal -0.852514 -0.522705 0
    outer loop
      vertex 29.9304 32.1241 0
      vertex 30.0247 31.9703 -1.7
      vertex 30.0247 31.9703 0
    endloop
  endfacet
  facet normal 0.522458 0.852665 -0
    outer loop
      vertex 28.4779 30.4235 -1.7
      vertex 28.324 30.5178 0
      vertex 28.4779 30.4235 0
    endloop
  endfacet
  facet normal 0.522458 0.852665 0
    outer loop
      vertex 28.324 30.5178 0
      vertex 28.4779 30.4235 -1.7
      vertex 28.324 30.5178 -1.7
    endloop
  endfacet
  facet normal -0.078688 -0.996899 0
    outer loop
      vertex 29 32.5982 -1.7
      vertex 29.1799 32.584 0
      vertex 29 32.5982 0
    endloop
  endfacet
  facet normal -0.078688 -0.996899 -0
    outer loop
      vertex 29.1799 32.584 0
      vertex 29 32.5982 -1.7
      vertex 29.1799 32.584 -1.7
    endloop
  endfacet
  facet normal 0.972412 0.233268 0
    outer loop
      vertex 27.9063 31.0928 0
      vertex 27.8642 31.2683 -1.7
      vertex 27.8642 31.2683 0
    endloop
  endfacet
  facet normal 0.972412 0.233268 0
    outer loop
      vertex 27.8642 31.2683 -1.7
      vertex 27.9063 31.0928 0
      vertex 27.9063 31.0928 -1.7
    endloop
  endfacet
  facet normal 0.972412 -0.233268 0
    outer loop
      vertex 27.8642 31.6281 0
      vertex 27.9063 31.8036 -1.7
      vertex 27.9063 31.8036 0
    endloop
  endfacet
  facet normal 0.972412 -0.233268 0
    outer loop
      vertex 27.9063 31.8036 -1.7
      vertex 27.8642 31.6281 0
      vertex 27.8642 31.6281 -1.7
    endloop
  endfacet
  facet normal -0.233792 0.972287 0
    outer loop
      vertex 29.3554 30.3545 -1.7
      vertex 29.1799 30.3123 0
      vertex 29.3554 30.3545 0
    endloop
  endfacet
  facet normal -0.233792 0.972287 0
    outer loop
      vertex 29.1799 30.3123 0
      vertex 29.3554 30.3545 -1.7
      vertex 29.1799 30.3123 -1.7
    endloop
  endfacet
  facet normal -0.0781372 0.996943 0
    outer loop
      vertex 29.1799 30.3123 -1.7
      vertex 29 30.2982 0
      vertex 29.1799 30.3123 0
    endloop
  endfacet
  facet normal -0.0781372 0.996943 0
    outer loop
      vertex 29 30.2982 0
      vertex 29.1799 30.3123 -1.7
      vertex 29 30.2982 -1.7
    endloop
  endfacet
  facet normal 0.38245 0.923976 -0
    outer loop
      vertex 28.6446 30.3545 -1.7
      vertex 28.4779 30.4235 0
      vertex 28.6446 30.3545 0
    endloop
  endfacet
  facet normal 0.38245 0.923976 0
    outer loop
      vertex 28.4779 30.4235 0
      vertex 28.6446 30.3545 -1.7
      vertex 28.4779 30.4235 -1.7
    endloop
  endfacet
  facet normal -0.522458 0.852665 0
    outer loop
      vertex 29.676 30.5178 -1.7
      vertex 29.5221 30.4235 0
      vertex 29.676 30.5178 0
    endloop
  endfacet
  facet normal -0.522458 0.852665 0
    outer loop
      vertex 29.5221 30.4235 0
      vertex 29.676 30.5178 -1.7
      vertex 29.5221 30.4235 -1.7
    endloop
  endfacet
  facet normal 0.233268 -0.972412 0
    outer loop
      vertex 28.6446 32.5419 -1.7
      vertex 28.8201 32.584 0
      vertex 28.6446 32.5419 0
    endloop
  endfacet
  facet normal 0.233268 -0.972412 0
    outer loop
      vertex 28.8201 32.584 0
      vertex 28.6446 32.5419 -1.7
      vertex 28.8201 32.584 -1.7
    endloop
  endfacet
  facet normal -0.382923 -0.92378 0
    outer loop
      vertex 29.3554 32.5419 -1.7
      vertex 29.5221 32.4728 0
      vertex 29.3554 32.5419 0
    endloop
  endfacet
  facet normal -0.382923 -0.92378 -0
    outer loop
      vertex 29.5221 32.4728 0
      vertex 29.3554 32.5419 -1.7
      vertex 29.5221 32.4728 -1.7
    endloop
  endfacet
  facet normal 0.852665 0.522458 0
    outer loop
      vertex 28.0696 30.7722 0
      vertex 27.9753 30.9261 -1.7
      vertex 27.9753 30.9261 0
    endloop
  endfacet
  facet normal 0.852665 0.522458 0
    outer loop
      vertex 27.9753 30.9261 -1.7
      vertex 28.0696 30.7722 0
      vertex 28.0696 30.7722 -1.7
    endloop
  endfacet
  facet normal -0.607598 0.372292 -0.701586
    outer loop
      vertex 30.7275 30.5655 -2.5
      vertex 30.5696 30.3078 -2.5
      vertex 29.9304 30.7722 -1.7
    endloop
  endfacet
  facet normal 0.0558774 -0.710374 -0.701603
    outer loop
      vertex 28.9978 33.3881 -2.5
      vertex 28.8201 32.584 -1.7
      vertex 28.6965 33.3644 -2.5
    endloop
  endfacet
  facet normal -0.0645465 -0.710012 -0.701225
    outer loop
      vertex 29.0022 33.3881 -2.5
      vertex 29 32.5982 -1.7
      vertex 29 33.3883 -2.5
    endloop
  endfacet
  facet normal -0.0560729 -0.710388 -0.701573
    outer loop
      vertex 29 32.5982 -1.7
      vertex 29.0022 33.3881 -2.5
      vertex 29.1799 32.584 -1.7
    endloop
  endfacet
  facet normal -0.655279 0.280834 -0.701243
    outer loop
      vertex 30.8443 30.8466 -2.5
      vertex 30.0937 31.0928 -1.7
      vertex 30.8452 30.8487 -2.5
    endloop
  endfacet
  facet normal -0.658393 0.27252 -0.701606
    outer loop
      vertex 30.0937 31.0928 -1.7
      vertex 30.8443 30.8466 -2.5
      vertex 30.0247 30.9261 -1.7
    endloop
  endfacet
  facet normal -0.710012 -0.0645465 -0.701225
    outer loop
      vertex 30.15 31.4482 -1.7
      vertex 30.9399 31.4504 -2.5
      vertex 30.9401 31.4482 -2.5
    endloop
  endfacet
  facet normal -0.710388 -0.0560729 -0.701573
    outer loop
      vertex 30.9399 31.4504 -2.5
      vertex 30.15 31.4482 -1.7
      vertex 30.1358 31.6281 -1.7
    endloop
  endfacet
  facet normal -0.710374 -0.0558774 -0.701603
    outer loop
      vertex 30.9162 31.7517 -2.5
      vertex 30.9399 31.4504 -2.5
      vertex 30.1358 31.6281 -1.7
    endloop
  endfacet
  facet normal -0.541817 0.462831 -0.701585
    outer loop
      vertex 30.5696 30.3078 -2.5
      vertex 30.3733 30.078 -2.5
      vertex 29.9304 30.7722 -1.7
    endloop
  endfacet
  facet normal -0.166212 -0.692906 -0.701609
    outer loop
      vertex 29.3035 33.3644 -2.5
      vertex 29.5974 33.2939 -2.5
      vertex 29.1799 32.584 -1.7
    endloop
  endfacet
  facet normal 0.710346 0.056111 -0.701612
    outer loop
      vertex 27.8642 31.2683 -1.7
      vertex 27.0838 31.1447 -2.5
      vertex 27.06 31.446 -2.5
    endloop
  endfacet
  facet normal 0.541795 -0.462813 -0.701615
    outer loop
      vertex 27.6267 32.8184 -2.5
      vertex 28.0696 32.1241 -1.7
      vertex 27.4304 32.5886 -2.5
    endloop
  endfacet
  facet normal 0.372288 0.607584 -0.7016
    outer loop
      vertex 27.8615 29.8774 -2.5
      vertex 28.324 30.5178 -1.7
      vertex 28.4779 30.4235 -1.7
    endloop
  endfacet
  facet normal 0.380332 0.602192 -0.701934
    outer loop
      vertex 28.324 30.5178 -1.7
      vertex 27.8615 29.8774 -2.5
      vertex 27.8596 29.8786 -2.5
    endloop
  endfacet
  facet normal -0.692888 -0.166265 -0.701614
    outer loop
      vertex 30.8452 32.0477 -2.5
      vertex 30.9157 31.7539 -2.5
      vertex 30.0937 31.8036 -1.7
    endloop
  endfacet
  facet normal -0.380332 0.602192 -0.701934
    outer loop
      vertex 30.1385 29.8774 -2.5
      vertex 29.676 30.5178 -1.7
      vertex 30.1404 29.8786 -2.5
    endloop
  endfacet
  facet normal -0.372288 0.607584 -0.7016
    outer loop
      vertex 29.676 30.5178 -1.7
      vertex 30.1385 29.8774 -2.5
      vertex 29.5221 30.4235 -1.7
    endloop
  endfacet
  facet normal -0.46282 0.541803 -0.701603
    outer loop
      vertex 30.3719 30.0763 -2.5
      vertex 30.1421 29.88 -2.5
      vertex 29.8132 30.635 -1.7
    endloop
  endfacet
  facet normal 0.272792 -0.658284 -0.701603
    outer loop
      vertex 28.3984 33.2925 -2.5
      vertex 28.4779 32.4728 -1.7
      vertex 28.1192 33.1768 -2.5
    endloop
  endfacet
  facet normal -0.272792 -0.658284 -0.701603
    outer loop
      vertex 29.6016 33.2925 -2.5
      vertex 29.8808 33.1768 -2.5
      vertex 29.5221 32.4728 -1.7
    endloop
  endfacet
  facet normal 0.541989 -0.462644 -0.701576
    outer loop
      vertex 27.6267 32.8184 -2.5
      vertex 28.1868 32.2614 -1.7
      vertex 28.0696 32.1241 -1.7
    endloop
  endfacet
  facet normal 0.55048 -0.453337 -0.70104
    outer loop
      vertex 28.1868 32.2614 -1.7
      vertex 27.6267 32.8184 -2.5
      vertex 27.6281 32.8201 -2.5
    endloop
  endfacet
  facet normal 0.0558782 0.710384 -0.701593
    outer loop
      vertex 29 30.2982 -1.7
      vertex 29 29.5081 -2.5
      vertex 28.6987 29.5318 -2.5
    endloop
  endfacet
  facet normal -0.372285 0.607587 -0.7016
    outer loop
      vertex 30.1385 29.8774 -2.5
      vertex 29.8808 29.7195 -2.5
      vertex 29.5221 30.4235 -1.7
    endloop
  endfacet
  facet normal 0.46282 0.541803 -0.701603
    outer loop
      vertex 28.1868 30.635 -1.7
      vertex 27.8579 29.88 -2.5
      vertex 27.6281 30.0763 -2.5
    endloop
  endfacet
  facet normal -0.166437 0.692861 -0.7016
    outer loop
      vertex 29.5974 29.6025 -2.5
      vertex 29.3035 29.5319 -2.5
      vertex 29.1799 30.3123 -1.7
    endloop
  endfacet
  facet normal -0.602816 0.380726 -0.701186
    outer loop
      vertex 30.7275 30.5655 -2.5
      vertex 30.0247 30.9261 -1.7
      vertex 30.7287 30.5674 -2.5
    endloop
  endfacet
  facet normal -0.607596 0.372296 -0.701586
    outer loop
      vertex 30.0247 30.9261 -1.7
      vertex 30.7275 30.5655 -2.5
      vertex 29.9304 30.7722 -1.7
    endloop
  endfacet
  facet normal -0.692906 0.166212 -0.701609
    outer loop
      vertex 30.9162 31.1447 -2.5
      vertex 30.8457 30.8508 -2.5
      vertex 30.1358 31.2683 -1.7
    endloop
  endfacet
  facet normal 0.372285 -0.607587 -0.7016
    outer loop
      vertex 28.1192 33.1768 -2.5
      vertex 28.4779 32.4728 -1.7
      vertex 27.8615 33.0189 -2.5
    endloop
  endfacet
  facet normal -0.0558782 0.710384 -0.701593
    outer loop
      vertex 29 30.2982 -1.7
      vertex 29.3013 29.5318 -2.5
      vertex 29 29.5081 -2.5
    endloop
  endfacet
  facet normal -0.0558774 -0.710374 -0.701603
    outer loop
      vertex 29.3035 33.3644 -2.5
      vertex 29.1799 32.584 -1.7
      vertex 29.0022 33.3881 -2.5
    endloop
  endfacet
  facet normal 0.0556812 0.710429 -0.701562
    outer loop
      vertex 28.6987 29.5318 -2.5
      vertex 28.8201 30.3123 -1.7
      vertex 29 30.2982 -1.7
    endloop
  endfacet
  facet normal 0.0324063 0.712938 -0.700478
    outer loop
      vertex 28.8201 30.3123 -1.7
      vertex 28.6987 29.5318 -2.5
      vertex 28.6965 29.5319 -2.5
    endloop
  endfacet
  facet normal -0.372285 -0.607587 -0.7016
    outer loop
      vertex 29.8808 33.1768 -2.5
      vertex 30.1385 33.0189 -2.5
      vertex 29.5221 32.4728 -1.7
    endloop
  endfacet
  facet normal -0.710374 0.0558774 -0.701603
    outer loop
      vertex 30.9399 31.446 -2.5
      vertex 30.9162 31.1447 -2.5
      vertex 30.1358 31.2683 -1.7
    endloop
  endfacet
  facet normal -0.710012 0.0645465 -0.701225
    outer loop
      vertex 30.9399 31.446 -2.5
      vertex 30.15 31.4482 -1.7
      vertex 30.9401 31.4482 -2.5
    endloop
  endfacet
  facet normal -0.710388 0.0560729 -0.701573
    outer loop
      vertex 30.15 31.4482 -1.7
      vertex 30.9399 31.446 -2.5
      vertex 30.1358 31.2683 -1.7
    endloop
  endfacet
  facet normal -0.658375 0.272594 -0.701594
    outer loop
      vertex 30.8443 30.8466 -2.5
      vertex 30.7287 30.5674 -2.5
      vertex 30.0247 30.9261 -1.7
    endloop
  endfacet
  facet normal -0.462688 -0.541925 -0.701596
    outer loop
      vertex 30.1421 33.0163 -2.5
      vertex 30.3719 32.8201 -2.5
      vertex 29.8132 32.2614 -1.7
    endloop
  endfacet
  facet normal 0.658375 0.272594 -0.701594
    outer loop
      vertex 27.9753 30.9261 -1.7
      vertex 27.2713 30.5674 -2.5
      vertex 27.1557 30.8466 -2.5
    endloop
  endfacet
  facet normal 0.372285 0.607587 -0.7016
    outer loop
      vertex 28.4779 30.4235 -1.7
      vertex 28.1192 29.7195 -2.5
      vertex 27.8615 29.8774 -2.5
    endloop
  endfacet
  facet normal -0.541989 -0.462644 -0.701576
    outer loop
      vertex 29.8132 32.2614 -1.7
      vertex 30.3733 32.8184 -2.5
      vertex 29.9304 32.1241 -1.7
    endloop
  endfacet
  facet normal -0.55048 -0.453337 -0.70104
    outer loop
      vertex 30.3733 32.8184 -2.5
      vertex 29.8132 32.2614 -1.7
      vertex 30.3719 32.8201 -2.5
    endloop
  endfacet
  facet normal 0.658393 0.27252 -0.701606
    outer loop
      vertex 27.1557 30.8466 -2.5
      vertex 27.9063 31.0928 -1.7
      vertex 27.9753 30.9261 -1.7
    endloop
  endfacet
  facet normal 0.655279 0.280834 -0.701243
    outer loop
      vertex 27.9063 31.0928 -1.7
      vertex 27.1557 30.8466 -2.5
      vertex 27.1548 30.8487 -2.5
    endloop
  endfacet
  facet normal 0.55048 0.453337 -0.70104
    outer loop
      vertex 27.6267 30.078 -2.5
      vertex 28.1868 30.635 -1.7
      vertex 27.6281 30.0763 -2.5
    endloop
  endfacet
  facet normal 0.541815 0.462833 -0.701586
    outer loop
      vertex 28.1868 30.635 -1.7
      vertex 27.6267 30.078 -2.5
      vertex 28.0696 30.7722 -1.7
    endloop
  endfacet
  facet normal 0.372028 -0.607803 -0.701549
    outer loop
      vertex 28.324 32.3786 -1.7
      vertex 27.8615 33.0189 -2.5
      vertex 28.4779 32.4728 -1.7
    endloop
  endfacet
  facet normal 0.35743 -0.61738 -0.700775
    outer loop
      vertex 27.8615 33.0189 -2.5
      vertex 28.324 32.3786 -1.7
      vertex 27.8596 33.0178 -2.5
    endloop
  endfacet
  facet normal -0.541795 -0.462813 -0.701615
    outer loop
      vertex 30.3733 32.8184 -2.5
      vertex 30.5696 32.5886 -2.5
      vertex 29.9304 32.1241 -1.7
    endloop
  endfacet
  facet normal 0.607495 -0.372476 -0.701578
    outer loop
      vertex 27.9753 31.9703 -1.7
      vertex 27.2725 32.3309 -2.5
      vertex 28.0696 32.1241 -1.7
    endloop
  endfacet
  facet normal 0.602816 -0.380726 -0.701186
    outer loop
      vertex 27.2725 32.3309 -2.5
      vertex 27.9753 31.9703 -1.7
      vertex 27.2713 32.329 -2.5
    endloop
  endfacet
  facet normal 0.452716 0.549726 -0.702033
    outer loop
      vertex 27.8579 29.88 -2.5
      vertex 28.324 30.5178 -1.7
      vertex 27.8596 29.8786 -2.5
    endloop
  endfacet
  facet normal 0.462822 0.541802 -0.701603
    outer loop
      vertex 28.324 30.5178 -1.7
      vertex 27.8579 29.88 -2.5
      vertex 28.1868 30.635 -1.7
    endloop
  endfacet
  facet normal -0.0324063 0.712938 -0.700478
    outer loop
      vertex 29.3013 29.5318 -2.5
      vertex 29.1799 30.3123 -1.7
      vertex 29.3035 29.5319 -2.5
    endloop
  endfacet
  facet normal -0.0556812 0.710429 -0.701562
    outer loop
      vertex 29.1799 30.3123 -1.7
      vertex 29.3013 29.5318 -2.5
      vertex 29 30.2982 -1.7
    endloop
  endfacet
  facet normal -0.35743 -0.61738 -0.700775
    outer loop
      vertex 29.676 32.3786 -1.7
      vertex 30.1385 33.0189 -2.5
      vertex 30.1404 33.0178 -2.5
    endloop
  endfacet
  facet normal -0.372028 -0.607803 -0.701549
    outer loop
      vertex 30.1385 33.0189 -2.5
      vertex 29.676 32.3786 -1.7
      vertex 29.5221 32.4728 -1.7
    endloop
  endfacet
  facet normal -0.280834 0.655279 -0.701243
    outer loop
      vertex 29.3554 30.3545 -1.7
      vertex 29.6016 29.6039 -2.5
      vertex 29.5995 29.603 -2.5
    endloop
  endfacet
  facet normal -0.27252 0.658393 -0.701606
    outer loop
      vertex 29.6016 29.6039 -2.5
      vertex 29.3554 30.3545 -1.7
      vertex 29.5221 30.4235 -1.7
    endloop
  endfacet
  facet normal -0.607578 -0.37228 -0.70161
    outer loop
      vertex 30.5696 32.5886 -2.5
      vertex 30.7275 32.3309 -2.5
      vertex 29.9304 32.1241 -1.7
    endloop
  endfacet
  facet normal 0.692906 0.166212 -0.701609
    outer loop
      vertex 27.8642 31.2683 -1.7
      vertex 27.1543 30.8508 -2.5
      vertex 27.0838 31.1447 -2.5
    endloop
  endfacet
  facet normal 0.541817 0.462831 -0.701585
    outer loop
      vertex 28.0696 30.7722 -1.7
      vertex 27.6267 30.078 -2.5
      vertex 27.4304 30.3078 -2.5
    endloop
  endfacet
  facet normal -0.462844 -0.541827 -0.701569
    outer loop
      vertex 29.676 32.3786 -1.7
      vertex 30.1421 33.0163 -2.5
      vertex 29.8132 32.2614 -1.7
    endloop
  endfacet
  facet normal -0.471785 -0.53469 -0.701089
    outer loop
      vertex 30.1421 33.0163 -2.5
      vertex 29.676 32.3786 -1.7
      vertex 30.1404 33.0178 -2.5
    endloop
  endfacet
  facet normal 0.0560729 -0.710388 -0.701573
    outer loop
      vertex 28.9978 33.3881 -2.5
      vertex 29 32.5982 -1.7
      vertex 28.8201 32.584 -1.7
    endloop
  endfacet
  facet normal 0.0645465 -0.710012 -0.701225
    outer loop
      vertex 29 32.5982 -1.7
      vertex 28.9978 33.3881 -2.5
      vertex 29 33.3883 -2.5
    endloop
  endfacet
  facet normal -0.694546 -0.157851 -0.701918
    outer loop
      vertex 30.1358 31.6281 -1.7
      vertex 30.9157 31.7539 -2.5
      vertex 30.9162 31.7517 -2.5
    endloop
  endfacet
  facet normal -0.692893 -0.166215 -0.701621
    outer loop
      vertex 30.9157 31.7539 -2.5
      vertex 30.1358 31.6281 -1.7
      vertex 30.0937 31.8036 -1.7
    endloop
  endfacet
  facet normal 0.607578 -0.37228 -0.70161
    outer loop
      vertex 27.4304 32.5886 -2.5
      vertex 28.0696 32.1241 -1.7
      vertex 27.2725 32.3309 -2.5
    endloop
  endfacet
  facet normal 0.166588 0.6928 -0.701625
    outer loop
      vertex 28.4026 29.6025 -2.5
      vertex 28.6446 30.3545 -1.7
      vertex 28.8201 30.3123 -1.7
    endloop
  endfacet
  facet normal 0.165054 0.693228 -0.701564
    outer loop
      vertex 28.6446 30.3545 -1.7
      vertex 28.4026 29.6025 -2.5
      vertex 28.4005 29.603 -2.5
    endloop
  endfacet
  facet normal 0.710343 -0.0560694 -0.701618
    outer loop
      vertex 27.85 31.4482 -1.7
      vertex 27.06 31.4504 -2.5
      vertex 27.8642 31.6281 -1.7
    endloop
  endfacet
  facet normal 0.711124 -0.0323238 -0.702324
    outer loop
      vertex 27.06 31.4504 -2.5
      vertex 27.85 31.4482 -1.7
      vertex 27.0599 31.4482 -2.5
    endloop
  endfacet
  facet normal -0.272863 -0.658266 -0.701592
    outer loop
      vertex 29.3554 32.5419 -1.7
      vertex 29.6016 33.2925 -2.5
      vertex 29.5221 32.4728 -1.7
    endloop
  endfacet
  facet normal -0.280834 -0.655279 -0.701243
    outer loop
      vertex 29.6016 33.2925 -2.5
      vertex 29.3554 32.5419 -1.7
      vertex 29.5995 33.2934 -2.5
    endloop
  endfacet
  facet normal 0.693228 0.165054 -0.701564
    outer loop
      vertex 27.1543 30.8508 -2.5
      vertex 27.9063 31.0928 -1.7
      vertex 27.1548 30.8487 -2.5
    endloop
  endfacet
  facet normal 0.692903 0.166218 -0.70161
    outer loop
      vertex 27.9063 31.0928 -1.7
      vertex 27.1543 30.8508 -2.5
      vertex 27.8642 31.2683 -1.7
    endloop
  endfacet
  facet normal -0.55048 0.453337 -0.70104
    outer loop
      vertex 29.8132 30.635 -1.7
      vertex 30.3733 30.078 -2.5
      vertex 30.3719 30.0763 -2.5
    endloop
  endfacet
  facet normal -0.541815 0.462833 -0.701586
    outer loop
      vertex 30.3733 30.078 -2.5
      vertex 29.8132 30.635 -1.7
      vertex 29.9304 30.7722 -1.7
    endloop
  endfacet
  facet normal -0.658375 -0.272594 -0.701594
    outer loop
      vertex 30.7287 32.329 -2.5
      vertex 30.8443 32.0498 -2.5
      vertex 30.0247 31.9703 -1.7
    endloop
  endfacet
  facet normal 0.692893 -0.166215 -0.701621
    outer loop
      vertex 27.8642 31.6281 -1.7
      vertex 27.0843 31.7539 -2.5
      vertex 27.9063 31.8036 -1.7
    endloop
  endfacet
  facet normal 0.694546 -0.157851 -0.701918
    outer loop
      vertex 27.0843 31.7539 -2.5
      vertex 27.8642 31.6281 -1.7
      vertex 27.0838 31.7517 -2.5
    endloop
  endfacet
  facet normal 0.272863 -0.658266 -0.701592
    outer loop
      vertex 28.3984 33.2925 -2.5
      vertex 28.6446 32.5419 -1.7
      vertex 28.4779 32.4728 -1.7
    endloop
  endfacet
  facet normal 0.280834 -0.655279 -0.701243
    outer loop
      vertex 28.6446 32.5419 -1.7
      vertex 28.3984 33.2925 -2.5
      vertex 28.4005 33.2934 -2.5
    endloop
  endfacet
  facet normal 0.658375 -0.272594 -0.701594
    outer loop
      vertex 27.2713 32.329 -2.5
      vertex 27.9753 31.9703 -1.7
      vertex 27.1557 32.0498 -2.5
    endloop
  endfacet
  facet normal -0.452716 0.549726 -0.702033
    outer loop
      vertex 29.676 30.5178 -1.7
      vertex 30.1421 29.88 -2.5
      vertex 30.1404 29.8786 -2.5
    endloop
  endfacet
  facet normal -0.462822 0.541802 -0.701603
    outer loop
      vertex 30.1421 29.88 -2.5
      vertex 29.676 30.5178 -1.7
      vertex 29.8132 30.635 -1.7
    endloop
  endfacet
  facet normal -0.165054 -0.693228 -0.701564
    outer loop
      vertex 29.3554 32.5419 -1.7
      vertex 29.5974 33.2939 -2.5
      vertex 29.5995 33.2934 -2.5
    endloop
  endfacet
  facet normal -0.166218 -0.692903 -0.70161
    outer loop
      vertex 29.5974 33.2939 -2.5
      vertex 29.3554 32.5419 -1.7
      vertex 29.1799 32.584 -1.7
    endloop
  endfacet
  facet normal 0.692888 -0.166265 -0.701614
    outer loop
      vertex 27.1548 32.0477 -2.5
      vertex 27.9063 31.8036 -1.7
      vertex 27.0843 31.7539 -2.5
    endloop
  endfacet
  facet normal -0.602816 -0.380726 -0.701186
    outer loop
      vertex 30.0247 31.9703 -1.7
      vertex 30.7275 32.3309 -2.5
      vertex 30.7287 32.329 -2.5
    endloop
  endfacet
  facet normal -0.607495 -0.372476 -0.701578
    outer loop
      vertex 30.7275 32.3309 -2.5
      vertex 30.0247 31.9703 -1.7
      vertex 29.9304 32.1241 -1.7
    endloop
  endfacet
  facet normal -0.655279 -0.280834 -0.701243
    outer loop
      vertex 30.0937 31.8036 -1.7
      vertex 30.8443 32.0498 -2.5
      vertex 30.8452 32.0477 -2.5
    endloop
  endfacet
  facet normal -0.658393 -0.27252 -0.701606
    outer loop
      vertex 30.8443 32.0498 -2.5
      vertex 30.0937 31.8036 -1.7
      vertex 30.0247 31.9703 -1.7
    endloop
  endfacet
  facet normal 0.166218 -0.692903 -0.70161
    outer loop
      vertex 28.6446 32.5419 -1.7
      vertex 28.4026 33.2939 -2.5
      vertex 28.8201 32.584 -1.7
    endloop
  endfacet
  facet normal 0.165054 -0.693228 -0.701564
    outer loop
      vertex 28.4026 33.2939 -2.5
      vertex 28.6446 32.5419 -1.7
      vertex 28.4005 33.2934 -2.5
    endloop
  endfacet
  facet normal 0.710346 -0.056111 -0.701612
    outer loop
      vertex 27.0838 31.7517 -2.5
      vertex 27.8642 31.6281 -1.7
      vertex 27.06 31.4504 -2.5
    endloop
  endfacet
  facet normal -0.693228 0.165054 -0.701564
    outer loop
      vertex 30.0937 31.0928 -1.7
      vertex 30.8457 30.8508 -2.5
      vertex 30.8452 30.8487 -2.5
    endloop
  endfacet
  facet normal -0.692903 0.166218 -0.70161
    outer loop
      vertex 30.8457 30.8508 -2.5
      vertex 30.0937 31.0928 -1.7
      vertex 30.1358 31.2683 -1.7
    endloop
  endfacet
  facet normal 0.462844 -0.541827 -0.701569
    outer loop
      vertex 27.8579 33.0163 -2.5
      vertex 28.324 32.3786 -1.7
      vertex 28.1868 32.2614 -1.7
    endloop
  endfacet
  facet normal 0.471785 -0.53469 -0.701089
    outer loop
      vertex 28.324 32.3786 -1.7
      vertex 27.8579 33.0163 -2.5
      vertex 27.8596 33.0178 -2.5
    endloop
  endfacet
  facet normal -0.272594 0.658375 -0.701594
    outer loop
      vertex 29.8808 29.7195 -2.5
      vertex 29.6016 29.6039 -2.5
      vertex 29.5221 30.4235 -1.7
    endloop
  endfacet
  facet normal -0.165054 0.693228 -0.701564
    outer loop
      vertex 29.5974 29.6025 -2.5
      vertex 29.3554 30.3545 -1.7
      vertex 29.5995 29.603 -2.5
    endloop
  endfacet
  facet normal -0.166588 0.6928 -0.701625
    outer loop
      vertex 29.3554 30.3545 -1.7
      vertex 29.5974 29.6025 -2.5
      vertex 29.1799 30.3123 -1.7
    endloop
  endfacet
  facet normal 0.462688 -0.541925 -0.701596
    outer loop
      vertex 27.8579 33.0163 -2.5
      vertex 28.1868 32.2614 -1.7
      vertex 27.6281 32.8201 -2.5
    endloop
  endfacet
  facet normal 0.166437 0.692861 -0.7016
    outer loop
      vertex 28.8201 30.3123 -1.7
      vertex 28.6965 29.5319 -2.5
      vertex 28.4026 29.6025 -2.5
    endloop
  endfacet
  facet normal 0.166212 -0.692906 -0.701609
    outer loop
      vertex 28.6965 33.3644 -2.5
      vertex 28.8201 32.584 -1.7
      vertex 28.4026 33.2939 -2.5
    endloop
  endfacet
  facet normal 0.711124 0.0323238 -0.702324
    outer loop
      vertex 27.85 31.4482 -1.7
      vertex 27.06 31.446 -2.5
      vertex 27.0599 31.4482 -2.5
    endloop
  endfacet
  facet normal 0.710343 0.0560694 -0.701618
    outer loop
      vertex 27.06 31.446 -2.5
      vertex 27.85 31.4482 -1.7
      vertex 27.8642 31.2683 -1.7
    endloop
  endfacet
  facet normal 0.280834 0.655279 -0.701243
    outer loop
      vertex 28.3984 29.6039 -2.5
      vertex 28.6446 30.3545 -1.7
      vertex 28.4005 29.603 -2.5
    endloop
  endfacet
  facet normal 0.27252 0.658393 -0.701606
    outer loop
      vertex 28.6446 30.3545 -1.7
      vertex 28.3984 29.6039 -2.5
      vertex 28.4779 30.4235 -1.7
    endloop
  endfacet
  facet normal 0.272594 0.658375 -0.701594
    outer loop
      vertex 28.4779 30.4235 -1.7
      vertex 28.3984 29.6039 -2.5
      vertex 28.1192 29.7195 -2.5
    endloop
  endfacet
  facet normal 0.607596 0.372296 -0.701586
    outer loop
      vertex 27.2725 30.5655 -2.5
      vertex 27.9753 30.9261 -1.7
      vertex 28.0696 30.7722 -1.7
    endloop
  endfacet
  facet normal 0.602816 0.380726 -0.701186
    outer loop
      vertex 27.9753 30.9261 -1.7
      vertex 27.2725 30.5655 -2.5
      vertex 27.2713 30.5674 -2.5
    endloop
  endfacet
  facet normal 0.607598 0.372292 -0.701586
    outer loop
      vertex 28.0696 30.7722 -1.7
      vertex 27.4304 30.3078 -2.5
      vertex 27.2725 30.5655 -2.5
    endloop
  endfacet
  facet normal 0.658393 -0.27252 -0.701606
    outer loop
      vertex 27.9063 31.8036 -1.7
      vertex 27.1557 32.0498 -2.5
      vertex 27.9753 31.9703 -1.7
    endloop
  endfacet
  facet normal 0.655279 -0.280834 -0.701243
    outer loop
      vertex 27.1557 32.0498 -2.5
      vertex 27.9063 31.8036 -1.7
      vertex 27.1548 32.0477 -2.5
    endloop
  endfacet
  facet normal -0 0 1
    outer loop
      vertex -39.85 5.45 -0.299999
      vertex 39.85 3.95 -0.299999
      vertex 39.85 5.45 -0.299999
    endloop
  endfacet
  facet normal 0 0 1
    outer loop
      vertex 39.85 3.95 -0.299999
      vertex -39.85 5.45 -0.299999
      vertex -39.85 3.95 -0.299999
    endloop
  endfacet
endsolid OpenSCAD_Model
