solid OpenSCAD_Model
  facet normal 1 -0 0
    outer loop
      vertex -38.1 2.25 4.2
      vertex -38.1 3.95 2.52
      vertex -38.1 3.95 4.2
    endloop
  endfacet
  facet normal 1 0 0
    outer loop
      vertex -38.1 2.25 2.5
      vertex -38.1 3.95 2.52
      vertex -38.1 2.25 4.2
    endloop
  endfacet
  facet normal 1 0 0
    outer loop
      vertex -38.1 3.95 2.52
      vertex -38.1 2.25 2.5
      vertex -38.1 3.95 2.5
    endloop
  endfacet
  facet normal -0 0 1
    outer loop
      vertex -39.85 3.95 4.2
      vertex -38.1 2.25 4.2
      vertex -38.1 3.95 4.2
    endloop
  endfacet
  facet normal 0 0 1
    outer loop
      vertex -38.1 2.25 4.2
      vertex -39.85 3.95 4.2
      vertex -39.85 2.25 4.2
    endloop
  endfacet
  facet normal -1 0 0
    outer loop
      vertex -39.85 2.25 2.49
      vertex -39.85 3.95 2.52
      vertex -39.85 3.95 2.49
    endloop
  endfacet
  facet normal -1 0 0
    outer loop
      vertex -39.85 2.25 4.2
      vertex -39.85 3.95 2.52
      vertex -39.85 2.25 2.49
    endloop
  endfacet
  facet normal -1 0 0
    outer loop
      vertex -39.85 3.95 2.52
      vertex -39.85 2.25 4.2
      vertex -39.85 3.95 4.2
    endloop
  endfacet
  facet normal 0 1 -0
    outer loop
      vertex -38.1 3.95 2.52
      vertex -39.85 3.95 4.2
      vertex -38.1 3.95 4.2
    endloop
  endfacet
  facet normal 0 1 0
    outer loop
      vertex -39.85 3.95 4.2
      vertex -38.1 3.95 2.52
      vertex -39.85 3.95 2.52
    endloop
  endfacet
  facet normal 0 1 0
    outer loop
      vertex 39.85 3.95 2.52
      vertex 36.6 3.95 2.5
      vertex 36.6 3.95 2.52
    endloop
  endfacet
  facet normal 0 1 0
    outer loop
      vertex 39.85 3.95 2.52
      vertex 39.85 3.95 2.49
      vertex 36.6 3.95 2.5
    endloop
  endfacet
  facet normal 0 1 -0
    outer loop
      vertex -38.1 3.95 2.5
      vertex -39.85 3.95 2.52
      vertex -38.1 3.95 2.52
    endloop
  endfacet
  facet normal 0 1 -0
    outer loop
      vertex 39.85 3.95 2.2
      vertex 36.6 3.95 2.5
      vertex 39.85 3.95 2.49
    endloop
  endfacet
  facet normal 0 1 0
    outer loop
      vertex -39.85 3.95 2.2
      vertex 36.6 3.95 2.5
      vertex 39.85 3.95 2.2
    endloop
  endfacet
  facet normal 0 1 0
    outer loop
      vertex -39.85 3.95 2.49
      vertex -39.85 3.95 2.52
      vertex -38.1 3.95 2.5
    endloop
  endfacet
  facet normal 0 1 0
    outer loop
      vertex 36.6 3.95 2.5
      vertex -39.85 3.95 2.2
      vertex -38.1 3.95 2.5
    endloop
  endfacet
  facet normal 0 1 0
    outer loop
      vertex -38.1 3.95 2.5
      vertex -39.85 3.95 2.2
      vertex -39.85 3.95 2.49
    endloop
  endfacet
  facet normal 0 1 -0
    outer loop
      vertex 39.85 3.95 2.52
      vertex 36.6 3.95 4.2
      vertex 39.85 3.95 4.2
    endloop
  endfacet
  facet normal 0 1 0
    outer loop
      vertex 36.6 3.95 4.2
      vertex 39.85 3.95 2.52
      vertex 36.6 3.95 2.52
    endloop
  endfacet
  facet normal 0 -1 0
    outer loop
      vertex -39.85 2.25 4.2
      vertex -38.1 2.25 2.5
      vertex -38.1 2.25 4.2
    endloop
  endfacet
  facet normal 0 -1 0
    outer loop
      vertex -39.85 2.25 4.2
      vertex -39.85 2.25 2.49
      vertex -38.1 2.25 2.5
    endloop
  endfacet
  facet normal 0 -1 0
    outer loop
      vertex 36.6 2.25 2.5
      vertex 39.85 2.25 4.2
      vertex 36.6 2.25 4.2
    endloop
  endfacet
  facet normal 0 -1 0
    outer loop
      vertex -39.85 2.25 0.700001
      vertex -38.1 2.25 2.5
      vertex -39.85 2.25 2.49
    endloop
  endfacet
  facet normal 0 -1 -0
    outer loop
      vertex -38.1 2.25 2.5
      vertex -39.85 2.25 0.700001
      vertex 36.6 2.25 2.5
    endloop
  endfacet
  facet normal 0 -1 0
    outer loop
      vertex 39.85 2.25 2.49
      vertex 39.85 2.25 4.2
      vertex 36.6 2.25 2.5
    endloop
  endfacet
  facet normal 0 -1 0
    outer loop
      vertex 39.85 2.25 0.700001
      vertex 36.6 2.25 2.5
      vertex -39.85 2.25 0.700001
    endloop
  endfacet
  facet normal 0 -1 0
    outer loop
      vertex 36.6 2.25 2.5
      vertex 39.85 2.25 0.700001
      vertex 39.85 2.25 2.49
    endloop
  endfacet
  facet normal 1 0 0
    outer loop
      vertex -38.1 5.45 2.52
      vertex -38.1 7.2 4.2
      vertex -38.1 5.45 4.2
    endloop
  endfacet
  facet normal 1 0 0
    outer loop
      vertex -38.1 7.2 4.2
      vertex -38.1 5.45 2.52
      vertex -38.1 7.2 2.5
    endloop
  endfacet
  facet normal 1 0 0
    outer loop
      vertex -38.1 7.2 2.5
      vertex -38.1 5.45 2.52
      vertex -38.1 5.45 2.5
    endloop
  endfacet
  facet normal -0 0 1
    outer loop
      vertex -39.85 7.2 4.2
      vertex -38.1 5.45 4.2
      vertex -38.1 7.2 4.2
    endloop
  endfacet
  facet normal 0 0 1
    outer loop
      vertex -38.1 5.45 4.2
      vertex -39.85 7.2 4.2
      vertex -39.85 5.45 4.2
    endloop
  endfacet
  facet normal -1 0 0
    outer loop
      vertex -39.85 5.45 2.52
      vertex -39.85 7.2 2.49
      vertex -39.85 5.45 2.49
    endloop
  endfacet
  facet normal -1 0 0
    outer loop
      vertex -39.85 7.2 2.49
      vertex -39.85 5.45 2.52
      vertex -39.85 7.2 4.2
    endloop
  endfacet
  facet normal -1 -0 0
    outer loop
      vertex -39.85 7.2 4.2
      vertex -39.85 5.45 2.52
      vertex -39.85 5.45 4.2
    endloop
  endfacet
  facet normal 0 1 -0
    outer loop
      vertex -38.1 7.2 2.5
      vertex -39.85 7.2 4.2
      vertex -38.1 7.2 4.2
    endloop
  endfacet
  facet normal 0 1 0
    outer loop
      vertex -39.85 7.2 2.5
      vertex -39.85 7.2 4.2
      vertex -38.1 7.2 2.5
    endloop
  endfacet
  facet normal 0 -0 0
    outer loop
      vertex -39.85 7.2 2.5
      vertex -39.85 7.2 2.49
      vertex -39.85 7.2 4.2
    endloop
  endfacet
  facet normal 0 -1 0
    outer loop
      vertex -39.85 5.45 2.52
      vertex -38.1 5.45 4.2
      vertex -39.85 5.45 4.2
    endloop
  endfacet
  facet normal 0 -1 -0
    outer loop
      vertex -38.1 5.45 4.2
      vertex -39.85 5.45 2.52
      vertex -38.1 5.45 2.52
    endloop
  endfacet
  facet normal 0 -1 0
    outer loop
      vertex -39.85 5.45 2.52
      vertex -38.1 5.45 2.5
      vertex -38.1 5.45 2.52
    endloop
  endfacet
  facet normal 0 -1 0
    outer loop
      vertex -39.85 5.45 2.52
      vertex -39.85 5.45 2.49
      vertex -38.1 5.45 2.5
    endloop
  endfacet
  facet normal 0 -1 0
    outer loop
      vertex 36.6 5.45 2.5
      vertex 39.85 5.45 2.52
      vertex 36.6 5.45 2.52
    endloop
  endfacet
  facet normal 0 -1 0
    outer loop
      vertex -39.85 5.45 2.2
      vertex -38.1 5.45 2.5
      vertex -39.85 5.45 2.49
    endloop
  endfacet
  facet normal 0 -1 -0
    outer loop
      vertex -38.1 5.45 2.5
      vertex -39.85 5.45 2.2
      vertex 36.6 5.45 2.5
    endloop
  endfacet
  facet normal 0 -1 0
    outer loop
      vertex 39.85 5.45 2.49
      vertex 39.85 5.45 2.52
      vertex 36.6 5.45 2.5
    endloop
  endfacet
  facet normal 0 -1 0
    outer loop
      vertex 39.85 5.45 2.2
      vertex 36.6 5.45 2.5
      vertex -39.85 5.45 2.2
    endloop
  endfacet
  facet normal 0 -1 0
    outer loop
      vertex 36.6 5.45 2.5
      vertex 39.85 5.45 2.2
      vertex 39.85 5.45 2.49
    endloop
  endfacet
  facet normal 0 -1 0
    outer loop
      vertex 36.6 5.45 2.52
      vertex 39.85 5.45 4.2
      vertex 36.6 5.45 4.2
    endloop
  endfacet
  facet normal 0 -1 -0
    outer loop
      vertex 39.85 5.45 4.2
      vertex 36.6 5.45 2.52
      vertex 39.85 5.45 2.52
    endloop
  endfacet
  facet normal 1 -0 0
    outer loop
      vertex 39.85 2.25 4.2
      vertex 39.85 3.95 2.52
      vertex 39.85 3.95 4.2
    endloop
  endfacet
  facet normal 1 0 0
    outer loop
      vertex 39.85 2.25 2.49
      vertex 39.85 3.95 2.52
      vertex 39.85 2.25 4.2
    endloop
  endfacet
  facet normal 1 0 0
    outer loop
      vertex 39.85 3.95 2.52
      vertex 39.85 2.25 2.49
      vertex 39.85 3.95 2.49
    endloop
  endfacet
  facet normal -0 0 1
    outer loop
      vertex 36.6 3.95 4.2
      vertex 39.85 2.25 4.2
      vertex 39.85 3.95 4.2
    endloop
  endfacet
  facet normal 0 0 1
    outer loop
      vertex 39.85 2.25 4.2
      vertex 36.6 3.95 4.2
      vertex 36.6 2.25 4.2
    endloop
  endfacet
  facet normal -1 0 0
    outer loop
      vertex 36.6 2.25 2.5
      vertex 36.6 3.95 2.52
      vertex 36.6 3.95 2.5
    endloop
  endfacet
  facet normal -1 0 0
    outer loop
      vertex 36.6 2.25 4.2
      vertex 36.6 3.95 2.52
      vertex 36.6 2.25 2.5
    endloop
  endfacet
  facet normal -1 0 0
    outer loop
      vertex 36.6 3.95 2.52
      vertex 36.6 2.25 4.2
      vertex 36.6 3.95 4.2
    endloop
  endfacet
  facet normal 1 0 0
    outer loop
      vertex 39.85 5.45 2.52
      vertex 39.85 7.2 4.2
      vertex 39.85 5.45 4.2
    endloop
  endfacet
  facet normal 1 0 0
    outer loop
      vertex 39.85 7.2 4.2
      vertex 39.85 5.45 2.52
      vertex 39.85 7.2 2.49
    endloop
  endfacet
  facet normal 1 0 0
    outer loop
      vertex 39.85 7.2 2.49
      vertex 39.85 5.45 2.52
      vertex 39.85 5.45 2.49
    endloop
  endfacet
  facet normal -0 0 1
    outer loop
      vertex 36.6 7.2 4.2
      vertex 39.85 5.45 4.2
      vertex 39.85 7.2 4.2
    endloop
  endfacet
  facet normal 0 0 1
    outer loop
      vertex 39.85 5.45 4.2
      vertex 36.6 7.2 4.2
      vertex 36.6 5.45 4.2
    endloop
  endfacet
  facet normal -1 0 0
    outer loop
      vertex 36.6 5.45 2.52
      vertex 36.6 7.2 2.5
      vertex 36.6 5.45 2.5
    endloop
  endfacet
  facet normal -1 0 0
    outer loop
      vertex 36.6 7.2 2.5
      vertex 36.6 5.45 2.52
      vertex 36.6 7.2 4.2
    endloop
  endfacet
  facet normal -1 -0 0
    outer loop
      vertex 36.6 7.2 4.2
      vertex 36.6 5.45 2.52
      vertex 36.6 5.45 4.2
    endloop
  endfacet
  facet normal 0 1 0
    outer loop
      vertex 39.85 7.2 4.2
      vertex 39.85 7.2 2.5
      vertex 36.6 7.2 4.2
    endloop
  endfacet
  facet normal 0 0 0
    outer loop
      vertex 39.85 7.2 2.49
      vertex 39.85 7.2 2.5
      vertex 39.85 7.2 4.2
    endloop
  endfacet
  facet normal 0 1 0
    outer loop
      vertex 36.6 7.2 4.2
      vertex 39.85 7.2 2.5
      vertex 36.6 7.2 2.5
    endloop
  endfacet
  facet normal 1 -0 0
    outer loop
      vertex 11 24.8041 5
      vertex 11 38.8041 2.5
      vertex 11 38.8041 5
    endloop
  endfacet
  facet normal 1 0 0
    outer loop
      vertex 11 38.8041 2.5
      vertex 11 24.8041 5
      vertex 11 24.8041 2.5
    endloop
  endfacet
  facet normal 0 0 1
    outer loop
      vertex 6.87553 28.3054 5
      vertex 7 27.8041 5
      vertex 7.03574 28.267 5
    endloop
  endfacet
  facet normal 0 0 1
    outer loop
      vertex 6.72331 28.3685 5
      vertex 7 27.8041 5
      vertex 6.87553 28.3054 5
    endloop
  endfacet
  facet normal 0 0 1
    outer loop
      vertex 6.58282 28.4546 5
      vertex 7 27.8041 5
      vertex 6.72331 28.3685 5
    endloop
  endfacet
  facet normal 0 0 1
    outer loop
      vertex 6.45754 28.5616 5
      vertex 7 27.8041 5
      vertex 6.58282 28.4546 5
    endloop
  endfacet
  facet normal 0 0 1
    outer loop
      vertex 6.35053 28.6869 5
      vertex 7 27.8041 5
      vertex 6.45754 28.5616 5
    endloop
  endfacet
  facet normal -0 0 1
    outer loop
      vertex -6.15 29.3041 5
      vertex 6.16293 29.1398 5
      vertex 6.15 29.3041 5
    endloop
  endfacet
  facet normal 0 0 1
    outer loop
      vertex -6.16293 29.1398 5
      vertex 6.16293 29.1398 5
      vertex -6.15 29.3041 5
    endloop
  endfacet
  facet normal 0 0 1
    outer loop
      vertex 6.16293 29.1398 5
      vertex -6.16293 29.1398 5
      vertex 6.20139 28.9796 5
    endloop
  endfacet
  facet normal 0 0 1
    outer loop
      vertex -6.20139 28.9796 5
      vertex 6.20139 28.9796 5
      vertex -6.16293 29.1398 5
    endloop
  endfacet
  facet normal 0 0 1
    outer loop
      vertex 6.20139 28.9796 5
      vertex -6.20139 28.9796 5
      vertex 6.26444 28.8274 5
    endloop
  endfacet
  facet normal 0 0 1
    outer loop
      vertex -6.26444 28.8274 5
      vertex 6.26444 28.8274 5
      vertex -6.20139 28.9796 5
    endloop
  endfacet
  facet normal 0 0 1
    outer loop
      vertex 6.26444 28.8274 5
      vertex -6.26444 28.8274 5
      vertex 6.35053 28.6869 5
    endloop
  endfacet
  facet normal 0 0 1
    outer loop
      vertex -6.35053 28.6869 5
      vertex 6.35053 28.6869 5
      vertex -6.26444 28.8274 5
    endloop
  endfacet
  facet normal 0 0 1
    outer loop
      vertex 6.35053 28.6869 5
      vertex -6.35053 28.6869 5
      vertex 7 27.8041 5
    endloop
  endfacet
  facet normal 0 0 1
    outer loop
      vertex -7 27.8041 5
      vertex -6.35053 28.6869 5
      vertex -6.45754 28.5616 5
    endloop
  endfacet
  facet normal 0 0 1
    outer loop
      vertex -7 27.8041 5
      vertex -6.45754 28.5616 5
      vertex -6.58282 28.4546 5
    endloop
  endfacet
  facet normal 0 0 1
    outer loop
      vertex -7 27.8041 5
      vertex -6.58282 28.4546 5
      vertex -6.72331 28.3685 5
    endloop
  endfacet
  facet normal 0 0 1
    outer loop
      vertex -7 27.8041 5
      vertex -6.72331 28.3685 5
      vertex -6.87553 28.3054 5
    endloop
  endfacet
  facet normal 0 0 1
    outer loop
      vertex -6.35053 28.6869 5
      vertex -7 27.8041 5
      vertex 7 27.8041 5
    endloop
  endfacet
  facet normal -0 0 1
    outer loop
      vertex -7.03574 28.267 5
      vertex -7 27.8041 5
      vertex -6.87553 28.3054 5
    endloop
  endfacet
  facet normal -0 0 1
    outer loop
      vertex -7.2 28.254 5
      vertex -7 27.8041 5
      vertex -7.03574 28.267 5
    endloop
  endfacet
  facet normal 0 0 1
    outer loop
      vertex -7.36426 28.267 5
      vertex -7 27.8041 5
      vertex -7.2 28.254 5
    endloop
  endfacet
  facet normal 0 0 1
    outer loop
      vertex -7.52447 28.3054 5
      vertex -7 27.8041 5
      vertex -7.36426 28.267 5
    endloop
  endfacet
  facet normal 0 0 1
    outer loop
      vertex -7.67669 28.3685 5
      vertex -7 27.8041 5
      vertex -7.52447 28.3054 5
    endloop
  endfacet
  facet normal 0 0 1
    outer loop
      vertex -7 27.8041 5
      vertex -7.67669 28.3685 5
      vertex -7 24.8041 5
    endloop
  endfacet
  facet normal 0 0 1
    outer loop
      vertex -11 24.8041 5
      vertex -7.67669 28.3685 5
      vertex -7.81717 28.4546 5
    endloop
  endfacet
  facet normal 0 0 1
    outer loop
      vertex -11 24.8041 5
      vertex -7.81717 28.4546 5
      vertex -7.94246 28.5616 5
    endloop
  endfacet
  facet normal 0 0 1
    outer loop
      vertex -11 24.8041 5
      vertex -7.94246 28.5616 5
      vertex -8.04947 28.6869 5
    endloop
  endfacet
  facet normal 0 0 1
    outer loop
      vertex -11 24.8041 5
      vertex -8.04947 28.6869 5
      vertex -8.13556 28.8274 5
    endloop
  endfacet
  facet normal 0 0 1
    outer loop
      vertex -11 24.8041 5
      vertex -8.13556 28.8274 5
      vertex -8.19861 28.9796 5
    endloop
  endfacet
  facet normal 0 0 1
    outer loop
      vertex -8.23707 29.4683 5
      vertex -11 24.8041 5
      vertex -8.25 29.3041 5
    endloop
  endfacet
  facet normal 0 0 1
    outer loop
      vertex -8.25 29.3041 5
      vertex -11 24.8041 5
      vertex -8.23707 29.1398 5
    endloop
  endfacet
  facet normal 0 0 1
    outer loop
      vertex -7.67669 28.3685 5
      vertex -11 24.8041 5
      vertex -7 24.8041 5
    endloop
  endfacet
  facet normal 0 0 1
    outer loop
      vertex -8.23707 29.1398 5
      vertex -11 24.8041 5
      vertex -8.19861 28.9796 5
    endloop
  endfacet
  facet normal -0 0 1
    outer loop
      vertex 8.23707 29.4683 5
      vertex 11 24.8041 5
      vertex 11 38.8041 5
    endloop
  endfacet
  facet normal 0 0 1
    outer loop
      vertex 11 24.8041 5
      vertex 8.23707 29.4683 5
      vertex 8.25 29.3041 5
    endloop
  endfacet
  facet normal 0 0 1
    outer loop
      vertex 11 38.8041 5
      vertex 8.19861 29.6285 5
      vertex 8.23707 29.4683 5
    endloop
  endfacet
  facet normal 0 0 1
    outer loop
      vertex 11 38.8041 5
      vertex 8.13556 29.7807 5
      vertex 8.19861 29.6285 5
    endloop
  endfacet
  facet normal 0 0 1
    outer loop
      vertex 11 38.8041 5
      vertex 8.04947 29.9212 5
      vertex 8.13556 29.7807 5
    endloop
  endfacet
  facet normal 0 0 1
    outer loop
      vertex 11 38.8041 5
      vertex 7.94246 30.0465 5
      vertex 8.04947 29.9212 5
    endloop
  endfacet
  facet normal 0 0 1
    outer loop
      vertex 11 38.8041 5
      vertex 7.81717 30.1535 5
      vertex 7.94246 30.0465 5
    endloop
  endfacet
  facet normal 0 0 1
    outer loop
      vertex 11 38.8041 5
      vertex 7.67669 30.2396 5
      vertex 7.81717 30.1535 5
    endloop
  endfacet
  facet normal 0 0 1
    outer loop
      vertex 11 38.8041 5
      vertex 7.52447 30.3027 5
      vertex 7.67669 30.2396 5
    endloop
  endfacet
  facet normal 0 0 1
    outer loop
      vertex 11 38.8041 5
      vertex 7.36426 30.3411 5
      vertex 7.52447 30.3027 5
    endloop
  endfacet
  facet normal 0 0 1
    outer loop
      vertex 11 38.8041 5
      vertex 7.2 30.354 5
      vertex 7.36426 30.3411 5
    endloop
  endfacet
  facet normal 0 0 1
    outer loop
      vertex 11 38.8041 5
      vertex 7.03574 30.3411 5
      vertex 7.2 30.354 5
    endloop
  endfacet
  facet normal 0 0 1
    outer loop
      vertex 11 38.8041 5
      vertex 6.87553 30.3027 5
      vertex 7.03574 30.3411 5
    endloop
  endfacet
  facet normal 0 0 1
    outer loop
      vertex 11 38.8041 5
      vertex 6.72331 30.2396 5
      vertex 6.87553 30.3027 5
    endloop
  endfacet
  facet normal 0 0 1
    outer loop
      vertex 11 38.8041 5
      vertex 6.58282 30.1535 5
      vertex 6.72331 30.2396 5
    endloop
  endfacet
  facet normal 0 0 1
    outer loop
      vertex -6.58282 30.1535 5
      vertex 6.58282 30.1535 5
      vertex 11 38.8041 5
    endloop
  endfacet
  facet normal 0 0 1
    outer loop
      vertex 6.58282 30.1535 5
      vertex -6.58282 30.1535 5
      vertex 6.45754 30.0465 5
    endloop
  endfacet
  facet normal 0 -0 1
    outer loop
      vertex -6.45754 30.0465 5
      vertex 6.45754 30.0465 5
      vertex -6.58282 30.1535 5
    endloop
  endfacet
  facet normal 0 0 1
    outer loop
      vertex 6.16293 29.4683 5
      vertex -6.15 29.3041 5
      vertex 6.15 29.3041 5
    endloop
  endfacet
  facet normal 0 0 1
    outer loop
      vertex -6.16293 29.4683 5
      vertex 6.16293 29.4683 5
      vertex 6.20139 29.6285 5
    endloop
  endfacet
  facet normal 0 0 1
    outer loop
      vertex -6.20139 29.6285 5
      vertex 6.20139 29.6285 5
      vertex 6.26444 29.7807 5
    endloop
  endfacet
  facet normal 0 0 1
    outer loop
      vertex 6.45754 30.0465 5
      vertex -6.45754 30.0465 5
      vertex 6.35053 29.9212 5
    endloop
  endfacet
  facet normal 0 0 1
    outer loop
      vertex 6.16293 29.4683 5
      vertex -6.16293 29.4683 5
      vertex -6.15 29.3041 5
    endloop
  endfacet
  facet normal 0 0 1
    outer loop
      vertex 6.20139 29.6285 5
      vertex -6.20139 29.6285 5
      vertex -6.16293 29.4683 5
    endloop
  endfacet
  facet normal 0 0 1
    outer loop
      vertex 6.26444 29.7807 5
      vertex -6.26444 29.7807 5
      vertex -6.20139 29.6285 5
    endloop
  endfacet
  facet normal 0 0 1
    outer loop
      vertex 6.26444 29.7807 5
      vertex -6.35053 29.9212 5
      vertex -6.26444 29.7807 5
    endloop
  endfacet
  facet normal 0 0 1
    outer loop
      vertex 6.35053 29.9212 5
      vertex -6.35053 29.9212 5
      vertex 6.26444 29.7807 5
    endloop
  endfacet
  facet normal 0 -0 1
    outer loop
      vertex -6.35053 29.9212 5
      vertex 6.35053 29.9212 5
      vertex -6.45754 30.0465 5
    endloop
  endfacet
  facet normal -0 0 1
    outer loop
      vertex -11 38.8041 5
      vertex -6.58282 30.1535 5
      vertex 11 38.8041 5
    endloop
  endfacet
  facet normal 0 0 1
    outer loop
      vertex -6.58282 30.1535 5
      vertex -11 38.8041 5
      vertex -6.72331 30.2396 5
    endloop
  endfacet
  facet normal 0 0 1
    outer loop
      vertex -6.72331 30.2396 5
      vertex -11 38.8041 5
      vertex -6.87553 30.3027 5
    endloop
  endfacet
  facet normal 0 0 1
    outer loop
      vertex -6.87553 30.3027 5
      vertex -11 38.8041 5
      vertex -7.03574 30.3411 5
    endloop
  endfacet
  facet normal 0 0 1
    outer loop
      vertex -7.03574 30.3411 5
      vertex -11 38.8041 5
      vertex -7.2 30.354 5
    endloop
  endfacet
  facet normal 0 0 1
    outer loop
      vertex -7.2 30.354 5
      vertex -11 38.8041 5
      vertex -7.36426 30.3411 5
    endloop
  endfacet
  facet normal 0 0 1
    outer loop
      vertex -7.36426 30.3411 5
      vertex -11 38.8041 5
      vertex -7.52447 30.3027 5
    endloop
  endfacet
  facet normal 0 0 1
    outer loop
      vertex -11 24.8041 5
      vertex -8.23707 29.4683 5
      vertex -11 38.8041 5
    endloop
  endfacet
  facet normal 0 0 1
    outer loop
      vertex -8.19861 29.6285 5
      vertex -11 38.8041 5
      vertex -8.23707 29.4683 5
    endloop
  endfacet
  facet normal 0 0 1
    outer loop
      vertex -8.13556 29.7807 5
      vertex -11 38.8041 5
      vertex -8.19861 29.6285 5
    endloop
  endfacet
  facet normal 0 0 1
    outer loop
      vertex -8.04947 29.9212 5
      vertex -11 38.8041 5
      vertex -8.13556 29.7807 5
    endloop
  endfacet
  facet normal 0 0 1
    outer loop
      vertex -7.94246 30.0465 5
      vertex -11 38.8041 5
      vertex -8.04947 29.9212 5
    endloop
  endfacet
  facet normal 0 0 1
    outer loop
      vertex -7.81717 30.1535 5
      vertex -11 38.8041 5
      vertex -7.94246 30.0465 5
    endloop
  endfacet
  facet normal 0 0 1
    outer loop
      vertex -7.67669 30.2396 5
      vertex -11 38.8041 5
      vertex -7.81717 30.1535 5
    endloop
  endfacet
  facet normal 0 0 1
    outer loop
      vertex -7.52447 30.3027 5
      vertex -11 38.8041 5
      vertex -7.67669 30.2396 5
    endloop
  endfacet
  facet normal -0 0 1
    outer loop
      vertex 8.23707 29.1398 5
      vertex 11 24.8041 5
      vertex 8.25 29.3041 5
    endloop
  endfacet
  facet normal -0 0 1
    outer loop
      vertex 8.19861 28.9796 5
      vertex 11 24.8041 5
      vertex 8.23707 29.1398 5
    endloop
  endfacet
  facet normal -0 0 1
    outer loop
      vertex 8.13556 28.8274 5
      vertex 11 24.8041 5
      vertex 8.19861 28.9796 5
    endloop
  endfacet
  facet normal -0 0 1
    outer loop
      vertex 8.04947 28.6869 5
      vertex 11 24.8041 5
      vertex 8.13556 28.8274 5
    endloop
  endfacet
  facet normal -0 0 1
    outer loop
      vertex 7.94246 28.5616 5
      vertex 11 24.8041 5
      vertex 8.04947 28.6869 5
    endloop
  endfacet
  facet normal -0 0 1
    outer loop
      vertex 7.81717 28.4546 5
      vertex 11 24.8041 5
      vertex 7.94246 28.5616 5
    endloop
  endfacet
  facet normal -0 0 1
    outer loop
      vertex 7.67669 28.3685 5
      vertex 11 24.8041 5
      vertex 7.81717 28.4546 5
    endloop
  endfacet
  facet normal 0 0 1
    outer loop
      vertex 7 27.8041 5
      vertex 7.67669 28.3685 5
      vertex 7.52447 28.3054 5
    endloop
  endfacet
  facet normal 0 0 1
    outer loop
      vertex 7 27.8041 5
      vertex 7.52447 28.3054 5
      vertex 7.36426 28.267 5
    endloop
  endfacet
  facet normal 0 0 1
    outer loop
      vertex 7 27.8041 5
      vertex 7.36426 28.267 5
      vertex 7.2 28.254 5
    endloop
  endfacet
  facet normal 0 0 1
    outer loop
      vertex 7 27.8041 5
      vertex 7.2 28.254 5
      vertex 7.03574 28.267 5
    endloop
  endfacet
  facet normal 0 0 1
    outer loop
      vertex 7.67669 28.3685 5
      vertex 7 27.8041 5
      vertex 7 24.8041 5
    endloop
  endfacet
  facet normal 0 0 1
    outer loop
      vertex 7.67669 28.3685 5
      vertex 7 24.8041 5
      vertex 11 24.8041 5
    endloop
  endfacet
  facet normal -1 0 0
    outer loop
      vertex -11 24.8041 2.5
      vertex -11 38.8041 5
      vertex -11 38.8041 2.5
    endloop
  endfacet
  facet normal -1 -0 0
    outer loop
      vertex -11 38.8041 5
      vertex -11 24.8041 2.5
      vertex -11 24.8041 5
    endloop
  endfacet
  facet normal 0 1 -0
    outer loop
      vertex 11 38.8041 2.5
      vertex -11 38.8041 5
      vertex 11 38.8041 5
    endloop
  endfacet
  facet normal 0 1 0
    outer loop
      vertex -11 38.8041 5
      vertex 11 38.8041 2.5
      vertex -11 38.8041 2.5
    endloop
  endfacet
  facet normal 0 -1 0
    outer loop
      vertex -11 24.8041 5
      vertex -7 24.8041 3.5
      vertex -7 24.8041 5
    endloop
  endfacet
  facet normal 0 -1 -0
    outer loop
      vertex -7 24.8041 3.5
      vertex -11 24.8041 2.5
      vertex 7 24.8041 3.5
    endloop
  endfacet
  facet normal 0 -1 0
    outer loop
      vertex -11 24.8041 2.5
      vertex -7 24.8041 3.5
      vertex -11 24.8041 5
    endloop
  endfacet
  facet normal 0 -1 0
    outer loop
      vertex 7 24.8041 3.5
      vertex 11 24.8041 5
      vertex 7 24.8041 5
    endloop
  endfacet
  facet normal 0 -1 0
    outer loop
      vertex 7 24.8041 3.5
      vertex 11 24.8041 2.5
      vertex 11 24.8041 5
    endloop
  endfacet
  facet normal 0 -1 0
    outer loop
      vertex 11 24.8041 2.5
      vertex 7 24.8041 3.5
      vertex -11 24.8041 2.5
    endloop
  endfacet
  facet normal -1 0 0
    outer loop
      vertex 7 24.8041 3.5
      vertex 7 27.8041 5
      vertex 7 27.8041 3.5
    endloop
  endfacet
  facet normal -1 -0 0
    outer loop
      vertex 7 27.8041 5
      vertex 7 24.8041 3.5
      vertex 7 24.8041 5
    endloop
  endfacet
  facet normal -0 0 1
    outer loop
      vertex -7 27.8041 3.5
      vertex 7 24.8041 3.5
      vertex 7 27.8041 3.5
    endloop
  endfacet
  facet normal 0 0 1
    outer loop
      vertex 7 24.8041 3.5
      vertex -7 27.8041 3.5
      vertex -7 24.8041 3.5
    endloop
  endfacet
  facet normal 1 -0 0
    outer loop
      vertex -7 24.8041 5
      vertex -7 27.8041 3.5
      vertex -7 27.8041 5
    endloop
  endfacet
  facet normal 1 0 0
    outer loop
      vertex -7 27.8041 3.5
      vertex -7 24.8041 5
      vertex -7 24.8041 3.5
    endloop
  endfacet
  facet normal 0 -1 0
    outer loop
      vertex -7 27.8041 3.5
      vertex 7 27.8041 5
      vertex -7 27.8041 5
    endloop
  endfacet
  facet normal 0 -1 -0
    outer loop
      vertex 7 27.8041 5
      vertex -7 27.8041 3.5
      vertex 7 27.8041 3.5
    endloop
  endfacet
  facet normal -0.183268 0.0667438 -0.980795
    outer loop
      vertex -37.6414 25.571 0
      vertex -37.8967 25.653 0.0532846
      vertex -37.0496 27.979 0.0532846
    endloop
  endfacet
  facet normal -0.54512 0.10772 -0.831409
    outer loop
      vertex -38.5597 23.2805 0.0532846
      vertex -39.2599 20.9083 0.205026
      vertex -38.7807 23.3333 0.205026
    endloop
  endfacet
  facet normal -0.187883 0.0525093 -0.980787
    outer loop
      vertex -38.2989 23.2184 0
      vertex -38.5597 23.2805 0.0532846
      vertex -37.6414 25.571 0
    endloop
  endfacet
  facet normal -0.177722 0.0804786 -0.980784
    outer loop
      vertex -35.7824 30.128 0
      vertex -37.0496 27.979 0.0532846
      vertex -36.0223 30.2476 0.0532846
    endloop
  endfacet
  facet normal -0.698082 0.451708 -0.555556
    outer loop
      vertex -33.6337 34.6984 0.205026
      vertex -35.015 32.5637 0.205026
      vertex -33.7582 34.7853 0.432122
    endloop
  endfacet
  facet normal -0.30698 0.772821 -0.555437
    outer loop
      vertex -14.8673 48.7446 0.205026
      vertex -17.4576 47.8789 0.432122
      vertex -14.9187 48.8874 0.432122
    endloop
  endfacet
  facet normal 0.533498 0.823015 -0.195004
    outer loop
      vertex 24.5144 43.9447 0.432122
      vertex 22.2946 45.4471 0.700001
      vertex 24.5449 43.9884 0.700001
    endloop
  endfacet
  facet normal -0.830906 0.0325469 -0.55546
    outer loop
      vertex -39.645 15.9915 0.205026
      vertex -39.7967 15.9944 0.432122
      vertex -39.5483 18.4602 0.205026
    endloop
  endfacet
  facet normal -0.535187 0.149567 -0.831387
    outer loop
      vertex -37.8967 25.653 0.0532846
      vertex -38.7807 23.3333 0.205026
      vertex -38.113 25.7225 0.205026
    endloop
  endfacet
  facet normal 0.599321 0.800509 -0
    outer loop
      vertex 26.6756 42.3932 0.700001
      vertex 24.5449 43.9884 2.5
      vertex 26.6756 42.3932 2.5
    endloop
  endfacet
  facet normal 0.599321 0.800509 0
    outer loop
      vertex 24.5449 43.9884 2.5
      vertex 26.6756 42.3932 0.700001
      vertex 24.5449 43.9884 0.700001
    endloop
  endfacet
  facet normal -0.194985 0.00763898 -0.980777
    outer loop
      vertex -39.0545 18.4215 0
      vertex -39.4179 15.987 0.0532846
      vertex -39.3217 18.4425 0.0532846
    endloop
  endfacet
  facet normal 0.652739 0.757583 -0
    outer loop
      vertex 28.6757 40.6699 0.700001
      vertex 26.6756 42.3932 2.5
      vertex 28.6757 40.6699 2.5
    endloop
  endfacet
  facet normal 0.652739 0.757583 0
    outer loop
      vertex 26.6756 42.3932 2.5
      vertex 28.6757 40.6699 0.700001
      vertex 26.6756 42.3932 0.700001
    endloop
  endfacet
  facet normal 0.729534 0.398807 -0.555637
    outer loop
      vertex 36.2257 30.349 0.205026
      vertex 35.1455 32.6414 0.432122
      vertex 36.3616 30.4168 0.432122
    endloop
  endfacet
  facet normal -0.980028 0.0383573 -0.195125
    outer loop
      vertex -39.7967 15.9944 0.432122
      vertex -39.85 15.9953 0.700001
      vertex -39.7529 18.4762 0.700001
    endloop
  endfacet
  facet normal 0.356384 0.751223 -0.555567
    outer loop
      vertex 19.9112 46.7149 0.432122
      vertex 17.397 47.7397 0.205026
      vertex 17.4576 47.8789 0.432122
    endloop
  endfacet
  facet normal -0.522154 0.190131 -0.831388
    outer loop
      vertex -37.8967 25.653 0.0532846
      vertex -38.113 25.7225 0.205026
      vertex -37.2601 28.0648 0.205026
    endloop
  endfacet
  facet normal -0.194923 0.00762945 -0.980789
    outer loop
      vertex -39.15 15.9816 0
      vertex -39.4179 15.987 0.0532846
      vertex -39.0545 18.4215 0
    endloop
  endfacet
  facet normal 0 -0.555565 -0.831473
    outer loop
      vertex 39.645 2.45503 0.205026
      vertex -39.4179 2.68213 0.0532846
      vertex 39.4179 2.68213 0.0532846
    endloop
  endfacet
  facet normal 0 -0.555565 -0.831473
    outer loop
      vertex -39.4179 2.68213 0.0532846
      vertex 39.645 2.45503 0.205026
      vertex -39.645 2.45503 0.205026
    endloop
  endfacet
  facet normal 0.127346 0.147799 -0.980785
    outer loop
      vertex 28.2003 40.1555 0
      vertex 26.237 41.8471 0
      vertex 26.4047 42.0562 0.0532846
    endloop
  endfacet
  facet normal -0.187845 0.0524936 -0.980795
    outer loop
      vertex -37.6414 25.571 0
      vertex -38.5597 23.2805 0.0532846
      vertex -37.8967 25.653 0.0532846
    endloop
  endfacet
  facet normal 0.831538 0 -0.555467
    outer loop
      vertex 39.7967 15.9944 0.432122
      vertex 39.645 2.45503 0.205026
      vertex 39.645 15.9915 0.205026
    endloop
  endfacet
  facet normal 0.831538 0 -0.555467
    outer loop
      vertex 39.645 2.45503 0.205026
      vertex 39.7967 15.9944 0.432122
      vertex 39.7967 2.30328 0.432122
    endloop
  endfacet
  facet normal 0.839534 0.543306 0
    outer loop
      vertex 35.1913 32.6688 2.5
      vertex 33.8018 34.8159 0.700001
      vertex 33.8018 34.8159 2.5
    endloop
  endfacet
  facet normal 0.839534 0.543306 0
    outer loop
      vertex 33.8018 34.8159 0.700001
      vertex 35.1913 32.6688 2.5
      vertex 35.1913 32.6688 0.700001
    endloop
  endfacet
  facet normal -0.506015 0.229149 -0.831528
    outer loop
      vertex -37.0496 27.979 0.0532846
      vertex -37.2601 28.0648 0.205026
      vertex -36.2257 30.349 0.205026
    endloop
  endfacet
  facet normal -0.545085 0.107708 -0.831433
    outer loop
      vertex -39.0354 20.8731 0.0532846
      vertex -39.2599 20.9083 0.205026
      vertex -38.5597 23.2805 0.0532846
    endloop
  endfacet
  facet normal -0.155594 0.117621 -0.980793
    outer loop
      vertex -31.7043 36.4297 0
      vertex -33.4476 34.5679 0.0532846
      vertex -31.9122 36.599 0.0532846
    endloop
  endfacet
  facet normal -0.690351 0.696652 -0.19517
    outer loop
      vertex -30.4971 38.79 0.432122
      vertex -30.5361 38.8264 0.700001
      vertex -28.6396 40.6307 0.432122
    endloop
  endfacet
  facet normal -0.652739 0.757583 0
    outer loop
      vertex -26.6756 42.3932 0.700001
      vertex -28.6757 40.6699 2.5
      vertex -26.6756 42.3932 2.5
    endloop
  endfacet
  facet normal -0.652739 0.757583 0
    outer loop
      vertex -28.6757 40.6699 2.5
      vertex -26.6756 42.3932 0.700001
      vertex -28.6757 40.6699 0.700001
    endloop
  endfacet
  facet normal 0 -0.195097 -0.980784
    outer loop
      vertex 39.4179 2.68213 0.0532846
      vertex -39.15 2.95 0
      vertex 39.15 2.95 0
    endloop
  endfacet
  facet normal 0 -0.195097 -0.980784
    outer loop
      vertex -39.15 2.95 0
      vertex 39.4179 2.68213 0.0532846
      vertex -39.4179 2.68213 0.0532846
    endloop
  endfacet
  facet normal -0.195076 -0 -0.980788
    outer loop
      vertex -39.4179 15.987 0.0532846
      vertex -39.15 2.95 0
      vertex -39.4179 2.68213 0.0532846
    endloop
  endfacet
  facet normal -0.195076 0 -0.980788
    outer loop
      vertex -39.15 2.95 0
      vertex -39.4179 15.987 0.0532846
      vertex -39.15 15.9816 0
    endloop
  endfacet
  facet normal -0.183337 0.0667606 -0.980781
    outer loop
      vertex -36.8014 27.8778 0
      vertex -37.6414 25.571 0
      vertex -37.0496 27.979 0.0532846
    endloop
  endfacet
  facet normal 0.487605 0.266557 -0.831378
    outer loop
      vertex 36.2257 30.349 0.205026
      vertex 34.8198 32.4475 0.0532846
      vertex 35.015 32.5637 0.205026
    endloop
  endfacet
  facet normal -0.270471 0.48514 -0.831555
    outer loop
      vertex -19.7374 46.378 0.0532846
      vertex -22.0717 45.0766 0.0532846
      vertex -19.8416 46.58 0.205026
    endloop
  endfacet
  facet normal 0.893454 0.404597 -0.19504
    outer loop
      vertex 37.4007 28.1222 0.432122
      vertex 36.3616 30.4168 0.432122
      vertex 36.4093 30.4406 0.700001
    endloop
  endfacet
  facet normal 0.877462 0.479647 0
    outer loop
      vertex 36.4093 30.4406 2.5
      vertex 35.1913 32.6688 0.700001
      vertex 35.1913 32.6688 2.5
    endloop
  endfacet
  facet normal 0.877462 0.479647 0
    outer loop
      vertex 35.1913 32.6688 0.700001
      vertex 36.4093 30.4406 2.5
      vertex 36.4093 30.4406 0.700001
    endloop
  endfacet
  facet normal -0.551726 0.0649877 -0.83149
    outer loop
      vertex -39.3217 18.4425 0.0532846
      vertex -39.5483 18.4602 0.205026
      vertex -39.0354 20.8731 0.0532846
    endloop
  endfacet
  facet normal -0.428611 0.903489 0
    outer loop
      vertex -17.4789 47.9277 0.700001
      vertex -19.9355 46.7623 2.5
      vertex -17.4789 47.9277 2.5
    endloop
  endfacet
  facet normal -0.428611 0.903489 0
    outer loop
      vertex -19.9355 46.7623 2.5
      vertex -17.4789 47.9277 0.700001
      vertex -19.9355 46.7623 0.700001
    endloop
  endfacet
  facet normal 0 0.555565 -0.831473
    outer loop
      vertex -1.37828 51.0742 0.0532846
      vertex 1.38556 51.3013 0.205026
      vertex 1.37828 51.0742 0.0532846
    endloop
  endfacet
  facet normal 0 0.555565 -0.831473
    outer loop
      vertex 1.38556 51.3013 0.205026
      vertex -1.37828 51.0742 0.0532846
      vertex -1.38556 51.3013 0.205026
    endloop
  endfacet
  facet normal -0.737842 0.646127 -0.195218
    outer loop
      vertex -30.4971 38.79 0.432122
      vertex -32.2062 36.8383 0.432122
      vertex -30.5361 38.8264 0.700001
    endloop
  endfacet
  facet normal -0.815683 0.161186 -0.555591
    outer loop
      vertex -39.2599 20.9083 0.205026
      vertex -39.4099 20.932 0.432122
      vertex -38.7807 23.3333 0.205026
    endloop
  endfacet
  facet normal 0.183337 0.0667606 -0.980781
    outer loop
      vertex 37.6414 25.571 0
      vertex 36.8014 27.8778 0
      vertex 37.0496 27.979 0.0532846
    endloop
  endfacet
  facet normal -0.256846 0.790888 -0.555451
    outer loop
      vertex -14.8673 48.7446 0.205026
      vertex -14.9187 48.8874 0.432122
      vertex -12.3072 49.7355 0.432122
    endloop
  endfacet
  facet normal -0.815725 0.161203 -0.555523
    outer loop
      vertex -38.7807 23.3333 0.205026
      vertex -39.4099 20.932 0.432122
      vertex -38.9284 23.3685 0.432122
    endloop
  endfacet
  facet normal -0.551789 0.0650039 -0.831446
    outer loop
      vertex -39.0354 20.8731 0.0532846
      vertex -39.5483 18.4602 0.205026
      vertex -39.2599 20.9083 0.205026
    endloop
  endfacet
  facet normal -0.980774 0 -0.195145
    outer loop
      vertex -39.7967 2.30328 0.432122
      vertex -39.85 15.9953 0.700001
      vertex -39.7967 15.9944 0.432122
    endloop
  endfacet
  facet normal -0.980774 -0 -0.195145
    outer loop
      vertex -39.85 15.9953 0.700001
      vertex -39.7967 2.30328 0.432122
      vertex -39.85 2.25 0.700001
    endloop
  endfacet
  facet normal -0.825759 0.0972785 -0.55557
    outer loop
      vertex -39.5483 18.4602 0.205026
      vertex -39.6997 18.472 0.432122
      vertex -39.4099 20.932 0.432122
    endloop
  endfacet
  facet normal -0.800767 0.223787 -0.5556
    outer loop
      vertex -38.113 25.7225 0.205026
      vertex -38.7807 23.3333 0.205026
      vertex -38.2576 25.7689 0.432122
    endloop
  endfacet
  facet normal 0.797722 0.603025 0
    outer loop
      vertex 33.8018 34.8159 2.5
      vertex 32.2476 36.8719 0.700001
      vertex 32.2476 36.8719 2.5
    endloop
  endfacet
  facet normal 0.797722 0.603025 0
    outer loop
      vertex 32.2476 36.8719 0.700001
      vertex 33.8018 34.8159 2.5
      vertex 33.8018 34.8159 0.700001
    endloop
  endfacet
  facet normal -0.981026 0.193874 0
    outer loop
      vertex -39.4626 20.9403 0.700001
      vertex -38.9803 23.3808 2.5
      vertex -38.9803 23.3808 0.700001
    endloop
  endfacet
  facet normal -0.981026 0.193874 0
    outer loop
      vertex -38.9803 23.3808 2.5
      vertex -39.4626 20.9403 0.700001
      vertex -39.4626 20.9403 2.5
    endloop
  endfacet
  facet normal 0.0517794 0.829942 -0.555441
    outer loop
      vertex 4.16304 51.28 0.432122
      vertex 1.38556 51.3013 0.205026
      vertex 1.39012 51.453 0.432122
    endloop
  endfacet
  facet normal 0.0363537 0.191673 -0.980785
    outer loop
      vertex 9.49457 49.7875 0
      vertex 6.81564 50.2956 0
      vertex 9.55286 50.0491 0.0532846
    endloop
  endfacet
  facet normal 0.980774 0 -0.195145
    outer loop
      vertex 39.85 15.9953 0.700001
      vertex 39.7967 2.30328 0.432122
      vertex 39.7967 15.9944 0.432122
    endloop
  endfacet
  facet normal 0.980774 0 -0.195145
    outer loop
      vertex 39.7967 2.30328 0.432122
      vertex 39.85 15.9953 0.700001
      vertex 39.85 2.25 0.700001
    endloop
  endfacet
  facet normal -1 0 0
    outer loop
      vertex -39.85 15.9953 0.700001
      vertex -39.85 7.2 2.49
      vertex -39.85 15.9953 2.5
    endloop
  endfacet
  facet normal -1 0 0
    outer loop
      vertex -39.85 2.25 0.700001
      vertex -39.85 7.2 2.49
      vertex -39.85 15.9953 0.700001
    endloop
  endfacet
  facet normal -1 0 0
    outer loop
      vertex -39.85 7.2 2.49
      vertex -39.85 2.25 0.700001
      vertex -39.85 5.45 2.2
    endloop
  endfacet
  facet normal -1 -0 0
    outer loop
      vertex -39.85 5.45 2.2
      vertex -39.85 2.25 0.700001
      vertex -39.85 3.95 2.2
    endloop
  endfacet
  facet normal -1 0 0
    outer loop
      vertex -39.85 2.25 2.49
      vertex -39.85 3.95 2.2
      vertex -39.85 2.25 0.700001
    endloop
  endfacet
  facet normal -1 0 0
    outer loop
      vertex -39.85 3.95 2.2
      vertex -39.85 2.25 2.49
      vertex -39.85 3.95 2.49
    endloop
  endfacet
  facet normal -1 -0 0
    outer loop
      vertex -39.85 15.9953 2.5
      vertex -39.85 7.2 2.49
      vertex -39.85 7.2 2.5
    endloop
  endfacet
  facet normal -1 -0 0
    outer loop
      vertex -39.85 7.2 2.49
      vertex -39.85 5.45 2.2
      vertex -39.85 5.45 2.49
    endloop
  endfacet
  facet normal -0.999235 0.0391091 0
    outer loop
      vertex -39.85 15.9953 0.700001
      vertex -39.7529 18.4762 2.5
      vertex -39.7529 18.4762 0.700001
    endloop
  endfacet
  facet normal -0.999235 0.0391091 0
    outer loop
      vertex -39.7529 18.4762 2.5
      vertex -39.85 15.9953 0.700001
      vertex -39.85 15.9953 2.5
    endloop
  endfacet
  facet normal 0.194985 0.00763898 -0.980777
    outer loop
      vertex 39.4179 15.987 0.0532846
      vertex 39.0545 18.4215 0
      vertex 39.3217 18.4425 0.0532846
    endloop
  endfacet
  facet normal 0.555107 0.0217476 -0.831495
    outer loop
      vertex 39.4179 15.987 0.0532846
      vertex 39.3217 18.4425 0.0532846
      vertex 39.5483 18.4602 0.205026
    endloop
  endfacet
  facet normal 0.551789 0.0650039 -0.831446
    outer loop
      vertex 39.5483 18.4602 0.205026
      vertex 39.0354 20.8731 0.0532846
      vertex 39.2599 20.9083 0.205026
    endloop
  endfacet
  facet normal 0.782393 0.591437 -0.195101
    outer loop
      vertex 33.8018 34.8159 0.700001
      vertex 32.2062 36.8383 0.432122
      vertex 32.2476 36.8719 0.700001
    endloop
  endfacet
  facet normal 0.103425 0.824927 -0.555697
    outer loop
      vertex 6.89262 50.7848 0.205026
      vertex 4.14885 51.1288 0.205026
      vertex 4.16304 51.28 0.432122
    endloop
  endfacet
  facet normal -0.823395 0.532812 -0.195277
    outer loop
      vertex -35.1455 32.6414 0.432122
      vertex -35.1913 32.6688 0.700001
      vertex -33.7582 34.7853 0.432122
    endloop
  endfacet
  facet normal 0 -0.831454 -0.555594
    outer loop
      vertex -39.645 2.45503 0.205026
      vertex 39.7967 2.30328 0.432122
      vertex -39.7967 2.30328 0.432122
    endloop
  endfacet
  facet normal 0 -0.831454 -0.555594
    outer loop
      vertex 39.7967 2.30328 0.432122
      vertex -39.645 2.45503 0.205026
      vertex 39.645 2.45503 0.205026
    endloop
  endfacet
  facet normal 0.302932 0.932842 -0.195032
    outer loop
      vertex 14.9367 48.9376 0.700001
      vertex 12.3072 49.7355 0.432122
      vertex 12.322 49.7867 0.700001
    endloop
  endfacet
  facet normal 0.4776 0.856625 -0.195169
    outer loop
      vertex 22.2671 45.4014 0.432122
      vertex 19.9112 46.7149 0.432122
      vertex 22.2946 45.4471 0.700001
    endloop
  endfacet
  facet normal 0.182759 0.963568 -0.195285
    outer loop
      vertex 9.63512 50.4191 0.432122
      vertex 6.91618 50.9348 0.432122
      vertex 9.64667 50.4712 0.700001
    endloop
  endfacet
  facet normal 0.0949806 0.170365 -0.980793
    outer loop
      vertex 21.9333 44.847 0
      vertex 19.7374 46.378 0.0532846
      vertex 22.0717 45.0766 0.0532846
    endloop
  endfacet
  facet normal 0.127332 0.147787 -0.980788
    outer loop
      vertex 28.2003 40.1555 0
      vertex 26.4047 42.0562 0.0532846
      vertex 28.3822 40.3524 0.0532846
    endloop
  endfacet
  facet normal 0.103526 0.545831 -0.831475
    outer loop
      vertex 9.55286 50.0491 0.0532846
      vertex 6.85709 50.5604 0.0532846
      vertex 9.60216 50.2709 0.205026
    endloop
  endfacet
  facet normal -0.962166 0.190143 -0.195145
    outer loop
      vertex -38.9284 23.3685 0.432122
      vertex -39.4099 20.932 0.432122
      vertex -38.9803 23.3808 0.700001
    endloop
  endfacet
  facet normal 0.981026 0.193874 0
    outer loop
      vertex 39.4626 20.9403 2.5
      vertex 38.9803 23.3808 0.700001
      vertex 38.9803 23.3808 2.5
    endloop
  endfacet
  facet normal 0.981026 0.193874 0
    outer loop
      vertex 38.9803 23.3808 0.700001
      vertex 39.4626 20.9403 2.5
      vertex 39.4626 20.9403 0.700001
    endloop
  endfacet
  facet normal -0.122056 0.973202 -0.194886
    outer loop
      vertex -6.91618 50.9348 0.432122
      vertex -6.9245 50.9874 0.700001
      vertex -4.16809 51.3331 0.700001
    endloop
  endfacet
  facet normal 0.0483481 0.189001 -0.980786
    outer loop
      vertex 12.127 49.1141 0
      vertex 9.49457 49.7875 0
      vertex 9.55286 50.0491 0.0532846
    endloop
  endfacet
  facet normal -0.535137 0.149545 -0.831423
    outer loop
      vertex -38.5597 23.2805 0.0532846
      vertex -38.7807 23.3333 0.205026
      vertex -37.8967 25.653 0.0532846
    endloop
  endfacet
  facet normal 0.0121525 0.194726 -0.980782
    outer loop
      vertex 4.10258 50.6358 0
      vertex 1.37828 51.0742 0.0532846
      vertex 4.12791 50.9026 0.0532846
    endloop
  endfacet
  facet normal -0.521941 0.190084 -0.831532
    outer loop
      vertex -37.0496 27.979 0.0532846
      vertex -37.8967 25.653 0.0532846
      vertex -37.2601 28.0648 0.205026
    endloop
  endfacet
  facet normal -0.757398 0.342988 -0.555614
    outer loop
      vertex -37.2601 28.0648 0.205026
      vertex -37.4007 28.1222 0.432122
      vertex -36.2257 30.349 0.205026
    endloop
  endfacet
  facet normal 0.36919 0.929354 -0
    outer loop
      vertex 17.4789 47.9277 0.700001
      vertex 14.9367 48.9376 2.5
      vertex 17.4789 47.9277 2.5
    endloop
  endfacet
  facet normal 0.36919 0.929354 0
    outer loop
      vertex 14.9367 48.9376 2.5
      vertex 17.4789 47.9277 0.700001
      vertex 14.9367 48.9376 0.700001
    endloop
  endfacet
  facet normal -0.555107 0.0217476 -0.831495
    outer loop
      vertex -39.4179 15.987 0.0532846
      vertex -39.5483 18.4602 0.205026
      vertex -39.3217 18.4425 0.0532846
    endloop
  endfacet
  facet normal -0.106131 0.163717 -0.980782
    outer loop
      vertex -24.1443 43.4138 0
      vertex -24.2975 43.6337 0.0532846
      vertex -22.0717 45.0766 0.0532846
    endloop
  endfacet
  facet normal 0.17774 0.0804892 -0.98078
    outer loop
      vertex 36.8014 27.8778 0
      vertex 35.7824 30.128 0
      vertex 37.0496 27.979 0.0532846
    endloop
  endfacet
  facet normal -0.487605 0.266557 -0.831378
    outer loop
      vertex -34.8198 32.4475 0.0532846
      vertex -36.2257 30.349 0.205026
      vertex -35.015 32.5637 0.205026
    endloop
  endfacet
  facet normal -0.78241 0.591476 -0.19491
    outer loop
      vertex -33.7582 34.7853 0.432122
      vertex -33.8018 34.8159 0.700001
      vertex -32.2062 36.8383 0.432122
    endloop
  endfacet
  facet normal 0.0363534 0.191669 -0.980786
    outer loop
      vertex 9.55286 50.0491 0.0532846
      vertex 6.81564 50.2956 0
      vertex 6.85709 50.5604 0.0532846
    endloop
  endfacet
  facet normal -0.690363 0.696692 -0.194985
    outer loop
      vertex -28.6396 40.6307 0.432122
      vertex -30.5361 38.8264 0.700001
      vertex -28.6757 40.6699 0.700001
    endloop
  endfacet
  facet normal -0.487472 0.26646 -0.831486
    outer loop
      vertex -36.0223 30.2476 0.0532846
      vertex -36.2257 30.349 0.205026
      vertex -34.8198 32.4475 0.0532846
    endloop
  endfacet
  facet normal 0.980028 0.0383573 -0.195125
    outer loop
      vertex 39.7967 15.9944 0.432122
      vertex 39.7529 18.4762 0.700001
      vertex 39.85 15.9953 0.700001
    endloop
  endfacet
  facet normal 0.545085 0.107708 -0.831433
    outer loop
      vertex 39.0354 20.8731 0.0532846
      vertex 38.5597 23.2805 0.0532846
      vertex 39.2599 20.9083 0.205026
    endloop
  endfacet
  facet normal 0 -0.980788 -0.195075
    outer loop
      vertex -39.7967 2.30328 0.432122
      vertex 39.85 2.25 0.700001
      vertex -39.85 2.25 0.700001
    endloop
  endfacet
  facet normal 0 -0.980788 -0.195075
    outer loop
      vertex 39.85 2.25 0.700001
      vertex -39.7967 2.30328 0.432122
      vertex 39.7967 2.30328 0.432122
    endloop
  endfacet
  facet normal 0.974032 0.114752 -0.195177
    outer loop
      vertex 39.7529 18.4762 0.700001
      vertex 39.4099 20.932 0.432122
      vertex 39.4626 20.9403 0.700001
    endloop
  endfacet
  facet normal 0.195076 0 -0.980788
    outer loop
      vertex 39.15 2.95 0
      vertex 39.4179 15.987 0.0532846
      vertex 39.4179 2.68213 0.0532846
    endloop
  endfacet
  facet normal 0.195076 0 -0.980788
    outer loop
      vertex 39.4179 15.987 0.0532846
      vertex 39.15 2.95 0
      vertex 39.15 15.9816 0
    endloop
  endfacet
  facet normal 0.194923 0.00762945 -0.980789
    outer loop
      vertex 39.15 15.9816 0
      vertex 39.0545 18.4215 0
      vertex 39.4179 15.987 0.0532846
    endloop
  endfacet
  facet normal 0.187883 0.0525093 -0.980787
    outer loop
      vertex 38.2989 23.2184 0
      vertex 37.6414 25.571 0
      vertex 38.5597 23.2805 0.0532846
    endloop
  endfacet
  facet normal 0.54512 0.10772 -0.831409
    outer loop
      vertex 39.2599 20.9083 0.205026
      vertex 38.5597 23.2805 0.0532846
      vertex 38.7807 23.3333 0.205026
    endloop
  endfacet
  facet normal -0.555136 0.0217449 -0.831475
    outer loop
      vertex -39.4179 15.987 0.0532846
      vertex -39.645 15.9915 0.205026
      vertex -39.5483 18.4602 0.205026
    endloop
  endfacet
  facet normal 0.171192 0.0935762 -0.980784
    outer loop
      vertex 35.7824 30.128 0
      vertex 34.8198 32.4475 0.0532846
      vertex 36.0223 30.2476 0.0532846
    endloop
  endfacet
  facet normal 0.19139 0.0378184 -0.980785
    outer loop
      vertex 38.7706 20.8313 0
      vertex 38.5597 23.2805 0.0532846
      vertex 39.0354 20.8731 0.0532846
    endloop
  endfacet
  facet normal -0.193791 0.0228306 -0.980777
    outer loop
      vertex -39.0545 18.4215 0
      vertex -39.3217 18.4425 0.0532846
      vertex -38.7706 20.8313 0
    endloop
  endfacet
  facet normal -0.193756 0.0228225 -0.980784
    outer loop
      vertex -38.7706 20.8313 0
      vertex -39.3217 18.4425 0.0532846
      vertex -39.0354 20.8731 0.0532846
    endloop
  endfacet
  facet normal 0.781274 0.284483 -0.55559
    outer loop
      vertex 38.113 25.7225 0.205026
      vertex 37.4007 28.1222 0.432122
      vertex 38.2576 25.7689 0.432122
    endloop
  endfacet
  facet normal -0.752326 0.658791 0
    outer loop
      vertex -32.2476 36.8719 0.700001
      vertex -30.5361 38.8264 2.5
      vertex -30.5361 38.8264 0.700001
    endloop
  endfacet
  facet normal -0.752326 0.658791 0
    outer loop
      vertex -30.5361 38.8264 2.5
      vertex -32.2476 36.8719 0.700001
      vertex -32.2476 36.8719 2.5
    endloop
  endfacet
  facet normal 0.256838 0.790874 -0.555474
    outer loop
      vertex 14.8673 48.7446 0.205026
      vertex 12.2647 49.5898 0.205026
      vertex 12.3072 49.7355 0.432122
    endloop
  endfacet
  facet normal 0.072006 0.181268 -0.980794
    outer loop
      vertex 17.3065 47.5313 0.0532846
      vertex 14.6992 48.2787 0
      vertex 14.7901 48.5309 0.0532846
    endloop
  endfacet
  facet normal -0.830825 0.0325274 -0.555583
    outer loop
      vertex -39.5483 18.4602 0.205026
      vertex -39.7967 15.9944 0.432122
      vertex -39.6997 18.472 0.432122
    endloop
  endfacet
  facet normal -0.993132 0.117003 0
    outer loop
      vertex -39.7529 18.4762 0.700001
      vertex -39.4626 20.9403 2.5
      vertex -39.4626 20.9403 0.700001
    endloop
  endfacet
  facet normal -0.993132 0.117003 0
    outer loop
      vertex -39.4626 20.9403 2.5
      vertex -39.7529 18.4762 0.700001
      vertex -39.7529 18.4762 2.5
    endloop
  endfacet
  facet normal 0.522154 0.190131 -0.831388
    outer loop
      vertex 37.8967 25.653 0.0532846
      vertex 37.2601 28.0648 0.205026
      vertex 38.113 25.7225 0.205026
    endloop
  endfacet
  facet normal 0.93963 0.342191 0
    outer loop
      vertex 38.3084 25.7852 2.5
      vertex 37.45 28.1423 0.700001
      vertex 37.45 28.1423 2.5
    endloop
  endfacet
  facet normal 0.93963 0.342191 0
    outer loop
      vertex 37.45 28.1423 0.700001
      vertex 38.3084 25.7852 2.5
      vertex 38.3084 25.7852 0.700001
    endloop
  endfacet
  facet normal -0.797722 0.603025 0
    outer loop
      vertex -33.8018 34.8159 0.700001
      vertex -32.2476 36.8719 2.5
      vertex -32.2476 36.8719 0.700001
    endloop
  endfacet
  facet normal -0.797722 0.603025 0
    outer loop
      vertex -32.2476 36.8719 2.5
      vertex -33.8018 34.8159 0.700001
      vertex -33.8018 34.8159 2.5
    endloop
  endfacet
  facet normal -0.737872 0.646133 -0.195081
    outer loop
      vertex -32.2062 36.8383 0.432122
      vertex -32.2476 36.8719 0.700001
      vertex -30.5361 38.8264 0.700001
    endloop
  endfacet
  facet normal -0.17774 0.0804892 -0.98078
    outer loop
      vertex -36.8014 27.8778 0
      vertex -37.0496 27.979 0.0532846
      vertex -35.7824 30.128 0
    endloop
  endfacet
  facet normal 0.0242716 0.193575 -0.980785
    outer loop
      vertex 6.85709 50.5604 0.0532846
      vertex 4.10258 50.6358 0
      vertex 4.12791 50.9026 0.0532846
    endloop
  endfacet
  facet normal 0.0121477 0.194696 -0.980788
    outer loop
      vertex 4.10258 50.6358 0
      vertex 1.3699 50.8063 0
      vertex 1.37828 51.0742 0.0532846
    endloop
  endfacet
  facet normal -0.072006 0.181268 -0.980794
    outer loop
      vertex -14.6992 48.2787 0
      vertex -17.3065 47.5313 0.0532846
      vertex -14.7901 48.5309 0.0532846
    endloop
  endfacet
  facet normal -0.191382 0.0378178 -0.980787
    outer loop
      vertex -38.2989 23.2184 0
      vertex -38.7706 20.8313 0
      vertex -38.5597 23.2805 0.0532846
    endloop
  endfacet
  facet normal -0.19139 0.0378184 -0.980785
    outer loop
      vertex -38.7706 20.8313 0
      vertex -39.0354 20.8731 0.0532846
      vertex -38.5597 23.2805 0.0532846
    endloop
  endfacet
  facet normal -0.944578 0.263958 -0.195189
    outer loop
      vertex -38.2576 25.7689 0.432122
      vertex -38.9803 23.3808 0.700001
      vertex -38.3084 25.7852 0.700001
    endloop
  endfacet
  facet normal -0.800816 0.223791 -0.555527
    outer loop
      vertex -38.7807 23.3333 0.205026
      vertex -38.9284 23.3685 0.432122
      vertex -38.2576 25.7689 0.432122
    endloop
  endfacet
  facet normal -0.921558 0.33561 -0.195184
    outer loop
      vertex -38.2576 25.7689 0.432122
      vertex -38.3084 25.7852 0.700001
      vertex -37.45 28.1423 0.700001
    endloop
  endfacet
  facet normal 0.980007 0.0383681 -0.195228
    outer loop
      vertex 39.7967 15.9944 0.432122
      vertex 39.6997 18.472 0.432122
      vertex 39.7529 18.4762 0.700001
    endloop
  endfacet
  facet normal -0.831538 0 -0.555467
    outer loop
      vertex -39.645 2.45503 0.205026
      vertex -39.7967 15.9944 0.432122
      vertex -39.645 15.9915 0.205026
    endloop
  endfacet
  facet normal -0.831538 -0 -0.555467
    outer loop
      vertex -39.7967 15.9944 0.432122
      vertex -39.645 2.45503 0.205026
      vertex -39.7967 2.30328 0.432122
    endloop
  endfacet
  facet normal -0.146741 0.128492 -0.980794
    outer loop
      vertex -31.7043 36.4297 0
      vertex -31.9122 36.599 0.0532846
      vertex -30.0257 38.3467 0
    endloop
  endfacet
  facet normal -0.302932 0.932842 -0.195032
    outer loop
      vertex -12.3072 49.7355 0.432122
      vertex -14.9367 48.9376 0.700001
      vertex -12.322 49.7867 0.700001
    endloop
  endfacet
  facet normal -0.171192 0.0935762 -0.980784
    outer loop
      vertex -35.7824 30.128 0
      vertex -36.0223 30.2476 0.0532846
      vertex -34.8198 32.4475 0.0532846
    endloop
  endfacet
  facet normal -0.781265 0.284482 -0.555603
    outer loop
      vertex -37.2601 28.0648 0.205026
      vertex -38.113 25.7225 0.205026
      vertex -37.4007 28.1222 0.432122
    endloop
  endfacet
  facet normal -0.6633 0.501433 -0.555516
    outer loop
      vertex -33.6337 34.6984 0.205026
      vertex -33.7582 34.7853 0.432122
      vertex -32.2062 36.8383 0.432122
    endloop
  endfacet
  facet normal 0.106092 0.163668 -0.980794
    outer loop
      vertex 24.1443 43.4138 0
      vertex 21.9333 44.847 0
      vertex 22.0717 45.0766 0.0532846
    endloop
  endfacet
  facet normal 0.0949994 0.170392 -0.980786
    outer loop
      vertex 21.9333 44.847 0
      vertex 19.6147 46.1397 0
      vertex 19.7374 46.378 0.0532846
    endloop
  endfacet
  facet normal 0.0602487 0.185506 -0.980794
    outer loop
      vertex 14.6992 48.2787 0
      vertex 12.127 49.1141 0
      vertex 14.7901 48.5309 0.0532846
    endloop
  endfacet
  facet normal -0.39106 0.394644 -0.831462
    outer loop
      vertex -28.3822 40.3524 0.0532846
      vertex -30.3866 38.6859 0.205026
      vertex -28.5365 40.5192 0.205026
    endloop
  endfacet
  facet normal -0.308863 0.951106 0
    outer loop
      vertex -12.322 49.7867 0.700001
      vertex -14.9367 48.9376 2.5
      vertex -12.322 49.7867 2.5
    endloop
  endfacet
  facet normal -0.308863 0.951106 0
    outer loop
      vertex -14.9367 48.9376 2.5
      vertex -12.322 49.7867 0.700001
      vertex -14.9367 48.9376 0.700001
    endloop
  endfacet
  facet normal 1 0 0
    outer loop
      vertex 39.85 3.95 2.49
      vertex 39.85 2.25 2.49
      vertex 39.85 3.95 2.2
    endloop
  endfacet
  facet normal 1 0 0
    outer loop
      vertex 39.85 7.2 2.49
      vertex 39.85 15.9953 2.5
      vertex 39.85 7.2 2.5
    endloop
  endfacet
  facet normal 1 0 0
    outer loop
      vertex 39.85 15.9953 2.5
      vertex 39.85 7.2 2.49
      vertex 39.85 15.9953 0.700001
    endloop
  endfacet
  facet normal 1 0 0
    outer loop
      vertex 39.85 5.45 2.2
      vertex 39.85 7.2 2.49
      vertex 39.85 5.45 2.49
    endloop
  endfacet
  facet normal 1 0 0
    outer loop
      vertex 39.85 2.25 0.700001
      vertex 39.85 7.2 2.49
      vertex 39.85 5.45 2.2
    endloop
  endfacet
  facet normal 1 0 0
    outer loop
      vertex 39.85 2.25 0.700001
      vertex 39.85 5.45 2.2
      vertex 39.85 3.95 2.2
    endloop
  endfacet
  facet normal 1 0 0
    outer loop
      vertex 39.85 7.2 2.49
      vertex 39.85 2.25 0.700001
      vertex 39.85 15.9953 0.700001
    endloop
  endfacet
  facet normal 1 0 0
    outer loop
      vertex 39.85 2.25 0.700001
      vertex 39.85 3.95 2.2
      vertex 39.85 2.25 2.49
    endloop
  endfacet
  facet normal 0.0835885 0.1762 -0.980799
    outer loop
      vertex 19.6147 46.1397 0
      vertex 17.1992 47.2856 0
      vertex 17.3065 47.5313 0.0532846
    endloop
  endfacet
  facet normal 0.183268 0.0667438 -0.980795
    outer loop
      vertex 37.6414 25.571 0
      vertex 37.0496 27.979 0.0532846
      vertex 37.8967 25.653 0.0532846
    endloop
  endfacet
  facet normal -0.506068 0.229165 -0.831491
    outer loop
      vertex -36.0223 30.2476 0.0532846
      vertex -37.0496 27.979 0.0532846
      vertex -36.2257 30.349 0.205026
    endloop
  endfacet
  facet normal 0.974021 0.114744 -0.195237
    outer loop
      vertex 39.6997 18.472 0.432122
      vertex 39.4099 20.932 0.432122
      vertex 39.7529 18.4762 0.700001
    endloop
  endfacet
  facet normal 0.830825 0.0325274 -0.555583
    outer loop
      vertex 39.7967 15.9944 0.432122
      vertex 39.5483 18.4602 0.205026
      vertex 39.6997 18.472 0.432122
    endloop
  endfacet
  facet normal 0.781265 0.284482 -0.555603
    outer loop
      vertex 38.113 25.7225 0.205026
      vertex 37.2601 28.0648 0.205026
      vertex 37.4007 28.1222 0.432122
    endloop
  endfacet
  facet normal 0.535187 0.149567 -0.831387
    outer loop
      vertex 38.7807 23.3333 0.205026
      vertex 37.8967 25.653 0.0532846
      vertex 38.113 25.7225 0.205026
    endloop
  endfacet
  facet normal 0.551726 0.0649877 -0.83149
    outer loop
      vertex 39.3217 18.4425 0.0532846
      vertex 39.0354 20.8731 0.0532846
      vertex 39.5483 18.4602 0.205026
    endloop
  endfacet
  facet normal 0.555565 0 -0.831473
    outer loop
      vertex 39.4179 2.68213 0.0532846
      vertex 39.645 15.9915 0.205026
      vertex 39.645 2.45503 0.205026
    endloop
  endfacet
  facet normal 0.555565 0 -0.831473
    outer loop
      vertex 39.645 15.9915 0.205026
      vertex 39.4179 2.68213 0.0532846
      vertex 39.4179 15.987 0.0532846
    endloop
  endfacet
  facet normal 0.0622626 0.99806 -0
    outer loop
      vertex 4.16809 51.3331 0.700001
      vertex 1.39172 51.5063 2.5
      vertex 4.16809 51.3331 2.5
    endloop
  endfacet
  facet normal 0.0622626 0.99806 0
    outer loop
      vertex 1.39172 51.5063 2.5
      vertex 4.16809 51.3331 0.700001
      vertex 1.39172 51.5063 0.700001
    endloop
  endfacet
  facet normal -0.20511 0.516337 -0.83146
    outer loop
      vertex -17.3065 47.5313 0.0532846
      vertex -17.397 47.7397 0.205026
      vertex -14.8673 48.7446 0.205026
    endloop
  endfacet
  facet normal 0.0610657 0.978874 -0.195132
    outer loop
      vertex 4.16809 51.3331 0.700001
      vertex 1.39012 51.453 0.432122
      vertex 1.39172 51.5063 0.700001
    endloop
  endfacet
  facet normal -0.124442 0.992227 0
    outer loop
      vertex -4.16809 51.3331 0.700001
      vertex -6.9245 50.9874 2.5
      vertex -4.16809 51.3331 2.5
    endloop
  endfacet
  facet normal -0.124442 0.992227 0
    outer loop
      vertex -6.9245 50.9874 2.5
      vertex -4.16809 51.3331 0.700001
      vertex -6.9245 50.9874 0.700001
    endloop
  endfacet
  facet normal -0.137309 0.138569 -0.980788
    outer loop
      vertex -28.2003 40.1555 0
      vertex -30.0257 38.3467 0
      vertex -28.3822 40.3524 0.0532846
    endloop
  endfacet
  facet normal -0.0346033 0.554465 -0.831487
    outer loop
      vertex -1.37828 51.0742 0.0532846
      vertex -4.12791 50.9026 0.0532846
      vertex -1.38556 51.3013 0.205026
    endloop
  endfacet
  facet normal -0.0121477 0.194696 -0.980788
    outer loop
      vertex -1.3699 50.8063 0
      vertex -4.10258 50.6358 0
      vertex -1.37828 51.0742 0.0532846
    endloop
  endfacet
  facet normal 0.124442 0.992227 -0
    outer loop
      vertex 6.9245 50.9874 0.700001
      vertex 4.16809 51.3331 2.5
      vertex 6.9245 50.9874 2.5
    endloop
  endfacet
  facet normal 0.124442 0.992227 0
    outer loop
      vertex 4.16809 51.3331 2.5
      vertex 6.9245 50.9874 0.700001
      vertex 4.16809 51.3331 0.700001
    endloop
  endfacet
  facet normal 0.999235 0.0391091 0
    outer loop
      vertex 39.85 15.9953 2.5
      vertex 39.7529 18.4762 0.700001
      vertex 39.7529 18.4762 2.5
    endloop
  endfacet
  facet normal 0.999235 0.0391091 0
    outer loop
      vertex 39.7529 18.4762 0.700001
      vertex 39.85 15.9953 2.5
      vertex 39.85 15.9953 0.700001
    endloop
  endfacet
  facet normal 0.663202 0.501385 -0.555676
    outer loop
      vertex 33.6337 34.6984 0.205026
      vertex 32.0885 36.7423 0.205026
      vertex 32.2062 36.8383 0.432122
    endloop
  endfacet
  facet normal 0.418049 0.366061 -0.831405
    outer loop
      vertex 31.9122 36.599 0.0532846
      vertex 30.3866 38.6859 0.205026
      vertex 32.0885 36.7423 0.205026
    endloop
  endfacet
  facet normal 0.146769 0.128523 -0.980786
    outer loop
      vertex 31.9122 36.599 0.0532846
      vertex 30.0257 38.3467 0
      vertex 30.221 38.5303 0.0532846
    endloop
  endfacet
  facet normal 0.486941 0.873435 -0
    outer loop
      vertex 22.2946 45.4471 0.700001
      vertex 19.9355 46.7623 2.5
      vertex 22.2946 45.4471 2.5
    endloop
  endfacet
  facet normal 0.486941 0.873435 0
    outer loop
      vertex 19.9355 46.7623 2.5
      vertex 22.2946 45.4471 0.700001
      vertex 19.9355 46.7623 0.700001
    endloop
  endfacet
  facet normal 0.825759 0.0972785 -0.55557
    outer loop
      vertex 39.5483 18.4602 0.205026
      vertex 39.4099 20.932 0.432122
      vertex 39.6997 18.472 0.432122
    endloop
  endfacet
  facet normal -0.256838 0.790874 -0.555474
    outer loop
      vertex -12.2647 49.5898 0.205026
      vertex -14.8673 48.7446 0.205026
      vertex -12.3072 49.7355 0.432122
    endloop
  endfacet
  facet normal 0.543941 0.839124 -0
    outer loop
      vertex 24.5449 43.9884 0.700001
      vertex 22.2946 45.4471 2.5
      vertex 24.5449 43.9884 2.5
    endloop
  endfacet
  facet normal 0.543941 0.839124 0
    outer loop
      vertex 22.2946 45.4471 2.5
      vertex 24.5449 43.9884 0.700001
      vertex 22.2946 45.4471 0.700001
    endloop
  endfacet
  facet normal 0.155594 0.117621 -0.980793
    outer loop
      vertex 33.4476 34.5679 0.0532846
      vertex 31.7043 36.4297 0
      vertex 31.9122 36.599 0.0532846
    endloop
  endfacet
  facet normal 0.860562 0.470435 -0.195251
    outer loop
      vertex 36.3616 30.4168 0.432122
      vertex 35.1455 32.6414 0.432122
      vertex 35.1913 32.6688 0.700001
    endloop
  endfacet
  facet normal 0.757398 0.342988 -0.555614
    outer loop
      vertex 37.2601 28.0648 0.205026
      vertex 36.2257 30.349 0.205026
      vertex 37.4007 28.1222 0.432122
    endloop
  endfacet
  facet normal -0.921645 0.335596 -0.194799
    outer loop
      vertex -37.4007 28.1222 0.432122
      vertex -38.2576 25.7689 0.432122
      vertex -37.45 28.1423 0.700001
    endloop
  endfacet
  facet normal -0.91096 0.412495 0
    outer loop
      vertex -37.45 28.1423 0.700001
      vertex -36.4093 30.4406 2.5
      vertex -36.4093 30.4406 0.700001
    endloop
  endfacet
  facet normal -0.91096 0.412495 0
    outer loop
      vertex -36.4093 30.4406 2.5
      vertex -37.45 28.1423 0.700001
      vertex -37.45 28.1423 2.5
    endloop
  endfacet
  facet normal -0.825756 0.0972787 -0.555575
    outer loop
      vertex -39.2599 20.9083 0.205026
      vertex -39.5483 18.4602 0.205026
      vertex -39.4099 20.932 0.432122
    endloop
  endfacet
  facet normal -0.944588 0.263968 -0.195129
    outer loop
      vertex -38.9284 23.3685 0.432122
      vertex -38.9803 23.3808 0.700001
      vertex -38.2576 25.7689 0.432122
    endloop
  endfacet
  facet normal -0.703873 0.710326 0
    outer loop
      vertex -28.6757 40.6699 0.700001
      vertex -30.5361 38.8264 2.5
      vertex -28.6757 40.6699 2.5
    endloop
  endfacet
  facet normal -0.703873 0.710326 0
    outer loop
      vertex -30.5361 38.8264 2.5
      vertex -28.6757 40.6699 0.700001
      vertex -30.5361 38.8264 0.700001
    endloop
  endfacet
  facet normal -0.555565 -0 -0.831473
    outer loop
      vertex -39.645 15.9915 0.205026
      vertex -39.4179 2.68213 0.0532846
      vertex -39.645 2.45503 0.205026
    endloop
  endfacet
  facet normal -0.555565 0 -0.831473
    outer loop
      vertex -39.4179 2.68213 0.0532846
      vertex -39.645 15.9915 0.205026
      vertex -39.4179 15.987 0.0532846
    endloop
  endfacet
  facet normal -0.163769 0.105978 -0.98079
    outer loop
      vertex -34.5896 32.3101 0
      vertex -34.8198 32.4475 0.0532846
      vertex -33.228 34.4142 0
    endloop
  endfacet
  facet normal -0.171175 0.0935692 -0.980787
    outer loop
      vertex -34.5896 32.3101 0
      vertex -35.7824 30.128 0
      vertex -34.8198 32.4475 0.0532846
    endloop
  endfacet
  facet normal -0.823436 0.532888 -0.194895
    outer loop
      vertex -33.7582 34.7853 0.432122
      vertex -35.1913 32.6688 0.700001
      vertex -33.8018 34.8159 0.700001
    endloop
  endfacet
  facet normal -0.839534 0.543306 0
    outer loop
      vertex -35.1913 32.6688 0.700001
      vertex -33.8018 34.8159 2.5
      vertex -33.8018 34.8159 0.700001
    endloop
  endfacet
  facet normal -0.839534 0.543306 0
    outer loop
      vertex -33.8018 34.8159 2.5
      vertex -35.1913 32.6688 0.700001
      vertex -35.1913 32.6688 2.5
    endloop
  endfacet
  facet normal -0.443103 0.334989 -0.83153
    outer loop
      vertex -33.4476 34.5679 0.0532846
      vertex -33.6337 34.6984 0.205026
      vertex -32.0885 36.7423 0.205026
    endloop
  endfacet
  facet normal -0.782393 0.591437 -0.195101
    outer loop
      vertex -32.2062 36.8383 0.432122
      vertex -33.8018 34.8159 0.700001
      vertex -32.2476 36.8719 0.700001
    endloop
  endfacet
  facet normal -0.127346 0.147799 -0.980785
    outer loop
      vertex -26.237 41.8471 0
      vertex -28.2003 40.1555 0
      vertex -26.4047 42.0562 0.0532846
    endloop
  endfacet
  facet normal 0.146741 0.128492 -0.980794
    outer loop
      vertex 31.7043 36.4297 0
      vertex 30.0257 38.3467 0
      vertex 31.9122 36.599 0.0532846
    endloop
  endfacet
  facet normal -0.362683 0.420954 -0.83142
    outer loop
      vertex -26.4047 42.0562 0.0532846
      vertex -28.5365 40.5192 0.205026
      vertex -26.547 42.2333 0.205026
    endloop
  endfacet
  facet normal 0.921558 0.33561 -0.195184
    outer loop
      vertex 38.2576 25.7689 0.432122
      vertex 37.45 28.1423 0.700001
      vertex 38.3084 25.7852 0.700001
    endloop
  endfacet
  facet normal -0.585214 0.590577 -0.555646
    outer loop
      vertex -28.5365 40.5192 0.205026
      vertex -30.3866 38.6859 0.205026
      vertex -28.6396 40.6307 0.432122
    endloop
  endfacet
  facet normal 0.703873 0.710326 -0
    outer loop
      vertex 30.5361 38.8264 0.700001
      vertex 28.6757 40.6699 2.5
      vertex 30.5361 38.8264 2.5
    endloop
  endfacet
  facet normal 0.703873 0.710326 0
    outer loop
      vertex 28.6757 40.6699 2.5
      vertex 30.5361 38.8264 0.700001
      vertex 28.6757 40.6699 0.700001
    endloop
  endfacet
  facet normal -0.362114 0.911541 -0.19485
    outer loop
      vertex -17.4576 47.8789 0.432122
      vertex -17.4789 47.9277 0.700001
      vertex -14.9367 48.9376 0.700001
    endloop
  endfacet
  facet normal -0.0483481 0.189001 -0.980786
    outer loop
      vertex -9.49457 49.7875 0
      vertex -12.127 49.1141 0
      vertex -9.55286 50.0491 0.0532846
    endloop
  endfacet
  facet normal -0.587799 0.78512 -0.195139
    outer loop
      vertex -26.6421 42.3517 0.432122
      vertex -26.6756 42.3932 0.700001
      vertex -24.5449 43.9884 0.700001
    endloop
  endfacet
  facet normal 0.308863 0.951106 -0
    outer loop
      vertex 14.9367 48.9376 0.700001
      vertex 12.322 49.7867 2.5
      vertex 14.9367 48.9376 2.5
    endloop
  endfacet
  facet normal 0.308863 0.951106 0
    outer loop
      vertex 12.322 49.7867 2.5
      vertex 14.9367 48.9376 0.700001
      vertex 12.322 49.7867 0.700001
    endloop
  endfacet
  facet normal -0.0610704 0.978863 -0.195185
    outer loop
      vertex -4.16304 51.28 0.432122
      vertex -4.16809 51.3331 0.700001
      vertex -1.39012 51.453 0.432122
    endloop
  endfacet
  facet normal 0.993132 0.117003 0
    outer loop
      vertex 39.7529 18.4762 2.5
      vertex 39.4626 20.9403 0.700001
      vertex 39.4626 20.9403 2.5
    endloop
  endfacet
  facet normal 0.993132 0.117003 0
    outer loop
      vertex 39.4626 20.9403 0.700001
      vertex 39.7529 18.4762 2.5
      vertex 39.7529 18.4762 0.700001
    endloop
  endfacet
  facet normal 0.825756 0.0972787 -0.555575
    outer loop
      vertex 39.5483 18.4602 0.205026
      vertex 39.2599 20.9083 0.205026
      vertex 39.4099 20.932 0.432122
    endloop
  endfacet
  facet normal 0.815683 0.161186 -0.555591
    outer loop
      vertex 39.2599 20.9083 0.205026
      vertex 38.7807 23.3333 0.205026
      vertex 39.4099 20.932 0.432122
    endloop
  endfacet
  facet normal 0.555136 0.0217449 -0.831475
    outer loop
      vertex 39.645 15.9915 0.205026
      vertex 39.4179 15.987 0.0532846
      vertex 39.5483 18.4602 0.205026
    endloop
  endfacet
  facet normal 0.830906 0.0325469 -0.55546
    outer loop
      vertex 39.645 15.9915 0.205026
      vertex 39.5483 18.4602 0.205026
      vertex 39.7967 15.9944 0.432122
    endloop
  endfacet
  facet normal 0.191382 0.0378178 -0.980787
    outer loop
      vertex 38.7706 20.8313 0
      vertex 38.2989 23.2184 0
      vertex 38.5597 23.2805 0.0532846
    endloop
  endfacet
  facet normal 0.506015 0.229149 -0.831528
    outer loop
      vertex 37.0496 27.979 0.0532846
      vertex 36.2257 30.349 0.205026
      vertex 37.2601 28.0648 0.205026
    endloop
  endfacet
  facet normal 0.521941 0.190084 -0.831532
    outer loop
      vertex 37.8967 25.653 0.0532846
      vertex 37.0496 27.979 0.0532846
      vertex 37.2601 28.0648 0.205026
    endloop
  endfacet
  facet normal 0.962166 0.190143 -0.195145
    outer loop
      vertex 39.4099 20.932 0.432122
      vertex 38.9284 23.3685 0.432122
      vertex 38.9803 23.3808 0.700001
    endloop
  endfacet
  facet normal 0.800767 0.223787 -0.5556
    outer loop
      vertex 38.7807 23.3333 0.205026
      vertex 38.113 25.7225 0.205026
      vertex 38.2576 25.7689 0.432122
    endloop
  endfacet
  facet normal 0.193756 0.0228225 -0.980784
    outer loop
      vertex 39.3217 18.4425 0.0532846
      vertex 38.7706 20.8313 0
      vertex 39.0354 20.8731 0.0532846
    endloop
  endfacet
  facet normal 0.193791 0.0228306 -0.980777
    outer loop
      vertex 39.0545 18.4215 0
      vertex 38.7706 20.8313 0
      vertex 39.3217 18.4425 0.0532846
    endloop
  endfacet
  facet normal 0.187845 0.0524936 -0.980795
    outer loop
      vertex 38.5597 23.2805 0.0532846
      vertex 37.6414 25.571 0
      vertex 37.8967 25.653 0.0532846
    endloop
  endfacet
  facet normal 0.535137 0.149545 -0.831423
    outer loop
      vertex 38.5597 23.2805 0.0532846
      vertex 37.8967 25.653 0.0532846
      vertex 38.7807 23.3333 0.205026
    endloop
  endfacet
  facet normal 0.452232 0.697674 -0.555641
    outer loop
      vertex 24.4276 43.8201 0.205026
      vertex 22.2671 45.4014 0.432122
      vertex 24.5144 43.9447 0.432122
    endloop
  endfacet
  facet normal 0.205097 0.516313 -0.831478
    outer loop
      vertex 17.3065 47.5313 0.0532846
      vertex 14.7901 48.5309 0.0532846
      vertex 14.8673 48.7446 0.205026
    endloop
  endfacet
  facet normal 0.206101 0.805614 -0.555436
    outer loop
      vertex 12.2647 49.5898 0.205026
      vertex 9.63512 50.4191 0.432122
      vertex 12.3072 49.7355 0.432122
    endloop
  endfacet
  facet normal 0.186308 0.982491 -0
    outer loop
      vertex 9.64667 50.4712 0.700001
      vertex 6.9245 50.9874 2.5
      vertex 9.64667 50.4712 2.5
    endloop
  endfacet
  facet normal 0.186308 0.982491 0
    outer loop
      vertex 6.9245 50.9874 2.5
      vertex 9.64667 50.4712 0.700001
      vertex 6.9245 50.9874 0.700001
    endloop
  endfacet
  facet normal 0.963102 0.269135 0
    outer loop
      vertex 38.9803 23.3808 2.5
      vertex 38.3084 25.7852 0.700001
      vertex 38.3084 25.7852 2.5
    endloop
  endfacet
  facet normal 0.963102 0.269135 0
    outer loop
      vertex 38.3084 25.7852 0.700001
      vertex 38.9803 23.3808 2.5
      vertex 38.9803 23.3808 0.700001
    endloop
  endfacet
  facet normal 0.15494 0.816897 -0.555584
    outer loop
      vertex 9.60216 50.2709 0.205026
      vertex 6.91618 50.9348 0.432122
      vertex 9.63512 50.4191 0.432122
    endloop
  endfacet
  facet normal 0.0242712 0.193561 -0.980788
    outer loop
      vertex 6.81564 50.2956 0
      vertex 4.10258 50.6358 0
      vertex 6.85709 50.5604 0.0532846
    endloop
  endfacet
  facet normal -0.332859 0.444628 -0.831571
    outer loop
      vertex -24.2975 43.6337 0.0532846
      vertex -26.4047 42.0562 0.0532846
      vertex -24.4276 43.8201 0.205026
    endloop
  endfacet
  facet normal -0.122017 0.973144 -0.195201
    outer loop
      vertex -4.16304 51.28 0.432122
      vertex -6.91618 50.9348 0.432122
      vertex -4.16809 51.3331 0.700001
    endloop
  endfacet
  facet normal 0.0691236 0.551288 -0.831447
    outer loop
      vertex 6.85709 50.5604 0.0532846
      vertex 4.12791 50.9026 0.0532846
      vertex 6.89262 50.7848 0.205026
    endloop
  endfacet
  facet normal 0.0517989 0.82977 -0.555696
    outer loop
      vertex 4.14885 51.1288 0.205026
      vertex 1.38556 51.3013 0.205026
      vertex 4.16304 51.28 0.432122
    endloop
  endfacet
  facet normal -0.106092 0.163668 -0.980794
    outer loop
      vertex -21.9333 44.847 0
      vertex -24.1443 43.4138 0
      vertex -22.0717 45.0766 0.0532846
    endloop
  endfacet
  facet normal 0.466547 0.301922 -0.831371
    outer loop
      vertex 34.8198 32.4475 0.0532846
      vertex 33.4476 34.5679 0.0532846
      vertex 35.015 32.5637 0.205026
    endloop
  endfacet
  facet normal -0.362655 0.420912 -0.831453
    outer loop
      vertex -28.3822 40.3524 0.0532846
      vertex -28.5365 40.5192 0.205026
      vertex -26.4047 42.0562 0.0532846
    endloop
  endfacet
  facet normal 0 0.980774 -0.195145
    outer loop
      vertex 1.39012 51.453 0.432122
      vertex -1.39172 51.5063 0.700001
      vertex 1.39172 51.5063 0.700001
    endloop
  endfacet
  facet normal 0 0.980774 -0.195145
    outer loop
      vertex -1.39172 51.5063 0.700001
      vertex 1.39012 51.453 0.432122
      vertex -1.39012 51.453 0.432122
    endloop
  endfacet
  facet normal -0.302937 0.932813 -0.195163
    outer loop
      vertex -14.9187 48.8874 0.432122
      vertex -14.9367 48.9376 0.700001
      vertex -12.3072 49.7355 0.432122
    endloop
  endfacet
  facet normal 0.417973 0.366011 -0.831465
    outer loop
      vertex 31.9122 36.599 0.0532846
      vertex 30.221 38.5303 0.0532846
      vertex 30.3866 38.6859 0.205026
    endloop
  endfacet
  facet normal 0.752326 0.658791 0
    outer loop
      vertex 32.2476 36.8719 2.5
      vertex 30.5361 38.8264 0.700001
      vertex 30.5361 38.8264 2.5
    endloop
  endfacet
  facet normal 0.752326 0.658791 0
    outer loop
      vertex 30.5361 38.8264 0.700001
      vertex 32.2476 36.8719 2.5
      vertex 32.2476 36.8719 0.700001
    endloop
  endfacet
  facet normal 0.362655 0.420912 -0.831453
    outer loop
      vertex 28.3822 40.3524 0.0532846
      vertex 26.4047 42.0562 0.0532846
      vertex 28.5365 40.5192 0.205026
    endloop
  endfacet
  facet normal 0.690363 0.696692 -0.194985
    outer loop
      vertex 30.5361 38.8264 0.700001
      vertex 28.6396 40.6307 0.432122
      vertex 28.6757 40.6699 0.700001
    endloop
  endfacet
  facet normal 0.625479 0.547696 -0.555702
    outer loop
      vertex 32.0885 36.7423 0.205026
      vertex 30.3866 38.6859 0.205026
      vertex 32.2062 36.8383 0.432122
    endloop
  endfacet
  facet normal 0.585214 0.590577 -0.555646
    outer loop
      vertex 30.3866 38.6859 0.205026
      vertex 28.5365 40.5192 0.205026
      vertex 28.6396 40.6307 0.432122
    endloop
  endfacet
  facet normal 0.333017 0.444792 -0.831421
    outer loop
      vertex 26.4047 42.0562 0.0532846
      vertex 24.4276 43.8201 0.205026
      vertex 26.547 42.2333 0.205026
    endloop
  endfacet
  facet normal 0.302213 0.466231 -0.831442
    outer loop
      vertex 24.4276 43.8201 0.205026
      vertex 22.0717 45.0766 0.0532846
      vertex 22.1888 45.2713 0.205026
    endloop
  endfacet
  facet normal 0.428611 0.903489 -0
    outer loop
      vertex 19.9355 46.7623 0.700001
      vertex 17.4789 47.9277 2.5
      vertex 19.9355 46.7623 2.5
    endloop
  endfacet
  facet normal 0.428611 0.903489 0
    outer loop
      vertex 17.4789 47.9277 2.5
      vertex 19.9355 46.7623 0.700001
      vertex 17.4789 47.9277 0.700001
    endloop
  endfacet
  facet normal 0.893509 0.404593 -0.194798
    outer loop
      vertex 37.4007 28.1222 0.432122
      vertex 36.4093 30.4406 0.700001
      vertex 37.45 28.1423 0.700001
    endloop
  endfacet
  facet normal 0.0602619 0.185567 -0.980782
    outer loop
      vertex 14.7901 48.5309 0.0532846
      vertex 12.127 49.1141 0
      vertex 12.2016 49.3715 0.0532846
    endloop
  endfacet
  facet normal 0.466379 0.30178 -0.831516
    outer loop
      vertex 35.015 32.5637 0.205026
      vertex 33.4476 34.5679 0.0532846
      vertex 33.6337 34.6984 0.205026
    endloop
  endfacet
  facet normal 0.6633 0.501433 -0.555516
    outer loop
      vertex 33.6337 34.6984 0.205026
      vertex 32.2062 36.8383 0.432122
      vertex 33.7582 34.7853 0.432122
    endloop
  endfacet
  facet normal -0.93963 0.342191 0
    outer loop
      vertex -38.3084 25.7852 0.700001
      vertex -37.45 28.1423 2.5
      vertex -37.45 28.1423 0.700001
    endloop
  endfacet
  facet normal -0.93963 0.342191 0
    outer loop
      vertex -37.45 28.1423 2.5
      vertex -38.3084 25.7852 0.700001
      vertex -38.3084 25.7852 2.5
    endloop
  endfacet
  facet normal -0.781274 0.284483 -0.55559
    outer loop
      vertex -38.113 25.7225 0.205026
      vertex -38.2576 25.7689 0.432122
      vertex -37.4007 28.1222 0.432122
    endloop
  endfacet
  facet normal -0.963102 0.269135 0
    outer loop
      vertex -38.9803 23.3808 0.700001
      vertex -38.3084 25.7852 2.5
      vertex -38.3084 25.7852 0.700001
    endloop
  endfacet
  facet normal -0.963102 0.269135 0
    outer loop
      vertex -38.3084 25.7852 2.5
      vertex -38.9803 23.3808 0.700001
      vertex -38.9803 23.3808 2.5
    endloop
  endfacet
  facet normal -0.974032 0.114752 -0.195177
    outer loop
      vertex -39.4099 20.932 0.432122
      vertex -39.7529 18.4762 0.700001
      vertex -39.4626 20.9403 0.700001
    endloop
  endfacet
  facet normal -0.962159 0.190145 -0.195178
    outer loop
      vertex -39.4099 20.932 0.432122
      vertex -39.4626 20.9403 0.700001
      vertex -38.9803 23.3808 0.700001
    endloop
  endfacet
  facet normal -0.146769 0.128523 -0.980786
    outer loop
      vertex -30.0257 38.3467 0
      vertex -31.9122 36.599 0.0532846
      vertex -30.221 38.5303 0.0532846
    endloop
  endfacet
  facet normal -0.155632 0.117657 -0.980783
    outer loop
      vertex -33.228 34.4142 0
      vertex -33.4476 34.5679 0.0532846
      vertex -31.7043 36.4297 0
    endloop
  endfacet
  facet normal -0.542692 0.629882 -0.555639
    outer loop
      vertex -28.5365 40.5192 0.205026
      vertex -28.6396 40.6307 0.432122
      vertex -26.6421 42.3517 0.432122
    endloop
  endfacet
  facet normal -0.663202 0.501385 -0.555676
    outer loop
      vertex -32.0885 36.7423 0.205026
      vertex -33.6337 34.6984 0.205026
      vertex -32.2062 36.8383 0.432122
    endloop
  endfacet
  facet normal -0.163793 0.105997 -0.980784
    outer loop
      vertex -33.228 34.4142 0
      vertex -34.8198 32.4475 0.0532846
      vertex -33.4476 34.5679 0.0532846
    endloop
  endfacet
  facet normal -0.625564 0.547806 -0.555498
    outer loop
      vertex -30.3866 38.6859 0.205026
      vertex -32.2062 36.8383 0.432122
      vertex -30.4971 38.79 0.432122
    endloop
  endfacet
  facet normal -0.486941 0.873435 0
    outer loop
      vertex -19.9355 46.7623 0.700001
      vertex -22.2946 45.4471 2.5
      vertex -19.9355 46.7623 2.5
    endloop
  endfacet
  facet normal -0.486941 0.873435 0
    outer loop
      vertex -22.2946 45.4471 2.5
      vertex -19.9355 46.7623 0.700001
      vertex -22.2946 45.4471 0.700001
    endloop
  endfacet
  facet normal -0.587825 0.785132 -0.19501
    outer loop
      vertex -24.5144 43.9447 0.432122
      vertex -26.6421 42.3517 0.432122
      vertex -24.5449 43.9884 0.700001
    endloop
  endfacet
  facet normal 0.11693 0.156193 -0.980781
    outer loop
      vertex 26.4047 42.0562 0.0532846
      vertex 24.1443 43.4138 0
      vertex 24.2975 43.6337 0.0532846
    endloop
  endfacet
  facet normal -0.362065 0.911498 -0.195142
    outer loop
      vertex -14.9187 48.8874 0.432122
      vertex -17.4576 47.8789 0.432122
      vertex -14.9367 48.9376 0.700001
    endloop
  endfacet
  facet normal 0.39106 0.394644 -0.831462
    outer loop
      vertex 30.3866 38.6859 0.205026
      vertex 28.3822 40.3524 0.0532846
      vertex 28.5365 40.5192 0.205026
    endloop
  endfacet
  facet normal 0.0720034 0.181259 -0.980796
    outer loop
      vertex 17.1992 47.2856 0
      vertex 14.6992 48.2787 0
      vertex 17.3065 47.5313 0.0532846
    endloop
  endfacet
  facet normal -0.36919 0.929354 0
    outer loop
      vertex -14.9367 48.9376 0.700001
      vertex -17.4789 47.9277 2.5
      vertex -14.9367 48.9376 2.5
    endloop
  endfacet
  facet normal -0.36919 0.929354 0
    outer loop
      vertex -17.4789 47.9277 2.5
      vertex -14.9367 48.9376 0.700001
      vertex -17.4789 47.9277 0.700001
    endloop
  endfacet
  facet normal -0.356384 0.751223 -0.555567
    outer loop
      vertex -17.397 47.7397 0.205026
      vertex -19.9112 46.7149 0.432122
      vertex -17.4576 47.8789 0.432122
    endloop
  endfacet
  facet normal -0.243111 0.950187 -0.195042
    outer loop
      vertex -12.3072 49.7355 0.432122
      vertex -12.322 49.7867 0.700001
      vertex -9.64667 50.4712 0.700001
    endloop
  endfacet
  facet normal 0.962159 0.190145 -0.195178
    outer loop
      vertex 39.4099 20.932 0.432122
      vertex 38.9803 23.3808 0.700001
      vertex 39.4626 20.9403 0.700001
    endloop
  endfacet
  facet normal 0.815725 0.161203 -0.555523
    outer loop
      vertex 39.4099 20.932 0.432122
      vertex 38.7807 23.3333 0.205026
      vertex 38.9284 23.3685 0.432122
    endloop
  endfacet
  facet normal 0.443103 0.334989 -0.83153
    outer loop
      vertex 33.4476 34.5679 0.0532846
      vertex 32.0885 36.7423 0.205026
      vertex 33.6337 34.6984 0.205026
    endloop
  endfacet
  facet normal 0.443249 0.335072 -0.831419
    outer loop
      vertex 33.4476 34.5679 0.0532846
      vertex 31.9122 36.599 0.0532846
      vertex 32.0885 36.7423 0.205026
    endloop
  endfacet
  facet normal 0.823436 0.532888 -0.194895
    outer loop
      vertex 35.1913 32.6688 0.700001
      vertex 33.7582 34.7853 0.432122
      vertex 33.8018 34.8159 0.700001
    endloop
  endfacet
  facet normal 0.757386 0.342979 -0.555636
    outer loop
      vertex 37.4007 28.1222 0.432122
      vertex 36.2257 30.349 0.205026
      vertex 36.3616 30.4168 0.432122
    endloop
  endfacet
  facet normal 0.921645 0.335596 -0.194799
    outer loop
      vertex 38.2576 25.7689 0.432122
      vertex 37.4007 28.1222 0.432122
      vertex 37.45 28.1423 0.700001
    endloop
  endfacet
  facet normal 0.944578 0.263958 -0.195189
    outer loop
      vertex 38.9803 23.3808 0.700001
      vertex 38.2576 25.7689 0.432122
      vertex 38.3084 25.7852 0.700001
    endloop
  endfacet
  facet normal 0.238154 0.501976 -0.831446
    outer loop
      vertex 19.7374 46.378 0.0532846
      vertex 17.3065 47.5313 0.0532846
      vertex 17.397 47.7397 0.205026
    endloop
  endfacet
  facet normal 0.256846 0.790888 -0.555451
    outer loop
      vertex 14.8673 48.7446 0.205026
      vertex 12.3072 49.7355 0.432122
      vertex 14.9187 48.8874 0.432122
    endloop
  endfacet
  facet normal 0.362114 0.911541 -0.19485
    outer loop
      vertex 17.4576 47.8789 0.432122
      vertex 14.9367 48.9376 0.700001
      vertex 17.4789 47.9277 0.700001
    endloop
  endfacet
  facet normal 0 0 -1
    outer loop
      vertex 39.0162 14.6965 0
      vertex 39.15 15.9816 0
      vertex 39.15 2.95 0
    endloop
  endfacet
  facet normal 0 0 -1
    outer loop
      vertex 39.0164 15.3013 0
      vertex 39.15 15.9816 0
      vertex 39.0401 15 0
    endloop
  endfacet
  facet normal 0 0 -1
    outer loop
      vertex 39.15 15.9816 0
      vertex 39.0164 14.6987 0
      vertex 39.0401 15 0
    endloop
  endfacet
  facet normal 0 0 -1
    outer loop
      vertex 39.15 15.9816 0
      vertex 39.0162 14.6965 0
      vertex 39.0164 14.6987 0
    endloop
  endfacet
  facet normal 0 0 -1
    outer loop
      vertex 39.15 2.95 0
      vertex 38.9457 14.4026 0
      vertex 39.0162 14.6965 0
    endloop
  endfacet
  facet normal 0 0 -1
    outer loop
      vertex 39.15 2.95 0
      vertex 38.9452 14.4005 0
      vertex 38.9457 14.4026 0
    endloop
  endfacet
  facet normal 0 0 -1
    outer loop
      vertex 39.15 2.95 0
      vertex 38.9443 14.3984 0
      vertex 38.9452 14.4005 0
    endloop
  endfacet
  facet normal 0 0 -1
    outer loop
      vertex 39.15 2.95 0
      vertex 38.8287 14.1192 0
      vertex 38.9443 14.3984 0
    endloop
  endfacet
  facet normal 0 0 -1
    outer loop
      vertex 39.15 2.95 0
      vertex 38.6708 13.8615 0
      vertex 38.8287 14.1192 0
    endloop
  endfacet
  facet normal 0 0 -1
    outer loop
      vertex 39.15 2.95 0
      vertex 38.6696 13.8596 0
      vertex 38.6708 13.8615 0
    endloop
  endfacet
  facet normal 0 0 -1
    outer loop
      vertex 39.15 2.95 0
      vertex 38.6681 13.8579 0
      vertex 38.6696 13.8596 0
    endloop
  endfacet
  facet normal 0 0 -1
    outer loop
      vertex 39.15 2.95 0
      vertex 38.4719 13.6281 0
      vertex 38.6681 13.8579 0
    endloop
  endfacet
  facet normal 0 0 -1
    outer loop
      vertex 39.15 2.95 0
      vertex 38.4702 13.6267 0
      vertex 38.4719 13.6281 0
    endloop
  endfacet
  facet normal 0 0 -1
    outer loop
      vertex 39.15 2.95 0
      vertex 38.2404 13.4304 0
      vertex 38.4702 13.6267 0
    endloop
  endfacet
  facet normal 0 0 -1
    outer loop
      vertex 39.15 2.95 0
      vertex 37.9827 13.2725 0
      vertex 38.2404 13.4304 0
    endloop
  endfacet
  facet normal 0 0 -1
    outer loop
      vertex 39.15 2.95 0
      vertex 37.9808 13.2713 0
      vertex 37.9827 13.2725 0
    endloop
  endfacet
  facet normal 0 0 -1
    outer loop
      vertex 39.15 2.95 0
      vertex 37.7016 13.1557 0
      vertex 37.9808 13.2713 0
    endloop
  endfacet
  facet normal 0 0 -1
    outer loop
      vertex 39.15 2.95 0
      vertex 37.6995 13.1548 0
      vertex 37.7016 13.1557 0
    endloop
  endfacet
  facet normal 0 0 -1
    outer loop
      vertex 39.15 2.95 0
      vertex 37.6974 13.1543 0
      vertex 37.6995 13.1548 0
    endloop
  endfacet
  facet normal 0 0 -1
    outer loop
      vertex 39.15 2.95 0
      vertex 37.4035 13.0838 0
      vertex 37.6974 13.1543 0
    endloop
  endfacet
  facet normal 0 0 -1
    outer loop
      vertex 39.15 2.95 0
      vertex 37.1022 13.0601 0
      vertex 37.4035 13.0838 0
    endloop
  endfacet
  facet normal 0 0 -1
    outer loop
      vertex 39.15 2.95 0
      vertex 37.1 13.0599 0
      vertex 37.1022 13.0601 0
    endloop
  endfacet
  facet normal 0 0 -1
    outer loop
      vertex 39.15 2.95 0
      vertex 37.0978 13.0601 0
      vertex 37.1 13.0599 0
    endloop
  endfacet
  facet normal 0 0 -1
    outer loop
      vertex 39.15 2.95 0
      vertex 36.7965 13.0838 0
      vertex 37.0978 13.0601 0
    endloop
  endfacet
  facet normal 0 0 -1
    outer loop
      vertex 39.15 2.95 0
      vertex 36.7943 13.0843 0
      vertex 36.7965 13.0838 0
    endloop
  endfacet
  facet normal 0 0 -1
    outer loop
      vertex 39.15 2.95 0
      vertex 36.5005 13.1548 0
      vertex 36.7943 13.0843 0
    endloop
  endfacet
  facet normal 0 0 -1
    outer loop
      vertex 39.15 2.95 0
      vertex 36.4984 13.1557 0
      vertex 36.5005 13.1548 0
    endloop
  endfacet
  facet normal 0 0 -1
    outer loop
      vertex 39.15 2.95 0
      vertex 36.2192 13.2713 0
      vertex 36.4984 13.1557 0
    endloop
  endfacet
  facet normal 0 0 -1
    outer loop
      vertex 39.15 2.95 0
      vertex 36.2173 13.2725 0
      vertex 36.2192 13.2713 0
    endloop
  endfacet
  facet normal 0 0 -1
    outer loop
      vertex 39.15 2.95 0
      vertex 35.9596 13.4304 0
      vertex 36.2173 13.2725 0
    endloop
  endfacet
  facet normal 0 0 -1
    outer loop
      vertex 39.15 2.95 0
      vertex 35.7298 13.6267 0
      vertex 35.9596 13.4304 0
    endloop
  endfacet
  facet normal 0 0 -1
    outer loop
      vertex 39.15 2.95 0
      vertex 35.7281 13.6281 0
      vertex 35.7298 13.6267 0
    endloop
  endfacet
  facet normal 0 0 -1
    outer loop
      vertex 39.15 2.95 0
      vertex 35.7267 13.6298 0
      vertex 35.7281 13.6281 0
    endloop
  endfacet
  facet normal 0 0 -1
    outer loop
      vertex 39.15 2.95 0
      vertex 35.5304 13.8596 0
      vertex 35.7267 13.6298 0
    endloop
  endfacet
  facet normal 0 0 -1
    outer loop
      vertex 39.15 2.95 0
      vertex 35.5292 13.8615 0
      vertex 35.5304 13.8596 0
    endloop
  endfacet
  facet normal 0 0 -1
    outer loop
      vertex 39.15 2.95 0
      vertex 35.3713 14.1192 0
      vertex 35.5292 13.8615 0
    endloop
  endfacet
  facet normal 0 0 -1
    outer loop
      vertex -35.3713 14.1192 0
      vertex 35.3713 14.1192 0
      vertex 39.15 2.95 0
    endloop
  endfacet
  facet normal 0 0 -1
    outer loop
      vertex 35.3713 14.1192 0
      vertex -35.3713 14.1192 0
      vertex 35.2557 14.3984 0
    endloop
  endfacet
  facet normal 0 0 1
    outer loop
      vertex 35.1838 14.6965 0
      vertex 35.1599 15 0
      vertex 35.16 14.9978 0
    endloop
  endfacet
  facet normal 0 0 -1
    outer loop
      vertex 35.3713 15.8808 0
      vertex 33.228 34.4142 0
      vertex 34.5896 32.3101 0
    endloop
  endfacet
  facet normal 0 0 -1
    outer loop
      vertex 27.6281 30.0763 0
      vertex 35.1599 15 0
      vertex 35.1838 14.6965 0
    endloop
  endfacet
  facet normal 0 0 -1
    outer loop
      vertex 35.16 15.0022 0
      vertex 30.7287 30.5674 0
      vertex 33.228 34.4142 0
    endloop
  endfacet
  facet normal 0 0 -1
    outer loop
      vertex 30.9399 31.4504 0
      vertex 33.228 34.4142 0
      vertex 30.9401 31.4482 0
    endloop
  endfacet
  facet normal 0 0 -1
    outer loop
      vertex -35.1838 14.6965 0
      vertex 35.1838 14.6965 0
      vertex 35.2543 14.4026 0
    endloop
  endfacet
  facet normal 0 0 -1
    outer loop
      vertex -35.1838 14.6965 0
      vertex 35.2543 14.4026 0
      vertex 35.2548 14.4005 0
    endloop
  endfacet
  facet normal 0 0 -1
    outer loop
      vertex 33.228 34.4142 0
      vertex 30.9399 31.446 0
      vertex 30.9401 31.4482 0
    endloop
  endfacet
  facet normal 0 0 -1
    outer loop
      vertex 33.228 34.4142 0
      vertex 30.9162 31.1447 0
      vertex 30.9399 31.446 0
    endloop
  endfacet
  facet normal 0 0 -1
    outer loop
      vertex 33.228 34.4142 0
      vertex 30.8457 30.8508 0
      vertex 30.9162 31.1447 0
    endloop
  endfacet
  facet normal 0 0 -1
    outer loop
      vertex 33.228 34.4142 0
      vertex 30.8452 30.8487 0
      vertex 30.8457 30.8508 0
    endloop
  endfacet
  facet normal 0 0 -1
    outer loop
      vertex 33.228 34.4142 0
      vertex 30.8443 30.8466 0
      vertex 30.8452 30.8487 0
    endloop
  endfacet
  facet normal 0 0 -1
    outer loop
      vertex 33.228 34.4142 0
      vertex 30.7287 30.5674 0
      vertex 30.8443 30.8466 0
    endloop
  endfacet
  facet normal 0 0 -1
    outer loop
      vertex 35.16 15.0022 0
      vertex 30.7275 30.5655 0
      vertex 30.7287 30.5674 0
    endloop
  endfacet
  facet normal 0 0 -1
    outer loop
      vertex 35.16 15.0022 0
      vertex 30.5696 30.3078 0
      vertex 30.7275 30.5655 0
    endloop
  endfacet
  facet normal 0 0 -1
    outer loop
      vertex 35.16 15.0022 0
      vertex 30.3733 30.078 0
      vertex 30.5696 30.3078 0
    endloop
  endfacet
  facet normal 0 0 -1
    outer loop
      vertex 35.16 15.0022 0
      vertex 30.3719 30.0763 0
      vertex 30.3733 30.078 0
    endloop
  endfacet
  facet normal 0 0 -1
    outer loop
      vertex 35.16 15.0022 0
      vertex 30.1421 29.88 0
      vertex 30.3719 30.0763 0
    endloop
  endfacet
  facet normal 0 0 -1
    outer loop
      vertex 35.16 15.0022 0
      vertex 30.1404 29.8786 0
      vertex 30.1421 29.88 0
    endloop
  endfacet
  facet normal 0 0 -1
    outer loop
      vertex 35.16 15.0022 0
      vertex 30.1385 29.8774 0
      vertex 30.1404 29.8786 0
    endloop
  endfacet
  facet normal 0 0 -1
    outer loop
      vertex 35.16 15.0022 0
      vertex 29.8808 29.7195 0
      vertex 30.1385 29.8774 0
    endloop
  endfacet
  facet normal -0 0 -1
    outer loop
      vertex 35.2557 14.3984 0
      vertex -35.3713 14.1192 0
      vertex 35.2548 14.4005 0
    endloop
  endfacet
  facet normal 0 0 -1
    outer loop
      vertex 35.16 15.0022 0
      vertex 29.6016 29.6039 0
      vertex 29.8808 29.7195 0
    endloop
  endfacet
  facet normal 0 0 -1
    outer loop
      vertex 35.16 15.0022 0
      vertex 29.5995 29.603 0
      vertex 29.6016 29.6039 0
    endloop
  endfacet
  facet normal 0 0 -1
    outer loop
      vertex 35.16 15.0022 0
      vertex 29.5974 29.6025 0
      vertex 29.5995 29.603 0
    endloop
  endfacet
  facet normal 0 0 -1
    outer loop
      vertex 35.16 15.0022 0
      vertex 29.3035 29.5319 0
      vertex 29.5974 29.6025 0
    endloop
  endfacet
  facet normal 0 0 -1
    outer loop
      vertex 35.16 15.0022 0
      vertex 29.3013 29.5318 0
      vertex 29.3035 29.5319 0
    endloop
  endfacet
  facet normal 0 0 -1
    outer loop
      vertex 35.16 15.0022 0
      vertex 29 29.5081 0
      vertex 29.3013 29.5318 0
    endloop
  endfacet
  facet normal 0 0 -1
    outer loop
      vertex 35.16 15.0022 0
      vertex 28.6987 29.5318 0
      vertex 29 29.5081 0
    endloop
  endfacet
  facet normal 0 0 -1
    outer loop
      vertex 35.16 15.0022 0
      vertex 28.6965 29.5319 0
      vertex 28.6987 29.5318 0
    endloop
  endfacet
  facet normal 0 0 -1
    outer loop
      vertex 35.16 15.0022 0
      vertex 28.4026 29.6025 0
      vertex 28.6965 29.5319 0
    endloop
  endfacet
  facet normal 0 0 -1
    outer loop
      vertex 35.16 15.0022 0
      vertex 28.4005 29.603 0
      vertex 28.4026 29.6025 0
    endloop
  endfacet
  facet normal 0 0 -1
    outer loop
      vertex 35.16 15.0022 0
      vertex 28.3984 29.6039 0
      vertex 28.4005 29.603 0
    endloop
  endfacet
  facet normal 0 0 -1
    outer loop
      vertex 35.16 15.0022 0
      vertex 28.1192 29.7195 0
      vertex 28.3984 29.6039 0
    endloop
  endfacet
  facet normal 0 0 -1
    outer loop
      vertex 35.16 15.0022 0
      vertex 27.8615 29.8774 0
      vertex 28.1192 29.7195 0
    endloop
  endfacet
  facet normal 0 0 -1
    outer loop
      vertex 35.16 15.0022 0
      vertex 27.8596 29.8786 0
      vertex 27.8615 29.8774 0
    endloop
  endfacet
  facet normal 0 0 -1
    outer loop
      vertex 35.1599 15 0
      vertex 27.8579 29.88 0
      vertex 27.8596 29.8786 0
    endloop
  endfacet
  facet normal 0 0 -1
    outer loop
      vertex 35.1599 15 0
      vertex 27.6281 30.0763 0
      vertex 27.8579 29.88 0
    endloop
  endfacet
  facet normal 0 -0 -1
    outer loop
      vertex -35.2543 14.4026 0
      vertex 35.2548 14.4005 0
      vertex -35.2548 14.4005 0
    endloop
  endfacet
  facet normal 0 -0 -1
    outer loop
      vertex -35.1838 14.6965 0
      vertex 35.2548 14.4005 0
      vertex -35.2543 14.4026 0
    endloop
  endfacet
  facet normal 0 0 -1
    outer loop
      vertex 35.1838 14.6965 0
      vertex -35.1838 14.6965 0
      vertex 27.6281 30.0763 0
    endloop
  endfacet
  facet normal -0 0 -1
    outer loop
      vertex 27.6281 30.0763 0
      vertex -35.1838 14.6965 0
      vertex 27.6267 30.078 0
    endloop
  endfacet
  facet normal 0 0 -1
    outer loop
      vertex 27.2713 30.5674 0
      vertex 27.1548 30.8487 0
      vertex 27.1557 30.8466 0
    endloop
  endfacet
  facet normal 0 0 -1
    outer loop
      vertex 27.1548 30.8487 0
      vertex 27.0838 31.1447 0
      vertex 27.1543 30.8508 0
    endloop
  endfacet
  facet normal 0 0 -1
    outer loop
      vertex 14.6992 48.2787 0
      vertex 27.0599 31.4482 0
      vertex 27.06 31.446 0
    endloop
  endfacet
  facet normal 0 0 -1
    outer loop
      vertex 14.6992 48.2787 0
      vertex 27.06 31.446 0
      vertex 27.0838 31.1447 0
    endloop
  endfacet
  facet normal 0 0 -1
    outer loop
      vertex 27.0599 31.4482 0
      vertex 24.1443 43.4138 0
      vertex 26.237 41.8471 0
    endloop
  endfacet
  facet normal 0 0 -1
    outer loop
      vertex 27.0599 31.4482 0
      vertex 21.9333 44.847 0
      vertex 24.1443 43.4138 0
    endloop
  endfacet
  facet normal 0 0 -1
    outer loop
      vertex 6.81564 50.2956 0
      vertex 27.0838 31.1447 0
      vertex 27.1548 30.8487 0
    endloop
  endfacet
  facet normal 0 0 -1
    outer loop
      vertex 27.0599 31.4482 0
      vertex 19.6147 46.1397 0
      vertex 21.9333 44.847 0
    endloop
  endfacet
  facet normal 0 0 -1
    outer loop
      vertex -27.1548 30.8487 0
      vertex 27.1548 30.8487 0
      vertex 27.2713 30.5674 0
    endloop
  endfacet
  facet normal -0 0 -1
    outer loop
      vertex 27.6267 30.078 0
      vertex -35.1838 14.6965 0
      vertex 27.4304 30.3078 0
    endloop
  endfacet
  facet normal 0 -0 -1
    outer loop
      vertex -27.1557 30.8466 0
      vertex 27.2713 30.5674 0
      vertex -27.2713 30.5674 0
    endloop
  endfacet
  facet normal 0 0 -1
    outer loop
      vertex 27.0599 31.4482 0
      vertex 17.1992 47.2856 0
      vertex 19.6147 46.1397 0
    endloop
  endfacet
  facet normal 0 0 -1
    outer loop
      vertex 27.0599 31.4482 0
      vertex 14.6992 48.2787 0
      vertex 17.1992 47.2856 0
    endloop
  endfacet
  facet normal 0 0 -1
    outer loop
      vertex 27.0838 31.1447 0
      vertex 12.127 49.1141 0
      vertex 14.6992 48.2787 0
    endloop
  endfacet
  facet normal 0 0 -1
    outer loop
      vertex 27.0838 31.1447 0
      vertex 9.49457 49.7875 0
      vertex 12.127 49.1141 0
    endloop
  endfacet
  facet normal 0 -0 -1
    outer loop
      vertex -27.1548 30.8487 0
      vertex 27.2713 30.5674 0
      vertex -27.1557 30.8466 0
    endloop
  endfacet
  facet normal 0 0 -1
    outer loop
      vertex 27.0838 31.1447 0
      vertex 6.81564 50.2956 0
      vertex 9.49457 49.7875 0
    endloop
  endfacet
  facet normal 0 0 -1
    outer loop
      vertex 27.1548 30.8487 0
      vertex -27.1548 30.8487 0
      vertex 1.3699 50.8063 0
    endloop
  endfacet
  facet normal 0 0 -1
    outer loop
      vertex 27.1548 30.8487 0
      vertex 4.10258 50.6358 0
      vertex 6.81564 50.2956 0
    endloop
  endfacet
  facet normal 0 0 -1
    outer loop
      vertex 27.1548 30.8487 0
      vertex 1.3699 50.8063 0
      vertex 4.10258 50.6358 0
    endloop
  endfacet
  facet normal 0 0 -1
    outer loop
      vertex -1.3699 50.8063 0
      vertex -27.1548 30.8487 0
      vertex -4.10258 50.6358 0
    endloop
  endfacet
  facet normal 0 0 -1
    outer loop
      vertex -4.10258 50.6358 0
      vertex -27.1543 30.8508 0
      vertex -6.81564 50.2956 0
    endloop
  endfacet
  facet normal 0 -0 -1
    outer loop
      vertex -27.0838 31.1447 0
      vertex -6.81564 50.2956 0
      vertex -27.1543 30.8508 0
    endloop
  endfacet
  facet normal 0 0 -1
    outer loop
      vertex -6.81564 50.2956 0
      vertex -27.0838 31.1447 0
      vertex -9.49457 49.7875 0
    endloop
  endfacet
  facet normal 0 0 -1
    outer loop
      vertex -9.49457 49.7875 0
      vertex -27.0838 31.1447 0
      vertex -12.127 49.1141 0
    endloop
  endfacet
  facet normal 0 -0 -1
    outer loop
      vertex -27.0599 31.4482 0
      vertex -14.6992 48.2787 0
      vertex -27.06 31.446 0
    endloop
  endfacet
  facet normal 0 0 -1
    outer loop
      vertex -14.6992 48.2787 0
      vertex -27.0599 31.4482 0
      vertex -17.1992 47.2856 0
    endloop
  endfacet
  facet normal 0 0 -1
    outer loop
      vertex -17.1992 47.2856 0
      vertex -27.0838 31.7517 0
      vertex -19.6147 46.1397 0
    endloop
  endfacet
  facet normal 0 0 -1
    outer loop
      vertex -19.6147 46.1397 0
      vertex -27.0838 31.7517 0
      vertex -21.9333 44.847 0
    endloop
  endfacet
  facet normal 0 0 -1
    outer loop
      vertex -27.0838 31.7517 0
      vertex -17.1992 47.2856 0
      vertex -27.06 31.4504 0
    endloop
  endfacet
  facet normal 0 0 -1
    outer loop
      vertex -27.06 31.4504 0
      vertex -17.1992 47.2856 0
      vertex -27.0599 31.4482 0
    endloop
  endfacet
  facet normal 0 -0 -1
    outer loop
      vertex -27.06 31.446 0
      vertex -14.6992 48.2787 0
      vertex -27.0838 31.1447 0
    endloop
  endfacet
  facet normal 0 0 -1
    outer loop
      vertex -12.127 49.1141 0
      vertex -27.0838 31.1447 0
      vertex -14.6992 48.2787 0
    endloop
  endfacet
  facet normal 0 -0 -1
    outer loop
      vertex -27.1543 30.8508 0
      vertex -4.10258 50.6358 0
      vertex -27.1548 30.8487 0
    endloop
  endfacet
  facet normal -0 0 -1
    outer loop
      vertex 1.3699 50.8063 0
      vertex -27.1548 30.8487 0
      vertex -1.3699 50.8063 0
    endloop
  endfacet
  facet normal -0 0 -1
    outer loop
      vertex 27.2713 30.5674 0
      vertex -27.2725 30.5655 0
      vertex -27.2713 30.5674 0
    endloop
  endfacet
  facet normal 0 0 -1
    outer loop
      vertex 27.2713 30.5674 0
      vertex -27.4304 30.3078 0
      vertex -27.2725 30.5655 0
    endloop
  endfacet
  facet normal -0 0 -1
    outer loop
      vertex 27.2725 30.5655 0
      vertex -27.4304 30.3078 0
      vertex 27.2713 30.5674 0
    endloop
  endfacet
  facet normal 0 0 -1
    outer loop
      vertex -27.4304 30.3078 0
      vertex -35.1838 14.6965 0
      vertex -27.6267 30.078 0
    endloop
  endfacet
  facet normal 0 0 -1
    outer loop
      vertex -27.6267 30.078 0
      vertex -35.1838 14.6965 0
      vertex -27.6281 30.0763 0
    endloop
  endfacet
  facet normal 0 -0 -1
    outer loop
      vertex -35.16 14.9978 0
      vertex -27.6281 30.0763 0
      vertex -35.1838 14.6965 0
    endloop
  endfacet
  facet normal 0 -0 -1
    outer loop
      vertex -35.1599 15 0
      vertex -27.6281 30.0763 0
      vertex -35.16 14.9978 0
    endloop
  endfacet
  facet normal 0 0 -1
    outer loop
      vertex -27.6281 30.0763 0
      vertex -35.1599 15 0
      vertex -27.8579 29.88 0
    endloop
  endfacet
  facet normal 0 0 -1
    outer loop
      vertex -27.8579 29.88 0
      vertex -35.1599 15 0
      vertex -27.8596 29.8786 0
    endloop
  endfacet
  facet normal 0 0 -1
    outer loop
      vertex -35.16 15.0022 0
      vertex -27.8596 29.8786 0
      vertex -35.1599 15 0
    endloop
  endfacet
  facet normal 0 0 -1
    outer loop
      vertex -35.1838 15.3035 0
      vertex -27.8596 29.8786 0
      vertex -35.16 15.0022 0
    endloop
  endfacet
  facet normal 0 0 -1
    outer loop
      vertex -27.8596 29.8786 0
      vertex -35.1838 15.3035 0
      vertex -27.8615 29.8774 0
    endloop
  endfacet
  facet normal 0 0 -1
    outer loop
      vertex -27.8615 29.8774 0
      vertex -35.1838 15.3035 0
      vertex -28.1192 29.7195 0
    endloop
  endfacet
  facet normal 0 0 -1
    outer loop
      vertex -35.2543 15.5974 0
      vertex -28.1192 29.7195 0
      vertex -35.1838 15.3035 0
    endloop
  endfacet
  facet normal 0 0 -1
    outer loop
      vertex -35.2548 15.5995 0
      vertex -28.1192 29.7195 0
      vertex -35.2543 15.5974 0
    endloop
  endfacet
  facet normal 0 0 -1
    outer loop
      vertex -28.1192 29.7195 0
      vertex -35.2548 15.5995 0
      vertex -28.3984 29.6039 0
    endloop
  endfacet
  facet normal 0 0 -1
    outer loop
      vertex -28.3984 29.6039 0
      vertex -35.2548 15.5995 0
      vertex -28.4005 29.603 0
    endloop
  endfacet
  facet normal 0 0 -1
    outer loop
      vertex -35.2557 15.6016 0
      vertex -28.4005 29.603 0
      vertex -35.2548 15.5995 0
    endloop
  endfacet
  facet normal 0 0 -1
    outer loop
      vertex -37.6414 25.571 0
      vertex -29.6016 29.6039 0
      vertex -29.5995 29.603 0
    endloop
  endfacet
  facet normal 0 0 -1
    outer loop
      vertex -36.8014 27.8778 0
      vertex -30.1385 29.8774 0
      vertex -29.8808 29.7195 0
    endloop
  endfacet
  facet normal 0 0 -1
    outer loop
      vertex -35.7824 30.128 0
      vertex -30.8443 30.8466 0
      vertex -30.7287 30.5674 0
    endloop
  endfacet
  facet normal 0 0 -1
    outer loop
      vertex -34.5896 32.3101 0
      vertex -30.9399 31.446 0
      vertex -30.9162 31.1447 0
    endloop
  endfacet
  facet normal 0 0 -1
    outer loop
      vertex -30.9399 31.446 0
      vertex -34.5896 32.3101 0
      vertex -30.9401 31.4482 0
    endloop
  endfacet
  facet normal 0 0 -1
    outer loop
      vertex -30.9401 31.4482 0
      vertex -33.228 34.4142 0
      vertex -31.7043 36.4297 0
    endloop
  endfacet
  facet normal 0 0 -1
    outer loop
      vertex -34.5896 32.3101 0
      vertex -30.9162 31.1447 0
      vertex -30.8457 30.8508 0
    endloop
  endfacet
  facet normal 0 0 -1
    outer loop
      vertex -34.5896 32.3101 0
      vertex -30.8457 30.8508 0
      vertex -30.8452 30.8487 0
    endloop
  endfacet
  facet normal -0 0 -1
    outer loop
      vertex -30.8443 30.8466 0
      vertex -35.7824 30.128 0
      vertex -30.8452 30.8487 0
    endloop
  endfacet
  facet normal 0 0 -1
    outer loop
      vertex -35.7824 30.128 0
      vertex -30.7287 30.5674 0
      vertex -30.7275 30.5655 0
    endloop
  endfacet
  facet normal 0 0 -1
    outer loop
      vertex -35.7824 30.128 0
      vertex -30.7275 30.5655 0
      vertex -30.5696 30.3078 0
    endloop
  endfacet
  facet normal 0 0 -1
    outer loop
      vertex -30.9401 31.4482 0
      vertex -34.5896 32.3101 0
      vertex -33.228 34.4142 0
    endloop
  endfacet
  facet normal 0 0 -1
    outer loop
      vertex -35.7824 30.128 0
      vertex -30.5696 30.3078 0
      vertex -30.3733 30.078 0
    endloop
  endfacet
  facet normal 0 0 -1
    outer loop
      vertex -35.7824 30.128 0
      vertex -30.3733 30.078 0
      vertex -30.3719 30.0763 0
    endloop
  endfacet
  facet normal 0 0 -1
    outer loop
      vertex -36.8014 27.8778 0
      vertex -30.3719 30.0763 0
      vertex -30.1421 29.88 0
    endloop
  endfacet
  facet normal 0 0 -1
    outer loop
      vertex -36.8014 27.8778 0
      vertex -30.1421 29.88 0
      vertex -30.1404 29.8786 0
    endloop
  endfacet
  facet normal -0 0 -1
    outer loop
      vertex -30.1385 29.8774 0
      vertex -36.8014 27.8778 0
      vertex -30.1404 29.8786 0
    endloop
  endfacet
  facet normal 0 0 -1
    outer loop
      vertex -28.6965 29.5319 0
      vertex -35.5292 16.1385 0
      vertex -28.6987 29.5318 0
    endloop
  endfacet
  facet normal 0 0 -1
    outer loop
      vertex -35.5292 16.1385 0
      vertex -28.6965 29.5319 0
      vertex -35.3713 15.8808 0
    endloop
  endfacet
  facet normal 0 0 -1
    outer loop
      vertex -35.3713 15.8808 0
      vertex -28.4005 29.603 0
      vertex -35.2557 15.6016 0
    endloop
  endfacet
  facet normal 0 0 -1
    outer loop
      vertex -28.4026 29.6025 0
      vertex -35.3713 15.8808 0
      vertex -28.6965 29.5319 0
    endloop
  endfacet
  facet normal 0 0 -1
    outer loop
      vertex -28.4005 29.603 0
      vertex -35.3713 15.8808 0
      vertex -28.4026 29.6025 0
    endloop
  endfacet
  facet normal 0 0 -1
    outer loop
      vertex 27.4304 30.3078 0
      vertex -27.4304 30.3078 0
      vertex 27.2725 30.5655 0
    endloop
  endfacet
  facet normal 0 -0 -1
    outer loop
      vertex -27.4304 30.3078 0
      vertex 27.4304 30.3078 0
      vertex -35.1838 14.6965 0
    endloop
  endfacet
  facet normal -0 0 -1
    outer loop
      vertex 35.2548 14.4005 0
      vertex -35.2557 14.3984 0
      vertex -35.2548 14.4005 0
    endloop
  endfacet
  facet normal 0 0 -1
    outer loop
      vertex 35.2548 14.4005 0
      vertex -35.3713 14.1192 0
      vertex -35.2557 14.3984 0
    endloop
  endfacet
  facet normal 0 0 -1
    outer loop
      vertex -39.15 2.95 0
      vertex -35.3713 14.1192 0
      vertex 39.15 2.95 0
    endloop
  endfacet
  facet normal 0 0 -1
    outer loop
      vertex -35.3713 14.1192 0
      vertex -39.15 2.95 0
      vertex -35.5292 13.8615 0
    endloop
  endfacet
  facet normal 0 0 -1
    outer loop
      vertex -35.5292 13.8615 0
      vertex -39.15 2.95 0
      vertex -35.5304 13.8596 0
    endloop
  endfacet
  facet normal 0 0 -1
    outer loop
      vertex -35.5304 13.8596 0
      vertex -39.15 2.95 0
      vertex -35.7267 13.6298 0
    endloop
  endfacet
  facet normal 0 0 -1
    outer loop
      vertex -35.7267 13.6298 0
      vertex -39.15 2.95 0
      vertex -35.7281 13.6281 0
    endloop
  endfacet
  facet normal 0 0 -1
    outer loop
      vertex -35.7281 13.6281 0
      vertex -39.15 2.95 0
      vertex -35.7298 13.6267 0
    endloop
  endfacet
  facet normal 0 0 -1
    outer loop
      vertex -35.7298 13.6267 0
      vertex -39.15 2.95 0
      vertex -35.9596 13.4304 0
    endloop
  endfacet
  facet normal 0 0 -1
    outer loop
      vertex -35.9596 13.4304 0
      vertex -39.15 2.95 0
      vertex -36.2173 13.2725 0
    endloop
  endfacet
  facet normal 0 0 -1
    outer loop
      vertex -36.2173 13.2725 0
      vertex -39.15 2.95 0
      vertex -36.2192 13.2713 0
    endloop
  endfacet
  facet normal 0 0 -1
    outer loop
      vertex -36.2192 13.2713 0
      vertex -39.15 2.95 0
      vertex -36.4984 13.1557 0
    endloop
  endfacet
  facet normal 0 0 -1
    outer loop
      vertex -36.4984 13.1557 0
      vertex -39.15 2.95 0
      vertex -36.5005 13.1548 0
    endloop
  endfacet
  facet normal 0 0 -1
    outer loop
      vertex -36.5005 13.1548 0
      vertex -39.15 2.95 0
      vertex -36.7943 13.0843 0
    endloop
  endfacet
  facet normal 0 0 -1
    outer loop
      vertex -36.7943 13.0843 0
      vertex -39.15 2.95 0
      vertex -36.7965 13.0838 0
    endloop
  endfacet
  facet normal 0 0 -1
    outer loop
      vertex -36.7965 13.0838 0
      vertex -39.15 2.95 0
      vertex -37.0978 13.0601 0
    endloop
  endfacet
  facet normal 0 0 -1
    outer loop
      vertex -37.0978 13.0601 0
      vertex -39.15 2.95 0
      vertex -37.1 13.0599 0
    endloop
  endfacet
  facet normal -0 0 -1
    outer loop
      vertex -37.1 13.0599 0
      vertex -39.15 2.95 0
      vertex -37.1022 13.0601 0
    endloop
  endfacet
  facet normal 0 0 -1
    outer loop
      vertex -39.15 2.95 0
      vertex -37.7016 13.1557 0
      vertex -37.6995 13.1548 0
    endloop
  endfacet
  facet normal 0 0 -1
    outer loop
      vertex -39.15 2.95 0
      vertex -38.6708 13.8615 0
      vertex -38.6696 13.8596 0
    endloop
  endfacet
  facet normal 0 0 -1
    outer loop
      vertex -39.15 2.95 0
      vertex -38.9443 14.3984 0
      vertex -38.8287 14.1192 0
    endloop
  endfacet
  facet normal 0 0 -1
    outer loop
      vertex -38.9452 14.4005 0
      vertex -39.0162 14.6965 0
      vertex -38.9457 14.4026 0
    endloop
  endfacet
  facet normal -0 0 -1
    outer loop
      vertex -37.1022 13.0601 0
      vertex -39.15 2.95 0
      vertex -37.4035 13.0838 0
    endloop
  endfacet
  facet normal 0 0 -1
    outer loop
      vertex -39.15 2.95 0
      vertex -37.6974 13.1543 0
      vertex -37.4035 13.0838 0
    endloop
  endfacet
  facet normal 0 0 -1
    outer loop
      vertex -39.15 2.95 0
      vertex -37.6995 13.1548 0
      vertex -37.6974 13.1543 0
    endloop
  endfacet
  facet normal -0 0 -1
    outer loop
      vertex -37.7016 13.1557 0
      vertex -39.15 2.95 0
      vertex -37.9808 13.2713 0
    endloop
  endfacet
  facet normal 0 0 -1
    outer loop
      vertex -39.15 2.95 0
      vertex -37.9827 13.2725 0
      vertex -37.9808 13.2713 0
    endloop
  endfacet
  facet normal 0 0 -1
    outer loop
      vertex -39.15 2.95 0
      vertex -38.2404 13.4304 0
      vertex -37.9827 13.2725 0
    endloop
  endfacet
  facet normal 0 0 -1
    outer loop
      vertex -39.15 2.95 0
      vertex -38.4702 13.6267 0
      vertex -38.2404 13.4304 0
    endloop
  endfacet
  facet normal 0 0 -1
    outer loop
      vertex -39.15 2.95 0
      vertex -38.4719 13.6281 0
      vertex -38.4702 13.6267 0
    endloop
  endfacet
  facet normal 0 0 -1
    outer loop
      vertex -39.15 2.95 0
      vertex -38.6681 13.8579 0
      vertex -38.4719 13.6281 0
    endloop
  endfacet
  facet normal 0 0 -1
    outer loop
      vertex -39.15 2.95 0
      vertex -38.6696 13.8596 0
      vertex -38.6681 13.8579 0
    endloop
  endfacet
  facet normal -0 0 -1
    outer loop
      vertex -38.6708 13.8615 0
      vertex -39.15 2.95 0
      vertex -38.8287 14.1192 0
    endloop
  endfacet
  facet normal -0 0 -1
    outer loop
      vertex -38.9443 14.3984 0
      vertex -39.15 2.95 0
      vertex -38.9452 14.4005 0
    endloop
  endfacet
  facet normal 0 0 -1
    outer loop
      vertex -39.15 2.95 0
      vertex -39.0162 14.6965 0
      vertex -38.9452 14.4005 0
    endloop
  endfacet
  facet normal 0 0 -1
    outer loop
      vertex -39.15 15.9816 0
      vertex -39.0162 14.6965 0
      vertex -39.15 2.95 0
    endloop
  endfacet
  facet normal 0 0 -1
    outer loop
      vertex -39.0162 14.6965 0
      vertex -39.15 15.9816 0
      vertex -39.0164 14.6987 0
    endloop
  endfacet
  facet normal 0 0 -1
    outer loop
      vertex -39.0164 14.6987 0
      vertex -39.15 15.9816 0
      vertex -39.0401 15 0
    endloop
  endfacet
  facet normal 0 0 -1
    outer loop
      vertex -39.0401 15 0
      vertex -39.15 15.9816 0
      vertex -39.0545 18.4215 0
    endloop
  endfacet
  facet normal 0 0 -1
    outer loop
      vertex 39.0162 15.3035 0
      vertex 39.15 15.9816 0
      vertex 39.0164 15.3013 0
    endloop
  endfacet
  facet normal 0 0 -1
    outer loop
      vertex 38.9457 15.5974 0
      vertex 39.15 15.9816 0
      vertex 39.0162 15.3035 0
    endloop
  endfacet
  facet normal 0 0 -1
    outer loop
      vertex 38.9452 15.5995 0
      vertex 39.15 15.9816 0
      vertex 38.9457 15.5974 0
    endloop
  endfacet
  facet normal 0 0 -1
    outer loop
      vertex 38.9443 15.6016 0
      vertex 39.15 15.9816 0
      vertex 38.9452 15.5995 0
    endloop
  endfacet
  facet normal 0 0 -1
    outer loop
      vertex 38.8287 15.8808 0
      vertex 39.15 15.9816 0
      vertex 38.9443 15.6016 0
    endloop
  endfacet
  facet normal 0 0 -1
    outer loop
      vertex 38.6708 16.1385 0
      vertex 39.15 15.9816 0
      vertex 38.8287 15.8808 0
    endloop
  endfacet
  facet normal 0 0 -1
    outer loop
      vertex 38.6696 16.1404 0
      vertex 39.15 15.9816 0
      vertex 38.6708 16.1385 0
    endloop
  endfacet
  facet normal 0 0 -1
    outer loop
      vertex 38.6681 16.1421 0
      vertex 39.15 15.9816 0
      vertex 38.6696 16.1404 0
    endloop
  endfacet
  facet normal 0 0 -1
    outer loop
      vertex 38.4719 16.3719 0
      vertex 39.15 15.9816 0
      vertex 38.6681 16.1421 0
    endloop
  endfacet
  facet normal 0 0 -1
    outer loop
      vertex 39.15 15.9816 0
      vertex 38.4719 16.3719 0
      vertex 39.0545 18.4215 0
    endloop
  endfacet
  facet normal 0 0 -1
    outer loop
      vertex 38.4702 16.3733 0
      vertex 39.0545 18.4215 0
      vertex 38.4719 16.3719 0
    endloop
  endfacet
  facet normal 0 0 -1
    outer loop
      vertex 38.2404 16.5696 0
      vertex 39.0545 18.4215 0
      vertex 38.4702 16.3733 0
    endloop
  endfacet
  facet normal 0 0 -1
    outer loop
      vertex 37.9827 16.7275 0
      vertex 39.0545 18.4215 0
      vertex 38.2404 16.5696 0
    endloop
  endfacet
  facet normal 0 0 -1
    outer loop
      vertex 37.9808 16.7287 0
      vertex 39.0545 18.4215 0
      vertex 37.9827 16.7275 0
    endloop
  endfacet
  facet normal 0 0 -1
    outer loop
      vertex 37.7016 16.8443 0
      vertex 39.0545 18.4215 0
      vertex 37.9808 16.7287 0
    endloop
  endfacet
  facet normal 0 0 -1
    outer loop
      vertex 37.6995 16.8452 0
      vertex 39.0545 18.4215 0
      vertex 37.7016 16.8443 0
    endloop
  endfacet
  facet normal 0 0 -1
    outer loop
      vertex 37.6974 16.8457 0
      vertex 39.0545 18.4215 0
      vertex 37.6995 16.8452 0
    endloop
  endfacet
  facet normal 0 0 -1
    outer loop
      vertex 37.4035 16.9162 0
      vertex 39.0545 18.4215 0
      vertex 37.6974 16.8457 0
    endloop
  endfacet
  facet normal 0 0 -1
    outer loop
      vertex 37.1022 16.9399 0
      vertex 39.0545 18.4215 0
      vertex 37.4035 16.9162 0
    endloop
  endfacet
  facet normal 0 0 -1
    outer loop
      vertex 37.1 16.9401 0
      vertex 39.0545 18.4215 0
      vertex 37.1022 16.9399 0
    endloop
  endfacet
  facet normal 0 0 -1
    outer loop
      vertex 37.0978 16.9399 0
      vertex 39.0545 18.4215 0
      vertex 37.1 16.9401 0
    endloop
  endfacet
  facet normal -0 0 -1
    outer loop
      vertex 39.0545 18.4215 0
      vertex 37.0978 16.9399 0
      vertex 38.7706 20.8313 0
    endloop
  endfacet
  facet normal 0 0 -1
    outer loop
      vertex 36.7965 16.9162 0
      vertex 38.7706 20.8313 0
      vertex 37.0978 16.9399 0
    endloop
  endfacet
  facet normal 0 0 -1
    outer loop
      vertex 36.7943 16.9157 0
      vertex 38.7706 20.8313 0
      vertex 36.7965 16.9162 0
    endloop
  endfacet
  facet normal 0 0 -1
    outer loop
      vertex 36.5005 16.8452 0
      vertex 38.7706 20.8313 0
      vertex 36.7943 16.9157 0
    endloop
  endfacet
  facet normal 0 0 -1
    outer loop
      vertex 36.4984 16.8443 0
      vertex 38.7706 20.8313 0
      vertex 36.5005 16.8452 0
    endloop
  endfacet
  facet normal 0 0 -1
    outer loop
      vertex 36.2192 16.7287 0
      vertex 38.7706 20.8313 0
      vertex 36.4984 16.8443 0
    endloop
  endfacet
  facet normal -0 0 -1
    outer loop
      vertex 38.7706 20.8313 0
      vertex 36.2192 16.7287 0
      vertex 38.2989 23.2184 0
    endloop
  endfacet
  facet normal 0 0 -1
    outer loop
      vertex 36.2173 16.7275 0
      vertex 38.2989 23.2184 0
      vertex 36.2192 16.7287 0
    endloop
  endfacet
  facet normal 0 0 -1
    outer loop
      vertex 35.9596 16.5696 0
      vertex 38.2989 23.2184 0
      vertex 36.2173 16.7275 0
    endloop
  endfacet
  facet normal 0 0 -1
    outer loop
      vertex 35.7298 16.3733 0
      vertex 38.2989 23.2184 0
      vertex 35.9596 16.5696 0
    endloop
  endfacet
  facet normal 0 0 -1
    outer loop
      vertex 35.7281 16.3719 0
      vertex 38.2989 23.2184 0
      vertex 35.7298 16.3733 0
    endloop
  endfacet
  facet normal -0 0 -1
    outer loop
      vertex 38.2989 23.2184 0
      vertex 35.7281 16.3719 0
      vertex 37.6414 25.571 0
    endloop
  endfacet
  facet normal 0 0 -1
    outer loop
      vertex 35.7267 16.3702 0
      vertex 37.6414 25.571 0
      vertex 35.7281 16.3719 0
    endloop
  endfacet
  facet normal 0 0 -1
    outer loop
      vertex 35.5304 16.1404 0
      vertex 37.6414 25.571 0
      vertex 35.7267 16.3702 0
    endloop
  endfacet
  facet normal -0 0 -1
    outer loop
      vertex 37.6414 25.571 0
      vertex 35.5304 16.1404 0
      vertex 36.8014 27.8778 0
    endloop
  endfacet
  facet normal -0 0 -1
    outer loop
      vertex 36.8014 27.8778 0
      vertex 35.5304 16.1404 0
      vertex 35.7824 30.128 0
    endloop
  endfacet
  facet normal 0 0 -1
    outer loop
      vertex 35.5292 16.1385 0
      vertex 35.7824 30.128 0
      vertex 35.5304 16.1404 0
    endloop
  endfacet
  facet normal 0 0 -1
    outer loop
      vertex 35.3713 15.8808 0
      vertex 35.7824 30.128 0
      vertex 35.5292 16.1385 0
    endloop
  endfacet
  facet normal 0 0 -1
    outer loop
      vertex 33.228 34.4142 0
      vertex 35.3713 15.8808 0
      vertex 35.2557 15.6016 0
    endloop
  endfacet
  facet normal 0 0 -1
    outer loop
      vertex 33.228 34.4142 0
      vertex 35.2557 15.6016 0
      vertex 35.2548 15.5995 0
    endloop
  endfacet
  facet normal 0 0 -1
    outer loop
      vertex 33.228 34.4142 0
      vertex 35.2548 15.5995 0
      vertex 35.2543 15.5974 0
    endloop
  endfacet
  facet normal 0 0 -1
    outer loop
      vertex 33.228 34.4142 0
      vertex 35.2543 15.5974 0
      vertex 35.1838 15.3035 0
    endloop
  endfacet
  facet normal 0 0 -1
    outer loop
      vertex 33.228 34.4142 0
      vertex 35.1838 15.3035 0
      vertex 35.16 15.0022 0
    endloop
  endfacet
  facet normal 0 0 -1
    outer loop
      vertex 27.8596 29.8786 0
      vertex 35.16 15.0022 0
      vertex 35.1599 15 0
    endloop
  endfacet
  facet normal 0 0 -1
    outer loop
      vertex 35.3713 15.8808 0
      vertex 34.5896 32.3101 0
      vertex 35.7824 30.128 0
    endloop
  endfacet
  facet normal 0 0 -1
    outer loop
      vertex 30.9162 31.7517 0
      vertex 33.228 34.4142 0
      vertex 30.9399 31.4504 0
    endloop
  endfacet
  facet normal 0 0 -1
    outer loop
      vertex 30.9157 31.7539 0
      vertex 33.228 34.4142 0
      vertex 30.9162 31.7517 0
    endloop
  endfacet
  facet normal 0 0 -1
    outer loop
      vertex 30.8452 32.0477 0
      vertex 33.228 34.4142 0
      vertex 30.9157 31.7539 0
    endloop
  endfacet
  facet normal 0 0 -1
    outer loop
      vertex 30.8443 32.0498 0
      vertex 33.228 34.4142 0
      vertex 30.8452 32.0477 0
    endloop
  endfacet
  facet normal 0 0 -1
    outer loop
      vertex 30.7287 32.329 0
      vertex 33.228 34.4142 0
      vertex 30.8443 32.0498 0
    endloop
  endfacet
  facet normal 0 0 -1
    outer loop
      vertex 30.7275 32.3309 0
      vertex 33.228 34.4142 0
      vertex 30.7287 32.329 0
    endloop
  endfacet
  facet normal 0 0 -1
    outer loop
      vertex 30.5696 32.5886 0
      vertex 33.228 34.4142 0
      vertex 30.7275 32.3309 0
    endloop
  endfacet
  facet normal 0 0 -1
    outer loop
      vertex 30.3733 32.8184 0
      vertex 33.228 34.4142 0
      vertex 30.5696 32.5886 0
    endloop
  endfacet
  facet normal 0 0 -1
    outer loop
      vertex 30.3719 32.8201 0
      vertex 33.228 34.4142 0
      vertex 30.3733 32.8184 0
    endloop
  endfacet
  facet normal 0 0 -1
    outer loop
      vertex 30.1421 33.0163 0
      vertex 33.228 34.4142 0
      vertex 30.3719 32.8201 0
    endloop
  endfacet
  facet normal 0 0 -1
    outer loop
      vertex 30.1404 33.0178 0
      vertex 33.228 34.4142 0
      vertex 30.1421 33.0163 0
    endloop
  endfacet
  facet normal -0 0 -1
    outer loop
      vertex 33.228 34.4142 0
      vertex 30.1404 33.0178 0
      vertex 31.7043 36.4297 0
    endloop
  endfacet
  facet normal 0 0 -1
    outer loop
      vertex 30.1385 33.0189 0
      vertex 31.7043 36.4297 0
      vertex 30.1404 33.0178 0
    endloop
  endfacet
  facet normal 0 0 -1
    outer loop
      vertex 29.8808 33.1768 0
      vertex 31.7043 36.4297 0
      vertex 30.1385 33.0189 0
    endloop
  endfacet
  facet normal 0 0 -1
    outer loop
      vertex 29.6016 33.2925 0
      vertex 31.7043 36.4297 0
      vertex 29.8808 33.1768 0
    endloop
  endfacet
  facet normal 0 0 -1
    outer loop
      vertex 29.5995 33.2934 0
      vertex 31.7043 36.4297 0
      vertex 29.6016 33.2925 0
    endloop
  endfacet
  facet normal 0 0 -1
    outer loop
      vertex 29.5974 33.2939 0
      vertex 31.7043 36.4297 0
      vertex 29.5995 33.2934 0
    endloop
  endfacet
  facet normal 0 0 -1
    outer loop
      vertex 29.3035 33.3644 0
      vertex 31.7043 36.4297 0
      vertex 29.5974 33.2939 0
    endloop
  endfacet
  facet normal 0 0 -1
    outer loop
      vertex 29.0022 33.3881 0
      vertex 31.7043 36.4297 0
      vertex 29.3035 33.3644 0
    endloop
  endfacet
  facet normal -0 0 -1
    outer loop
      vertex 31.7043 36.4297 0
      vertex 29.0022 33.3881 0
      vertex 30.0257 38.3467 0
    endloop
  endfacet
  facet normal 0 0 -1
    outer loop
      vertex 29 33.3883 0
      vertex 30.0257 38.3467 0
      vertex 29.0022 33.3881 0
    endloop
  endfacet
  facet normal 0 0 -1
    outer loop
      vertex 28.9978 33.3881 0
      vertex 30.0257 38.3467 0
      vertex 29 33.3883 0
    endloop
  endfacet
  facet normal 0 0 -1
    outer loop
      vertex 28.6965 33.3644 0
      vertex 30.0257 38.3467 0
      vertex 28.9978 33.3881 0
    endloop
  endfacet
  facet normal 0 0 -1
    outer loop
      vertex 28.4026 33.2939 0
      vertex 30.0257 38.3467 0
      vertex 28.6965 33.3644 0
    endloop
  endfacet
  facet normal 0 0 -1
    outer loop
      vertex 28.4005 33.2934 0
      vertex 30.0257 38.3467 0
      vertex 28.4026 33.2939 0
    endloop
  endfacet
  facet normal 0 0 -1
    outer loop
      vertex 28.3984 33.2925 0
      vertex 30.0257 38.3467 0
      vertex 28.4005 33.2934 0
    endloop
  endfacet
  facet normal 0 0 -1
    outer loop
      vertex 28.1192 33.1768 0
      vertex 30.0257 38.3467 0
      vertex 28.3984 33.2925 0
    endloop
  endfacet
  facet normal -0 0 -1
    outer loop
      vertex 30.0257 38.3467 0
      vertex 28.1192 33.1768 0
      vertex 28.2003 40.1555 0
    endloop
  endfacet
  facet normal 0 0 -1
    outer loop
      vertex 27.8615 33.0189 0
      vertex 28.2003 40.1555 0
      vertex 28.1192 33.1768 0
    endloop
  endfacet
  facet normal 0 0 -1
    outer loop
      vertex 27.8596 33.0178 0
      vertex 28.2003 40.1555 0
      vertex 27.8615 33.0189 0
    endloop
  endfacet
  facet normal 0 0 -1
    outer loop
      vertex 27.8579 33.0163 0
      vertex 28.2003 40.1555 0
      vertex 27.8596 33.0178 0
    endloop
  endfacet
  facet normal 0 0 -1
    outer loop
      vertex 27.6281 32.8201 0
      vertex 28.2003 40.1555 0
      vertex 27.8579 33.0163 0
    endloop
  endfacet
  facet normal 0 0 -1
    outer loop
      vertex 26.237 41.8471 0
      vertex 27.6281 32.8201 0
      vertex 27.6267 32.8184 0
    endloop
  endfacet
  facet normal 0 0 -1
    outer loop
      vertex 26.237 41.8471 0
      vertex 27.6267 32.8184 0
      vertex 27.4304 32.5886 0
    endloop
  endfacet
  facet normal 0 0 -1
    outer loop
      vertex 26.237 41.8471 0
      vertex 27.4304 32.5886 0
      vertex 27.2725 32.3309 0
    endloop
  endfacet
  facet normal 0 0 -1
    outer loop
      vertex 26.237 41.8471 0
      vertex 27.2725 32.3309 0
      vertex 27.2713 32.329 0
    endloop
  endfacet
  facet normal 0 0 -1
    outer loop
      vertex 26.237 41.8471 0
      vertex 27.2713 32.329 0
      vertex 27.1557 32.0498 0
    endloop
  endfacet
  facet normal 0 0 -1
    outer loop
      vertex 26.237 41.8471 0
      vertex 27.1557 32.0498 0
      vertex 27.1548 32.0477 0
    endloop
  endfacet
  facet normal 0 0 -1
    outer loop
      vertex 26.237 41.8471 0
      vertex 27.1548 32.0477 0
      vertex 27.0843 31.7539 0
    endloop
  endfacet
  facet normal 0 0 -1
    outer loop
      vertex 26.237 41.8471 0
      vertex 27.0843 31.7539 0
      vertex 27.0838 31.7517 0
    endloop
  endfacet
  facet normal 0 0 -1
    outer loop
      vertex 27.6281 32.8201 0
      vertex 26.237 41.8471 0
      vertex 28.2003 40.1555 0
    endloop
  endfacet
  facet normal 0 0 -1
    outer loop
      vertex 27.06 31.4504 0
      vertex 26.237 41.8471 0
      vertex 27.0838 31.7517 0
    endloop
  endfacet
  facet normal 0 0 -1
    outer loop
      vertex 26.237 41.8471 0
      vertex 27.06 31.4504 0
      vertex 27.0599 31.4482 0
    endloop
  endfacet
  facet normal 0 0 -1
    outer loop
      vertex -27.0843 31.7539 0
      vertex -21.9333 44.847 0
      vertex -27.0838 31.7517 0
    endloop
  endfacet
  facet normal 0 0 -1
    outer loop
      vertex -27.1548 32.0477 0
      vertex -21.9333 44.847 0
      vertex -27.0843 31.7539 0
    endloop
  endfacet
  facet normal 0 0 -1
    outer loop
      vertex -21.9333 44.847 0
      vertex -27.1548 32.0477 0
      vertex -24.1443 43.4138 0
    endloop
  endfacet
  facet normal 0 0 -1
    outer loop
      vertex -27.1557 32.0498 0
      vertex -24.1443 43.4138 0
      vertex -27.1548 32.0477 0
    endloop
  endfacet
  facet normal 0 0 -1
    outer loop
      vertex -27.2713 32.329 0
      vertex -24.1443 43.4138 0
      vertex -27.1557 32.0498 0
    endloop
  endfacet
  facet normal 0 0 -1
    outer loop
      vertex -24.1443 43.4138 0
      vertex -27.2713 32.329 0
      vertex -26.237 41.8471 0
    endloop
  endfacet
  facet normal 0 0 -1
    outer loop
      vertex -27.2725 32.3309 0
      vertex -26.237 41.8471 0
      vertex -27.2713 32.329 0
    endloop
  endfacet
  facet normal 0 0 -1
    outer loop
      vertex -27.4304 32.5886 0
      vertex -26.237 41.8471 0
      vertex -27.2725 32.3309 0
    endloop
  endfacet
  facet normal 0 0 -1
    outer loop
      vertex -27.6267 32.8184 0
      vertex -26.237 41.8471 0
      vertex -27.4304 32.5886 0
    endloop
  endfacet
  facet normal 0 0 -1
    outer loop
      vertex -27.6281 32.8201 0
      vertex -26.237 41.8471 0
      vertex -27.6267 32.8184 0
    endloop
  endfacet
  facet normal 0 0 -1
    outer loop
      vertex -28.2003 40.1555 0
      vertex -27.6281 32.8201 0
      vertex -27.8579 33.0163 0
    endloop
  endfacet
  facet normal 0 0 -1
    outer loop
      vertex -28.2003 40.1555 0
      vertex -27.8579 33.0163 0
      vertex -27.8596 33.0178 0
    endloop
  endfacet
  facet normal 0 0 -1
    outer loop
      vertex -28.2003 40.1555 0
      vertex -27.8596 33.0178 0
      vertex -27.8615 33.0189 0
    endloop
  endfacet
  facet normal 0 0 -1
    outer loop
      vertex -28.2003 40.1555 0
      vertex -27.8615 33.0189 0
      vertex -28.1192 33.1768 0
    endloop
  endfacet
  facet normal 0 0 -1
    outer loop
      vertex -27.6281 32.8201 0
      vertex -28.2003 40.1555 0
      vertex -26.237 41.8471 0
    endloop
  endfacet
  facet normal 0 0 -1
    outer loop
      vertex -30.0257 38.3467 0
      vertex -28.1192 33.1768 0
      vertex -28.3984 33.2925 0
    endloop
  endfacet
  facet normal 0 0 -1
    outer loop
      vertex -30.0257 38.3467 0
      vertex -28.3984 33.2925 0
      vertex -28.4005 33.2934 0
    endloop
  endfacet
  facet normal 0 0 -1
    outer loop
      vertex -30.0257 38.3467 0
      vertex -28.4005 33.2934 0
      vertex -28.4026 33.2939 0
    endloop
  endfacet
  facet normal 0 0 -1
    outer loop
      vertex -30.0257 38.3467 0
      vertex -28.4026 33.2939 0
      vertex -28.6965 33.3644 0
    endloop
  endfacet
  facet normal 0 0 -1
    outer loop
      vertex -30.0257 38.3467 0
      vertex -28.6965 33.3644 0
      vertex -28.9978 33.3881 0
    endloop
  endfacet
  facet normal 0 0 -1
    outer loop
      vertex -30.0257 38.3467 0
      vertex -28.9978 33.3881 0
      vertex -29 33.3883 0
    endloop
  endfacet
  facet normal 0 0 -1
    outer loop
      vertex -30.0257 38.3467 0
      vertex -29 33.3883 0
      vertex -29.0022 33.3881 0
    endloop
  endfacet
  facet normal 0 0 -1
    outer loop
      vertex -31.7043 36.4297 0
      vertex -29.0022 33.3881 0
      vertex -29.3035 33.3644 0
    endloop
  endfacet
  facet normal 0 0 -1
    outer loop
      vertex -31.7043 36.4297 0
      vertex -29.3035 33.3644 0
      vertex -29.5974 33.2939 0
    endloop
  endfacet
  facet normal 0 0 -1
    outer loop
      vertex -31.7043 36.4297 0
      vertex -29.5974 33.2939 0
      vertex -29.5995 33.2934 0
    endloop
  endfacet
  facet normal 0 0 -1
    outer loop
      vertex -31.7043 36.4297 0
      vertex -29.5995 33.2934 0
      vertex -29.6016 33.2925 0
    endloop
  endfacet
  facet normal 0 0 -1
    outer loop
      vertex -31.7043 36.4297 0
      vertex -29.6016 33.2925 0
      vertex -29.8808 33.1768 0
    endloop
  endfacet
  facet normal 0 0 -1
    outer loop
      vertex -28.1192 33.1768 0
      vertex -30.0257 38.3467 0
      vertex -28.2003 40.1555 0
    endloop
  endfacet
  facet normal 0 0 -1
    outer loop
      vertex -31.7043 36.4297 0
      vertex -29.8808 33.1768 0
      vertex -30.1385 33.0189 0
    endloop
  endfacet
  facet normal 0 0 -1
    outer loop
      vertex -31.7043 36.4297 0
      vertex -30.1385 33.0189 0
      vertex -30.1404 33.0178 0
    endloop
  endfacet
  facet normal 0 0 -1
    outer loop
      vertex -31.7043 36.4297 0
      vertex -30.1404 33.0178 0
      vertex -30.1421 33.0163 0
    endloop
  endfacet
  facet normal 0 0 -1
    outer loop
      vertex -31.7043 36.4297 0
      vertex -30.1421 33.0163 0
      vertex -30.3719 32.8201 0
    endloop
  endfacet
  facet normal 0 0 -1
    outer loop
      vertex -31.7043 36.4297 0
      vertex -30.3719 32.8201 0
      vertex -30.3733 32.8184 0
    endloop
  endfacet
  facet normal 0 0 -1
    outer loop
      vertex -31.7043 36.4297 0
      vertex -30.3733 32.8184 0
      vertex -30.5696 32.5886 0
    endloop
  endfacet
  facet normal 0 0 -1
    outer loop
      vertex -31.7043 36.4297 0
      vertex -30.5696 32.5886 0
      vertex -30.7275 32.3309 0
    endloop
  endfacet
  facet normal 0 0 -1
    outer loop
      vertex -31.7043 36.4297 0
      vertex -30.7275 32.3309 0
      vertex -30.7287 32.329 0
    endloop
  endfacet
  facet normal 0 0 -1
    outer loop
      vertex -31.7043 36.4297 0
      vertex -30.7287 32.329 0
      vertex -30.8443 32.0498 0
    endloop
  endfacet
  facet normal 0 0 -1
    outer loop
      vertex -31.7043 36.4297 0
      vertex -30.8443 32.0498 0
      vertex -30.8452 32.0477 0
    endloop
  endfacet
  facet normal 0 0 -1
    outer loop
      vertex -31.7043 36.4297 0
      vertex -30.8452 32.0477 0
      vertex -30.9157 31.7539 0
    endloop
  endfacet
  facet normal 0 0 -1
    outer loop
      vertex -31.7043 36.4297 0
      vertex -30.9157 31.7539 0
      vertex -30.9162 31.7517 0
    endloop
  endfacet
  facet normal 0 0 -1
    outer loop
      vertex -31.7043 36.4297 0
      vertex -30.9399 31.4504 0
      vertex -30.9401 31.4482 0
    endloop
  endfacet
  facet normal 0 0 -1
    outer loop
      vertex -29.0022 33.3881 0
      vertex -31.7043 36.4297 0
      vertex -30.0257 38.3467 0
    endloop
  endfacet
  facet normal 0 0 -1
    outer loop
      vertex -30.9399 31.4504 0
      vertex -31.7043 36.4297 0
      vertex -30.9162 31.7517 0
    endloop
  endfacet
  facet normal 0 0 -1
    outer loop
      vertex -35.5304 16.1404 0
      vertex -28.6987 29.5318 0
      vertex -35.5292 16.1385 0
    endloop
  endfacet
  facet normal 0 0 -1
    outer loop
      vertex -28.6987 29.5318 0
      vertex -35.5304 16.1404 0
      vertex -29 29.5081 0
    endloop
  endfacet
  facet normal 0 0 -1
    outer loop
      vertex -35.7267 16.3702 0
      vertex -29 29.5081 0
      vertex -35.5304 16.1404 0
    endloop
  endfacet
  facet normal 0 0 -1
    outer loop
      vertex -35.7281 16.3719 0
      vertex -29 29.5081 0
      vertex -35.7267 16.3702 0
    endloop
  endfacet
  facet normal -0 0 -1
    outer loop
      vertex -29 29.5081 0
      vertex -35.7281 16.3719 0
      vertex -29.3013 29.5318 0
    endloop
  endfacet
  facet normal -0 0 -1
    outer loop
      vertex -29.3013 29.5318 0
      vertex -35.7281 16.3719 0
      vertex -29.3035 29.5319 0
    endloop
  endfacet
  facet normal 0 0 -1
    outer loop
      vertex -38.2989 23.2184 0
      vertex -29.3035 29.5319 0
      vertex -35.7281 16.3719 0
    endloop
  endfacet
  facet normal 0 -0 -1
    outer loop
      vertex -37.6414 25.571 0
      vertex -29.3035 29.5319 0
      vertex -38.2989 23.2184 0
    endloop
  endfacet
  facet normal -0 0 -1
    outer loop
      vertex -29.3035 29.5319 0
      vertex -37.6414 25.571 0
      vertex -29.5974 29.6025 0
    endloop
  endfacet
  facet normal -0 0 -1
    outer loop
      vertex -29.5974 29.6025 0
      vertex -37.6414 25.571 0
      vertex -29.5995 29.603 0
    endloop
  endfacet
  facet normal 0 0 -1
    outer loop
      vertex -38.2989 23.2184 0
      vertex -35.7281 16.3719 0
      vertex -35.7298 16.3733 0
    endloop
  endfacet
  facet normal -0 0 -1
    outer loop
      vertex -30.8452 30.8487 0
      vertex -35.7824 30.128 0
      vertex -34.5896 32.3101 0
    endloop
  endfacet
  facet normal 0 0 -1
    outer loop
      vertex -38.2989 23.2184 0
      vertex -35.7298 16.3733 0
      vertex -35.9596 16.5696 0
    endloop
  endfacet
  facet normal 0 0 -1
    outer loop
      vertex -38.2989 23.2184 0
      vertex -35.9596 16.5696 0
      vertex -36.2173 16.7275 0
    endloop
  endfacet
  facet normal 0 0 -1
    outer loop
      vertex -38.2989 23.2184 0
      vertex -36.2173 16.7275 0
      vertex -36.2192 16.7287 0
    endloop
  endfacet
  facet normal 0 0 -1
    outer loop
      vertex -38.7706 20.8313 0
      vertex -36.2192 16.7287 0
      vertex -36.4984 16.8443 0
    endloop
  endfacet
  facet normal 0 0 -1
    outer loop
      vertex -38.7706 20.8313 0
      vertex -36.4984 16.8443 0
      vertex -36.5005 16.8452 0
    endloop
  endfacet
  facet normal 0 0 -1
    outer loop
      vertex -38.7706 20.8313 0
      vertex -36.5005 16.8452 0
      vertex -36.7943 16.9157 0
    endloop
  endfacet
  facet normal 0 0 -1
    outer loop
      vertex -38.7706 20.8313 0
      vertex -36.7943 16.9157 0
      vertex -36.7965 16.9162 0
    endloop
  endfacet
  facet normal -0 0 -1
    outer loop
      vertex -30.3719 30.0763 0
      vertex -36.8014 27.8778 0
      vertex -35.7824 30.128 0
    endloop
  endfacet
  facet normal 0 0 -1
    outer loop
      vertex -38.7706 20.8313 0
      vertex -36.7965 16.9162 0
      vertex -37.0978 16.9399 0
    endloop
  endfacet
  facet normal 0 0 -1
    outer loop
      vertex -39.0545 18.4215 0
      vertex -37.0978 16.9399 0
      vertex -37.1 16.9401 0
    endloop
  endfacet
  facet normal 0 0 -1
    outer loop
      vertex -39.0545 18.4215 0
      vertex -37.1 16.9401 0
      vertex -37.1022 16.9399 0
    endloop
  endfacet
  facet normal 0 0 -1
    outer loop
      vertex -39.0545 18.4215 0
      vertex -37.1022 16.9399 0
      vertex -37.4035 16.9162 0
    endloop
  endfacet
  facet normal 0 0 -1
    outer loop
      vertex -29.8808 29.7195 0
      vertex -37.6414 25.571 0
      vertex -36.8014 27.8778 0
    endloop
  endfacet
  facet normal 0 0 -1
    outer loop
      vertex -39.0545 18.4215 0
      vertex -37.4035 16.9162 0
      vertex -37.6974 16.8457 0
    endloop
  endfacet
  facet normal 0 0 -1
    outer loop
      vertex -39.0545 18.4215 0
      vertex -37.6974 16.8457 0
      vertex -37.6995 16.8452 0
    endloop
  endfacet
  facet normal 0 0 -1
    outer loop
      vertex -39.0545 18.4215 0
      vertex -37.6995 16.8452 0
      vertex -37.7016 16.8443 0
    endloop
  endfacet
  facet normal 0 0 -1
    outer loop
      vertex -39.0545 18.4215 0
      vertex -37.7016 16.8443 0
      vertex -37.9808 16.7287 0
    endloop
  endfacet
  facet normal 0 0 -1
    outer loop
      vertex -39.0545 18.4215 0
      vertex -37.9808 16.7287 0
      vertex -37.9827 16.7275 0
    endloop
  endfacet
  facet normal 0 0 -1
    outer loop
      vertex -39.0545 18.4215 0
      vertex -37.9827 16.7275 0
      vertex -38.2404 16.5696 0
    endloop
  endfacet
  facet normal -0 0 -1
    outer loop
      vertex -29.6016 29.6039 0
      vertex -37.6414 25.571 0
      vertex -29.8808 29.7195 0
    endloop
  endfacet
  facet normal 0 0 -1
    outer loop
      vertex -39.0545 18.4215 0
      vertex -38.2404 16.5696 0
      vertex -38.4702 16.3733 0
    endloop
  endfacet
  facet normal 0 0 -1
    outer loop
      vertex -39.0545 18.4215 0
      vertex -38.4702 16.3733 0
      vertex -38.4719 16.3719 0
    endloop
  endfacet
  facet normal 0 0 -1
    outer loop
      vertex -39.0545 18.4215 0
      vertex -38.4719 16.3719 0
      vertex -38.6681 16.1421 0
    endloop
  endfacet
  facet normal 0 0 -1
    outer loop
      vertex -39.0545 18.4215 0
      vertex -38.6681 16.1421 0
      vertex -38.6696 16.1404 0
    endloop
  endfacet
  facet normal 0 0 -1
    outer loop
      vertex -39.0545 18.4215 0
      vertex -38.6696 16.1404 0
      vertex -38.6708 16.1385 0
    endloop
  endfacet
  facet normal 0 0 -1
    outer loop
      vertex -36.2192 16.7287 0
      vertex -38.7706 20.8313 0
      vertex -38.2989 23.2184 0
    endloop
  endfacet
  facet normal 0 0 -1
    outer loop
      vertex -39.0545 18.4215 0
      vertex -38.6708 16.1385 0
      vertex -38.8287 15.8808 0
    endloop
  endfacet
  facet normal 0 0 -1
    outer loop
      vertex -39.0545 18.4215 0
      vertex -38.8287 15.8808 0
      vertex -38.9443 15.6016 0
    endloop
  endfacet
  facet normal 0 0 -1
    outer loop
      vertex -39.0545 18.4215 0
      vertex -38.9443 15.6016 0
      vertex -38.9452 15.5995 0
    endloop
  endfacet
  facet normal 0 0 -1
    outer loop
      vertex -39.0545 18.4215 0
      vertex -38.9452 15.5995 0
      vertex -38.9457 15.5974 0
    endloop
  endfacet
  facet normal 0 0 -1
    outer loop
      vertex -39.0545 18.4215 0
      vertex -38.9457 15.5974 0
      vertex -39.0162 15.3035 0
    endloop
  endfacet
  facet normal 0 0 -1
    outer loop
      vertex -39.0545 18.4215 0
      vertex -39.0162 15.3035 0
      vertex -39.0164 15.3013 0
    endloop
  endfacet
  facet normal 0 0 -1
    outer loop
      vertex -39.0545 18.4215 0
      vertex -39.0164 15.3013 0
      vertex -39.0401 15 0
    endloop
  endfacet
  facet normal 0 0 -1
    outer loop
      vertex -37.0978 16.9399 0
      vertex -39.0545 18.4215 0
      vertex -38.7706 20.8313 0
    endloop
  endfacet
  facet normal 0.171175 0.0935692 -0.980787
    outer loop
      vertex 35.7824 30.128 0
      vertex 34.5896 32.3101 0
      vertex 34.8198 32.4475 0.0532846
    endloop
  endfacet
  facet normal 0.137309 0.138569 -0.980788
    outer loop
      vertex 30.0257 38.3467 0
      vertex 28.2003 40.1555 0
      vertex 28.3822 40.3524 0.0532846
    endloop
  endfacet
  facet normal -0.0720034 0.181259 -0.980796
    outer loop
      vertex -17.1992 47.2856 0
      vertex -17.3065 47.5313 0.0532846
      vertex -14.6992 48.2787 0
    endloop
  endfacet
  facet normal 0.137679 0.538187 -0.831505
    outer loop
      vertex 12.2016 49.3715 0.0532846
      vertex 9.55286 50.0491 0.0532846
      vertex 12.2647 49.5898 0.205026
    endloop
  endfacet
  facet normal 0.0483546 0.189018 -0.980782
    outer loop
      vertex 12.127 49.1141 0
      vertex 9.55286 50.0491 0.0532846
      vertex 12.2016 49.3715 0.0532846
    endloop
  endfacet
  facet normal -0.137318 0.138576 -0.980786
    outer loop
      vertex -30.0257 38.3467 0
      vertex -30.221 38.5303 0.0532846
      vertex -28.3822 40.3524 0.0532846
    endloop
  endfacet
  facet normal 0.0346033 0.554465 -0.831487
    outer loop
      vertex 4.12791 50.9026 0.0532846
      vertex 1.37828 51.0742 0.0532846
      vertex 1.38556 51.3013 0.205026
    endloop
  endfacet
  facet normal 0 0.831538 -0.555467
    outer loop
      vertex 1.38556 51.3013 0.205026
      vertex -1.39012 51.453 0.432122
      vertex 1.39012 51.453 0.432122
    endloop
  endfacet
  facet normal 0 0.831538 -0.555467
    outer loop
      vertex -1.39012 51.453 0.432122
      vertex 1.38556 51.3013 0.205026
      vertex -1.38556 51.3013 0.205026
    endloop
  endfacet
  facet normal 0.163769 0.105978 -0.98079
    outer loop
      vertex 34.5896 32.3101 0
      vertex 33.228 34.4142 0
      vertex 34.8198 32.4475 0.0532846
    endloop
  endfacet
  facet normal 0.243077 0.950148 -0.195276
    outer loop
      vertex 12.3072 49.7355 0.432122
      vertex 9.63512 50.4191 0.432122
      vertex 9.64667 50.4712 0.700001
    endloop
  endfacet
  facet normal 0.0610704 0.978863 -0.195185
    outer loop
      vertex 4.16304 51.28 0.432122
      vertex 1.39012 51.453 0.432122
      vertex 4.16809 51.3331 0.700001
    endloop
  endfacet
  facet normal 0.122056 0.973202 -0.194886
    outer loop
      vertex 6.91618 50.9348 0.432122
      vertex 4.16809 51.3331 0.700001
      vertex 6.9245 50.9874 0.700001
    endloop
  endfacet
  facet normal 0.103528 0.545851 -0.831462
    outer loop
      vertex 9.60216 50.2709 0.205026
      vertex 6.85709 50.5604 0.0532846
      vertex 6.89262 50.7848 0.205026
    endloop
  endfacet
  facet normal -0.186308 0.982491 0
    outer loop
      vertex -6.9245 50.9874 0.700001
      vertex -9.64667 50.4712 2.5
      vertex -6.9245 50.9874 2.5
    endloop
  endfacet
  facet normal -0.186308 0.982491 0
    outer loop
      vertex -9.64667 50.4712 2.5
      vertex -6.9245 50.9874 0.700001
      vertex -9.64667 50.4712 0.700001
    endloop
  endfacet
  facet normal -0.0346178 0.554545 -0.831434
    outer loop
      vertex -4.12791 50.9026 0.0532846
      vertex -4.14885 51.1288 0.205026
      vertex -1.38556 51.3013 0.205026
    endloop
  endfacet
  facet normal -0.0363537 0.191673 -0.980785
    outer loop
      vertex -9.49457 49.7875 0
      vertex -9.55286 50.0491 0.0532846
      vertex -6.81564 50.2956 0
    endloop
  endfacet
  facet normal -0.0121525 0.194726 -0.980782
    outer loop
      vertex -4.10258 50.6358 0
      vertex -4.12791 50.9026 0.0532846
      vertex -1.37828 51.0742 0.0532846
    endloop
  endfacet
  facet normal -0.182759 0.963568 -0.195285
    outer loop
      vertex -9.63512 50.4191 0.432122
      vertex -9.64667 50.4712 0.700001
      vertex -6.91618 50.9348 0.432122
    endloop
  endfacet
  facet normal 0 1 -0
    outer loop
      vertex 1.39172 51.5063 0.700001
      vertex -1.39172 51.5063 2.5
      vertex 1.39172 51.5063 2.5
    endloop
  endfacet
  facet normal 0 1 0
    outer loop
      vertex -1.39172 51.5063 2.5
      vertex 1.39172 51.5063 0.700001
      vertex -1.39172 51.5063 0.700001
    endloop
  endfacet
  facet normal 0.116914 0.156166 -0.980787
    outer loop
      vertex 26.237 41.8471 0
      vertex 24.1443 43.4138 0
      vertex 26.4047 42.0562 0.0532846
    endloop
  endfacet
  facet normal 0.587799 0.78512 -0.195139
    outer loop
      vertex 26.6421 42.3517 0.432122
      vertex 24.5449 43.9884 0.700001
      vertex 26.6756 42.3932 0.700001
    endloop
  endfacet
  facet normal 0.640174 0.743026 -0.195168
    outer loop
      vertex 28.6396 40.6307 0.432122
      vertex 26.6421 42.3517 0.432122
      vertex 26.6756 42.3932 0.700001
    endloop
  endfacet
  facet normal 0.177722 0.0804786 -0.980784
    outer loop
      vertex 37.0496 27.979 0.0532846
      vertex 35.7824 30.128 0
      vertex 36.0223 30.2476 0.0532846
    endloop
  endfacet
  facet normal 0.640207 0.743039 -0.195008
    outer loop
      vertex 28.6396 40.6307 0.432122
      vertex 26.6756 42.3932 0.700001
      vertex 28.6757 40.6699 0.700001
    endloop
  endfacet
  facet normal 0.625564 0.547806 -0.555498
    outer loop
      vertex 32.2062 36.8383 0.432122
      vertex 30.3866 38.6859 0.205026
      vertex 30.4971 38.79 0.432122
    endloop
  endfacet
  facet normal 0.690351 0.696652 -0.19517
    outer loop
      vertex 30.4971 38.79 0.432122
      vertex 28.6396 40.6307 0.432122
      vertex 30.5361 38.8264 0.700001
    endloop
  endfacet
  facet normal 0.585282 0.590624 -0.555525
    outer loop
      vertex 30.3866 38.6859 0.205026
      vertex 28.6396 40.6307 0.432122
      vertex 30.4971 38.79 0.432122
    endloop
  endfacet
  facet normal 0.452242 0.697684 -0.555621
    outer loop
      vertex 24.4276 43.8201 0.205026
      vertex 22.1888 45.2713 0.205026
      vertex 22.2671 45.4014 0.432122
    endloop
  endfacet
  facet normal 0.533466 0.822997 -0.195167
    outer loop
      vertex 24.5144 43.9447 0.432122
      vertex 22.2671 45.4014 0.432122
      vertex 22.2946 45.4471 0.700001
    endloop
  endfacet
  facet normal 0.0836196 0.176251 -0.980787
    outer loop
      vertex 19.6147 46.1397 0
      vertex 17.3065 47.5313 0.0532846
      vertex 19.7374 46.378 0.0532846
    endloop
  endfacet
  facet normal 0.20511 0.516337 -0.83146
    outer loop
      vertex 17.3065 47.5313 0.0532846
      vertex 14.8673 48.7446 0.205026
      vertex 17.397 47.7397 0.205026
    endloop
  endfacet
  facet normal 0.91096 0.412495 0
    outer loop
      vertex 37.45 28.1423 2.5
      vertex 36.4093 30.4406 0.700001
      vertex 36.4093 30.4406 2.5
    endloop
  endfacet
  facet normal 0.91096 0.412495 0
    outer loop
      vertex 36.4093 30.4406 0.700001
      vertex 37.45 28.1423 2.5
      vertex 37.45 28.1423 0.700001
    endloop
  endfacet
  facet normal 0.78241 0.591476 -0.19491
    outer loop
      vertex 33.7582 34.7853 0.432122
      vertex 32.2062 36.8383 0.432122
      vertex 33.8018 34.8159 0.700001
    endloop
  endfacet
  facet normal 0.86061 0.470435 -0.195041
    outer loop
      vertex 36.3616 30.4168 0.432122
      vertex 35.1913 32.6688 0.700001
      vertex 36.4093 30.4406 0.700001
    endloop
  endfacet
  facet normal 0.737842 0.646127 -0.195218
    outer loop
      vertex 32.2062 36.8383 0.432122
      vertex 30.4971 38.79 0.432122
      vertex 30.5361 38.8264 0.700001
    endloop
  endfacet
  facet normal 0.737872 0.646133 -0.195081
    outer loop
      vertex 32.2062 36.8383 0.432122
      vertex 30.5361 38.8264 0.700001
      vertex 32.2476 36.8719 0.700001
    endloop
  endfacet
  facet normal -0.757386 0.342979 -0.555636
    outer loop
      vertex -36.2257 30.349 0.205026
      vertex -37.4007 28.1222 0.432122
      vertex -36.3616 30.4168 0.432122
    endloop
  endfacet
  facet normal -0.893509 0.404593 -0.194798
    outer loop
      vertex -37.4007 28.1222 0.432122
      vertex -37.45 28.1423 0.700001
      vertex -36.4093 30.4406 0.700001
    endloop
  endfacet
  facet normal -0.698019 0.451682 -0.555656
    outer loop
      vertex -35.015 32.5637 0.205026
      vertex -35.1455 32.6414 0.432122
      vertex -33.7582 34.7853 0.432122
    endloop
  endfacet
  facet normal -0.729517 0.398802 -0.555663
    outer loop
      vertex -35.015 32.5637 0.205026
      vertex -36.2257 30.349 0.205026
      vertex -35.1455 32.6414 0.432122
    endloop
  endfacet
  facet normal -0.980007 0.0383681 -0.195228
    outer loop
      vertex -39.6997 18.472 0.432122
      vertex -39.7967 15.9944 0.432122
      vertex -39.7529 18.4762 0.700001
    endloop
  endfacet
  facet normal -0.974021 0.114744 -0.195237
    outer loop
      vertex -39.6997 18.472 0.432122
      vertex -39.7529 18.4762 0.700001
      vertex -39.4099 20.932 0.432122
    endloop
  endfacet
  facet normal -0.466547 0.301922 -0.831371
    outer loop
      vertex -34.8198 32.4475 0.0532846
      vertex -35.015 32.5637 0.205026
      vertex -33.4476 34.5679 0.0532846
    endloop
  endfacet
  facet normal -0.466379 0.30178 -0.831516
    outer loop
      vertex -33.4476 34.5679 0.0532846
      vertex -35.015 32.5637 0.205026
      vertex -33.6337 34.6984 0.205026
    endloop
  endfacet
  facet normal -0.585282 0.590624 -0.555525
    outer loop
      vertex -30.3866 38.6859 0.205026
      vertex -30.4971 38.79 0.432122
      vertex -28.6396 40.6307 0.432122
    endloop
  endfacet
  facet normal -0.391062 0.394646 -0.831459
    outer loop
      vertex -30.221 38.5303 0.0532846
      vertex -30.3866 38.6859 0.205026
      vertex -28.3822 40.3524 0.0532846
    endloop
  endfacet
  facet normal -0.599321 0.800509 0
    outer loop
      vertex -24.5449 43.9884 0.700001
      vertex -26.6756 42.3932 2.5
      vertex -24.5449 43.9884 2.5
    endloop
  endfacet
  facet normal -0.599321 0.800509 0
    outer loop
      vertex -26.6756 42.3932 2.5
      vertex -24.5449 43.9884 0.700001
      vertex -26.6756 42.3932 0.700001
    endloop
  endfacet
  facet normal -0.477602 0.856683 -0.194911
    outer loop
      vertex -19.9112 46.7149 0.432122
      vertex -22.2946 45.4471 0.700001
      vertex -19.9355 46.7623 0.700001
    endloop
  endfacet
  facet normal -0.127332 0.147787 -0.980788
    outer loop
      vertex -28.2003 40.1555 0
      vertex -28.3822 40.3524 0.0532846
      vertex -26.4047 42.0562 0.0532846
    endloop
  endfacet
  facet normal -0.542684 0.629876 -0.555653
    outer loop
      vertex -26.547 42.2333 0.205026
      vertex -28.5365 40.5192 0.205026
      vertex -26.6421 42.3517 0.432122
    endloop
  endfacet
  facet normal -0.0483546 0.189018 -0.980782
    outer loop
      vertex -12.127 49.1141 0
      vertex -12.2016 49.3715 0.0532846
      vertex -9.55286 50.0491 0.0532846
    endloop
  endfacet
  facet normal -0.306962 0.772736 -0.555566
    outer loop
      vertex -17.397 47.7397 0.205026
      vertex -17.4576 47.8789 0.432122
      vertex -14.8673 48.7446 0.205026
    endloop
  endfacet
  facet normal -0.137679 0.538187 -0.831505
    outer loop
      vertex -12.2016 49.3715 0.0532846
      vertex -12.2647 49.5898 0.205026
      vertex -9.55286 50.0491 0.0532846
    endloop
  endfacet
  facet normal -0.0835885 0.1762 -0.980799
    outer loop
      vertex -17.1992 47.2856 0
      vertex -19.6147 46.1397 0
      vertex -17.3065 47.5313 0.0532846
    endloop
  endfacet
  facet normal -0.452232 0.697674 -0.555641
    outer loop
      vertex -24.4276 43.8201 0.205026
      vertex -24.5144 43.9447 0.432122
      vertex -22.2671 45.4014 0.432122
    endloop
  endfacet
  facet normal -0.238154 0.501976 -0.831446
    outer loop
      vertex -17.3065 47.5313 0.0532846
      vertex -19.7374 46.378 0.0532846
      vertex -17.397 47.7397 0.205026
    endloop
  endfacet
  facet normal -0.420395 0.886153 -0.194936
    outer loop
      vertex -19.9112 46.7149 0.432122
      vertex -19.9355 46.7623 0.700001
      vertex -17.4576 47.8789 0.432122
    endloop
  endfacet
  facet normal -0.420395 0.88617 -0.194862
    outer loop
      vertex -17.4576 47.8789 0.432122
      vertex -19.9355 46.7623 0.700001
      vertex -17.4789 47.9277 0.700001
    endloop
  endfacet
  facet normal 0.163793 0.105997 -0.980784
    outer loop
      vertex 34.8198 32.4475 0.0532846
      vertex 33.228 34.4142 0
      vertex 33.4476 34.5679 0.0532846
    endloop
  endfacet
  facet normal 0.155632 0.117657 -0.980783
    outer loop
      vertex 33.228 34.4142 0
      vertex 31.7043 36.4297 0
      vertex 33.4476 34.5679 0.0532846
    endloop
  endfacet
  facet normal 0.106131 0.163717 -0.980782
    outer loop
      vertex 24.1443 43.4138 0
      vertex 22.0717 45.0766 0.0532846
      vertex 24.2975 43.6337 0.0532846
    endloop
  endfacet
  facet normal -0.0949994 0.170392 -0.980786
    outer loop
      vertex -19.6147 46.1397 0
      vertex -21.9333 44.847 0
      vertex -19.7374 46.378 0.0532846
    endloop
  endfacet
  facet normal -0.0836196 0.176251 -0.980787
    outer loop
      vertex -19.6147 46.1397 0
      vertex -19.7374 46.378 0.0532846
      vertex -17.3065 47.5313 0.0532846
    endloop
  endfacet
  facet normal 0.800816 0.223791 -0.555527
    outer loop
      vertex 38.7807 23.3333 0.205026
      vertex 38.2576 25.7689 0.432122
      vertex 38.9284 23.3685 0.432122
    endloop
  endfacet
  facet normal 0.944588 0.263968 -0.195129
    outer loop
      vertex 38.9284 23.3685 0.432122
      vertex 38.2576 25.7689 0.432122
      vertex 38.9803 23.3808 0.700001
    endloop
  endfacet
  facet normal 0.306962 0.772736 -0.555566
    outer loop
      vertex 17.397 47.7397 0.205026
      vertex 14.8673 48.7446 0.205026
      vertex 17.4576 47.8789 0.432122
    endloop
  endfacet
  facet normal 0.30698 0.772821 -0.555437
    outer loop
      vertex 17.4576 47.8789 0.432122
      vertex 14.8673 48.7446 0.205026
      vertex 14.9187 48.8874 0.432122
    endloop
  endfacet
  facet normal 0.171587 0.528376 -0.831491
    outer loop
      vertex 14.7901 48.5309 0.0532846
      vertex 12.2016 49.3715 0.0532846
      vertex 12.2647 49.5898 0.205026
    endloop
  endfacet
  facet normal 0.171601 0.528407 -0.831468
    outer loop
      vertex 14.7901 48.5309 0.0532846
      vertex 12.2647 49.5898 0.205026
      vertex 14.8673 48.7446 0.205026
    endloop
  endfacet
  facet normal 0.362065 0.911498 -0.195142
    outer loop
      vertex 17.4576 47.8789 0.432122
      vertex 14.9187 48.8874 0.432122
      vertex 14.9367 48.9376 0.700001
    endloop
  endfacet
  facet normal 0.302937 0.932813 -0.195163
    outer loop
      vertex 14.9187 48.8874 0.432122
      vertex 12.3072 49.7355 0.432122
      vertex 14.9367 48.9376 0.700001
    endloop
  endfacet
  facet normal 0.477602 0.856683 -0.194911
    outer loop
      vertex 22.2946 45.4471 0.700001
      vertex 19.9112 46.7149 0.432122
      vertex 19.9355 46.7623 0.700001
    endloop
  endfacet
  facet normal 0.0691239 0.551337 -0.831414
    outer loop
      vertex 6.89262 50.7848 0.205026
      vertex 4.12791 50.9026 0.0532846
      vertex 4.14885 51.1288 0.205026
    endloop
  endfacet
  facet normal 0.0346178 0.554545 -0.831434
    outer loop
      vertex 4.12791 50.9026 0.0532846
      vertex 1.38556 51.3013 0.205026
      vertex 4.14885 51.1288 0.205026
    endloop
  endfacet
  facet normal 0 0.195076 -0.980788
    outer loop
      vertex -1.3699 50.8063 0
      vertex 1.37828 51.0742 0.0532846
      vertex 1.3699 50.8063 0
    endloop
  endfacet
  facet normal 0 0.195076 -0.980788
    outer loop
      vertex 1.37828 51.0742 0.0532846
      vertex -1.3699 50.8063 0
      vertex -1.37828 51.0742 0.0532846
    endloop
  endfacet
  facet normal -0.0517989 0.82977 -0.555696
    outer loop
      vertex -4.14885 51.1288 0.205026
      vertex -4.16304 51.28 0.432122
      vertex -1.38556 51.3013 0.205026
    endloop
  endfacet
  facet normal -0.0517794 0.829942 -0.555441
    outer loop
      vertex -1.38556 51.3013 0.205026
      vertex -4.16304 51.28 0.432122
      vertex -1.39012 51.453 0.432122
    endloop
  endfacet
  facet normal 0 0 1
    outer loop
      vertex -39.85 15.9953 2.5
      vertex -38.0304 14.324 2.5
      vertex -38.1247 14.4779 2.5
    endloop
  endfacet
  facet normal 0 0 1
    outer loop
      vertex -39.85 15.9953 2.5
      vertex -38.1247 14.4779 2.5
      vertex -38.1937 14.6446 2.5
    endloop
  endfacet
  facet normal 0 0 1
    outer loop
      vertex -39.85 15.9953 2.5
      vertex -38.1937 14.6446 2.5
      vertex -38.2358 14.8201 2.5
    endloop
  endfacet
  facet normal 0 0 1
    outer loop
      vertex -39.85 15.9953 2.5
      vertex -38.2358 14.8201 2.5
      vertex -38.25 15 2.5
    endloop
  endfacet
  facet normal 0 0 1
    outer loop
      vertex -38.0304 15.676 2.5
      vertex -39.85 15.9953 2.5
      vertex -38.1247 15.5221 2.5
    endloop
  endfacet
  facet normal 0 0 1
    outer loop
      vertex -38.1247 15.5221 2.5
      vertex -39.85 15.9953 2.5
      vertex -38.1937 15.3554 2.5
    endloop
  endfacet
  facet normal 0 0 1
    outer loop
      vertex -38.1937 15.3554 2.5
      vertex -39.85 15.9953 2.5
      vertex -38.2358 15.1799 2.5
    endloop
  endfacet
  facet normal 0 0 1
    outer loop
      vertex -38.2358 15.1799 2.5
      vertex -39.85 15.9953 2.5
      vertex -38.25 15 2.5
    endloop
  endfacet
  facet normal 0 0 1
    outer loop
      vertex -38.0304 14.324 2.5
      vertex -39.85 15.9953 2.5
      vertex -39.85 7.2 2.5
    endloop
  endfacet
  facet normal 0 0 1
    outer loop
      vertex -38.0304 14.324 2.5
      vertex -39.85 7.2 2.5
      vertex -38.1 7.2 2.5
    endloop
  endfacet
  facet normal 0 0 1
    outer loop
      vertex -11 24.8041 2.5
      vertex -35.9642 15.1799 2.5
      vertex -35.95 15 2.5
    endloop
  endfacet
  facet normal 0 0 1
    outer loop
      vertex -29.676 30.5178 2.5
      vertex -36.0063 15.3554 2.5
      vertex -35.9642 15.1799 2.5
    endloop
  endfacet
  facet normal 0 0 1
    outer loop
      vertex -29.676 30.5178 2.5
      vertex -36.0753 15.5221 2.5
      vertex -36.0063 15.3554 2.5
    endloop
  endfacet
  facet normal 0 0 1
    outer loop
      vertex -29.8132 30.635 2.5
      vertex -37.45 28.1423 2.5
      vertex -29.676 30.5178 2.5
    endloop
  endfacet
  facet normal 0 0 1
    outer loop
      vertex -29.676 30.5178 2.5
      vertex -36.1696 15.676 2.5
      vertex -36.0753 15.5221 2.5
    endloop
  endfacet
  facet normal 0 0 1
    outer loop
      vertex -38.3084 25.7852 2.5
      vertex -29.676 30.5178 2.5
      vertex -37.45 28.1423 2.5
    endloop
  endfacet
  facet normal 0 0 1
    outer loop
      vertex -38.9803 23.3808 2.5
      vertex -29.676 30.5178 2.5
      vertex -38.3084 25.7852 2.5
    endloop
  endfacet
  facet normal 0 0 1
    outer loop
      vertex -29.676 30.5178 2.5
      vertex -36.2868 15.8132 2.5
      vertex -36.1696 15.676 2.5
    endloop
  endfacet
  facet normal 0 0 1
    outer loop
      vertex -29.676 30.5178 2.5
      vertex -38.9803 23.3808 2.5
      vertex -36.2868 15.8132 2.5
    endloop
  endfacet
  facet normal 0 0 1
    outer loop
      vertex -36.2868 15.8132 2.5
      vertex -38.9803 23.3808 2.5
      vertex -36.424 15.9304 2.5
    endloop
  endfacet
  facet normal 0 0 1
    outer loop
      vertex -36.424 15.9304 2.5
      vertex -38.9803 23.3808 2.5
      vertex -36.5779 16.0247 2.5
    endloop
  endfacet
  facet normal -0 0 1
    outer loop
      vertex -39.4626 20.9403 2.5
      vertex -36.5779 16.0247 2.5
      vertex -38.9803 23.3808 2.5
    endloop
  endfacet
  facet normal 0 0 1
    outer loop
      vertex -36.5779 16.0247 2.5
      vertex -39.4626 20.9403 2.5
      vertex -36.7446 16.0937 2.5
    endloop
  endfacet
  facet normal 0 0 1
    outer loop
      vertex -36.7446 16.0937 2.5
      vertex -39.4626 20.9403 2.5
      vertex -36.9201 16.1358 2.5
    endloop
  endfacet
  facet normal -0 0 1
    outer loop
      vertex -39.7529 18.4762 2.5
      vertex -36.9201 16.1358 2.5
      vertex -39.4626 20.9403 2.5
    endloop
  endfacet
  facet normal 0 0 1
    outer loop
      vertex -36.9201 16.1358 2.5
      vertex -39.7529 18.4762 2.5
      vertex -37.1 16.15 2.5
    endloop
  endfacet
  facet normal 0 0 1
    outer loop
      vertex -37.1 16.15 2.5
      vertex -39.7529 18.4762 2.5
      vertex -37.2799 16.1358 2.5
    endloop
  endfacet
  facet normal 0 0 1
    outer loop
      vertex -37.2799 16.1358 2.5
      vertex -39.7529 18.4762 2.5
      vertex -37.4554 16.0937 2.5
    endloop
  endfacet
  facet normal 0 0 1
    outer loop
      vertex -37.4554 16.0937 2.5
      vertex -39.7529 18.4762 2.5
      vertex -37.6221 16.0247 2.5
    endloop
  endfacet
  facet normal 0 0 1
    outer loop
      vertex -37.6221 16.0247 2.5
      vertex -39.7529 18.4762 2.5
      vertex -37.776 15.9304 2.5
    endloop
  endfacet
  facet normal -0 0 1
    outer loop
      vertex -39.85 15.9953 2.5
      vertex -37.776 15.9304 2.5
      vertex -39.7529 18.4762 2.5
    endloop
  endfacet
  facet normal 0 0 1
    outer loop
      vertex -37.776 15.9304 2.5
      vertex -39.85 15.9953 2.5
      vertex -37.9132 15.8132 2.5
    endloop
  endfacet
  facet normal 0 0 1
    outer loop
      vertex -37.9132 15.8132 2.5
      vertex -39.85 15.9953 2.5
      vertex -38.0304 15.676 2.5
    endloop
  endfacet
  facet normal 0 0 1
    outer loop
      vertex -11 38.8041 2.5
      vertex -27.8642 31.6281 2.5
      vertex -27.85 31.4482 2.5
    endloop
  endfacet
  facet normal 0 0 1
    outer loop
      vertex -24.5449 43.9884 2.5
      vertex -27.9063 31.8036 2.5
      vertex -27.8642 31.6281 2.5
    endloop
  endfacet
  facet normal 0 0 1
    outer loop
      vertex -24.5449 43.9884 2.5
      vertex -27.9753 31.9703 2.5
      vertex -27.9063 31.8036 2.5
    endloop
  endfacet
  facet normal 0 0 1
    outer loop
      vertex -26.6756 42.3932 2.5
      vertex -28.0696 32.1241 2.5
      vertex -27.9753 31.9703 2.5
    endloop
  endfacet
  facet normal 0 0 1
    outer loop
      vertex -26.6756 42.3932 2.5
      vertex -28.1868 32.2614 2.5
      vertex -28.0696 32.1241 2.5
    endloop
  endfacet
  facet normal -0 0 1
    outer loop
      vertex -28.6757 40.6699 2.5
      vertex -28.1868 32.2614 2.5
      vertex -26.6756 42.3932 2.5
    endloop
  endfacet
  facet normal 0 0 1
    outer loop
      vertex -28.1868 32.2614 2.5
      vertex -28.6757 40.6699 2.5
      vertex -28.324 32.3786 2.5
    endloop
  endfacet
  facet normal 0 0 1
    outer loop
      vertex -28.324 32.3786 2.5
      vertex -28.6757 40.6699 2.5
      vertex -28.4779 32.4728 2.5
    endloop
  endfacet
  facet normal -0 0 1
    outer loop
      vertex -30.5361 38.8264 2.5
      vertex -28.4779 32.4728 2.5
      vertex -28.6757 40.6699 2.5
    endloop
  endfacet
  facet normal 0 0 1
    outer loop
      vertex -28.4779 32.4728 2.5
      vertex -30.5361 38.8264 2.5
      vertex -28.6446 32.5419 2.5
    endloop
  endfacet
  facet normal 0 0 1
    outer loop
      vertex -28.6446 32.5419 2.5
      vertex -30.5361 38.8264 2.5
      vertex -28.8201 32.584 2.5
    endloop
  endfacet
  facet normal 0 0 1
    outer loop
      vertex -28.8201 32.584 2.5
      vertex -30.5361 38.8264 2.5
      vertex -29 32.5982 2.5
    endloop
  endfacet
  facet normal -0 0 1
    outer loop
      vertex -32.2476 36.8719 2.5
      vertex -29 32.5982 2.5
      vertex -30.5361 38.8264 2.5
    endloop
  endfacet
  facet normal 0 0 1
    outer loop
      vertex -29 32.5982 2.5
      vertex -32.2476 36.8719 2.5
      vertex -29.1799 32.584 2.5
    endloop
  endfacet
  facet normal 0 0 1
    outer loop
      vertex -29.1799 32.584 2.5
      vertex -32.2476 36.8719 2.5
      vertex -29.3554 32.5419 2.5
    endloop
  endfacet
  facet normal 0 0 1
    outer loop
      vertex -29.3554 32.5419 2.5
      vertex -32.2476 36.8719 2.5
      vertex -29.5221 32.4728 2.5
    endloop
  endfacet
  facet normal 0 0 1
    outer loop
      vertex -29.5221 32.4728 2.5
      vertex -32.2476 36.8719 2.5
      vertex -29.676 32.3786 2.5
    endloop
  endfacet
  facet normal -0 0 1
    outer loop
      vertex -33.8018 34.8159 2.5
      vertex -29.676 32.3786 2.5
      vertex -32.2476 36.8719 2.5
    endloop
  endfacet
  facet normal 0 0 1
    outer loop
      vertex -29.676 32.3786 2.5
      vertex -33.8018 34.8159 2.5
      vertex -29.8132 32.2614 2.5
    endloop
  endfacet
  facet normal 0 0 1
    outer loop
      vertex -29.8132 32.2614 2.5
      vertex -33.8018 34.8159 2.5
      vertex -29.9304 32.1241 2.5
    endloop
  endfacet
  facet normal 0 0 1
    outer loop
      vertex -30.0247 31.9703 2.5
      vertex -33.8018 34.8159 2.5
      vertex -30.0937 31.8036 2.5
    endloop
  endfacet
  facet normal 0 0 1
    outer loop
      vertex -29.9304 32.1241 2.5
      vertex -33.8018 34.8159 2.5
      vertex -30.0247 31.9703 2.5
    endloop
  endfacet
  facet normal 0 0 1
    outer loop
      vertex 9.64667 50.4712 2.5
      vertex 11 38.8041 2.5
      vertex 12.322 49.7867 2.5
    endloop
  endfacet
  facet normal 0 0 1
    outer loop
      vertex 6.9245 50.9874 2.5
      vertex 11 38.8041 2.5
      vertex 9.64667 50.4712 2.5
    endloop
  endfacet
  facet normal 0 0 1
    outer loop
      vertex 4.16809 51.3331 2.5
      vertex 11 38.8041 2.5
      vertex 6.9245 50.9874 2.5
    endloop
  endfacet
  facet normal 0 0 1
    outer loop
      vertex 1.39172 51.5063 2.5
      vertex 11 38.8041 2.5
      vertex 4.16809 51.3331 2.5
    endloop
  endfacet
  facet normal -0 0 1
    outer loop
      vertex -1.39172 51.5063 2.5
      vertex 11 38.8041 2.5
      vertex 1.39172 51.5063 2.5
    endloop
  endfacet
  facet normal 0 0 1
    outer loop
      vertex -11 38.8041 2.5
      vertex -1.39172 51.5063 2.5
      vertex -4.16809 51.3331 2.5
    endloop
  endfacet
  facet normal 0 0 1
    outer loop
      vertex -11 38.8041 2.5
      vertex -4.16809 51.3331 2.5
      vertex -6.9245 50.9874 2.5
    endloop
  endfacet
  facet normal 0 0 1
    outer loop
      vertex -11 38.8041 2.5
      vertex -6.9245 50.9874 2.5
      vertex -9.64667 50.4712 2.5
    endloop
  endfacet
  facet normal 0 0 1
    outer loop
      vertex -1.39172 51.5063 2.5
      vertex -11 38.8041 2.5
      vertex 11 38.8041 2.5
    endloop
  endfacet
  facet normal -0 0 1
    outer loop
      vertex -14.9367 48.9376 2.5
      vertex -11 38.8041 2.5
      vertex -12.322 49.7867 2.5
    endloop
  endfacet
  facet normal -0 0 1
    outer loop
      vertex -12.322 49.7867 2.5
      vertex -11 38.8041 2.5
      vertex -9.64667 50.4712 2.5
    endloop
  endfacet
  facet normal 0 0 1
    outer loop
      vertex 35.1913 32.6688 2.5
      vertex 30.1358 31.6281 2.5
      vertex 30.15 31.4482 2.5
    endloop
  endfacet
  facet normal 0 0 1
    outer loop
      vertex 32.2476 36.8719 2.5
      vertex 30.0937 31.8036 2.5
      vertex 30.1358 31.6281 2.5
    endloop
  endfacet
  facet normal 0 0 1
    outer loop
      vertex 32.2476 36.8719 2.5
      vertex 30.0247 31.9703 2.5
      vertex 30.0937 31.8036 2.5
    endloop
  endfacet
  facet normal 0 0 1
    outer loop
      vertex 32.2476 36.8719 2.5
      vertex 29.9304 32.1241 2.5
      vertex 30.0247 31.9703 2.5
    endloop
  endfacet
  facet normal 0 0 1
    outer loop
      vertex 32.2476 36.8719 2.5
      vertex 29.8132 32.2614 2.5
      vertex 29.9304 32.1241 2.5
    endloop
  endfacet
  facet normal 0 0 1
    outer loop
      vertex 32.2476 36.8719 2.5
      vertex 29.676 32.3786 2.5
      vertex 29.8132 32.2614 2.5
    endloop
  endfacet
  facet normal 0 0 1
    outer loop
      vertex 32.2476 36.8719 2.5
      vertex 29.5221 32.4728 2.5
      vertex 29.676 32.3786 2.5
    endloop
  endfacet
  facet normal 0 0 1
    outer loop
      vertex 32.2476 36.8719 2.5
      vertex 29.3554 32.5419 2.5
      vertex 29.5221 32.4728 2.5
    endloop
  endfacet
  facet normal 0 0 1
    outer loop
      vertex 32.2476 36.8719 2.5
      vertex 29.1799 32.584 2.5
      vertex 29.3554 32.5419 2.5
    endloop
  endfacet
  facet normal 0 0 1
    outer loop
      vertex 32.2476 36.8719 2.5
      vertex 29 32.5982 2.5
      vertex 29.1799 32.584 2.5
    endloop
  endfacet
  facet normal 0 0 1
    outer loop
      vertex 30.5361 38.8264 2.5
      vertex 28.8201 32.584 2.5
      vertex 29 32.5982 2.5
    endloop
  endfacet
  facet normal 0 0 1
    outer loop
      vertex 28.4779 32.4728 2.5
      vertex 30.5361 38.8264 2.5
      vertex 28.6757 40.6699 2.5
    endloop
  endfacet
  facet normal 0 0 1
    outer loop
      vertex 30.5361 38.8264 2.5
      vertex 28.6446 32.5419 2.5
      vertex 28.8201 32.584 2.5
    endloop
  endfacet
  facet normal 0 0 1
    outer loop
      vertex 30.5361 38.8264 2.5
      vertex 28.4779 32.4728 2.5
      vertex 28.6446 32.5419 2.5
    endloop
  endfacet
  facet normal 0 0 1
    outer loop
      vertex 28.6757 40.6699 2.5
      vertex 28.324 32.3786 2.5
      vertex 28.4779 32.4728 2.5
    endloop
  endfacet
  facet normal 0 0 1
    outer loop
      vertex 28.6757 40.6699 2.5
      vertex 28.1868 32.2614 2.5
      vertex 28.324 32.3786 2.5
    endloop
  endfacet
  facet normal 0 0 1
    outer loop
      vertex 26.6756 42.3932 2.5
      vertex 28.1868 32.2614 2.5
      vertex 28.6757 40.6699 2.5
    endloop
  endfacet
  facet normal 0 0 1
    outer loop
      vertex 28.1868 32.2614 2.5
      vertex 26.6756 42.3932 2.5
      vertex 28.0696 32.1241 2.5
    endloop
  endfacet
  facet normal 0 0 1
    outer loop
      vertex 28.0696 32.1241 2.5
      vertex 26.6756 42.3932 2.5
      vertex 27.9753 31.9703 2.5
    endloop
  endfacet
  facet normal 0 0 1
    outer loop
      vertex 24.5449 43.9884 2.5
      vertex 27.9753 31.9703 2.5
      vertex 26.6756 42.3932 2.5
    endloop
  endfacet
  facet normal 0 0 1
    outer loop
      vertex 27.9753 31.9703 2.5
      vertex 11 38.8041 2.5
      vertex 27.9063 31.8036 2.5
    endloop
  endfacet
  facet normal -0 0 1
    outer loop
      vertex 11 38.8041 2.5
      vertex 27.9753 31.9703 2.5
      vertex 24.5449 43.9884 2.5
    endloop
  endfacet
  facet normal 0 0 1
    outer loop
      vertex 39.85 15.9953 2.5
      vertex 38.2358 15.1799 2.5
      vertex 38.25 15 2.5
    endloop
  endfacet
  facet normal 0 0 1
    outer loop
      vertex 38.9803 23.3808 2.5
      vertex 38.1937 15.3554 2.5
      vertex 38.2358 15.1799 2.5
    endloop
  endfacet
  facet normal 0 0 1
    outer loop
      vertex 38.9803 23.3808 2.5
      vertex 38.1247 15.5221 2.5
      vertex 38.1937 15.3554 2.5
    endloop
  endfacet
  facet normal 0 0 1
    outer loop
      vertex 38.9803 23.3808 2.5
      vertex 38.0304 15.676 2.5
      vertex 38.1247 15.5221 2.5
    endloop
  endfacet
  facet normal 0 0 1
    outer loop
      vertex 38.9803 23.3808 2.5
      vertex 37.9132 15.8132 2.5
      vertex 38.0304 15.676 2.5
    endloop
  endfacet
  facet normal 0 0 1
    outer loop
      vertex 38.9803 23.3808 2.5
      vertex 37.776 15.9304 2.5
      vertex 37.9132 15.8132 2.5
    endloop
  endfacet
  facet normal 0 0 1
    outer loop
      vertex 38.9803 23.3808 2.5
      vertex 37.6221 16.0247 2.5
      vertex 37.776 15.9304 2.5
    endloop
  endfacet
  facet normal 0 0 1
    outer loop
      vertex 38.9803 23.3808 2.5
      vertex 37.4554 16.0937 2.5
      vertex 37.6221 16.0247 2.5
    endloop
  endfacet
  facet normal 0 0 1
    outer loop
      vertex 29.5221 30.4235 2.5
      vertex 38.3084 25.7852 2.5
      vertex 37.45 28.1423 2.5
    endloop
  endfacet
  facet normal 0 0 1
    outer loop
      vertex 38.9803 23.3808 2.5
      vertex 37.2799 16.1358 2.5
      vertex 37.4554 16.0937 2.5
    endloop
  endfacet
  facet normal 0 0 1
    outer loop
      vertex 38.9803 23.3808 2.5
      vertex 37.1 16.15 2.5
      vertex 37.2799 16.1358 2.5
    endloop
  endfacet
  facet normal 0 0 1
    outer loop
      vertex 38.9803 23.3808 2.5
      vertex 36.9201 16.1358 2.5
      vertex 37.1 16.15 2.5
    endloop
  endfacet
  facet normal 0 0 1
    outer loop
      vertex 38.9803 23.3808 2.5
      vertex 36.7446 16.0937 2.5
      vertex 36.9201 16.1358 2.5
    endloop
  endfacet
  facet normal 0 0 1
    outer loop
      vertex 38.9803 23.3808 2.5
      vertex 36.5779 16.0247 2.5
      vertex 36.7446 16.0937 2.5
    endloop
  endfacet
  facet normal 0 0 1
    outer loop
      vertex 38.9803 23.3808 2.5
      vertex 36.424 15.9304 2.5
      vertex 36.5779 16.0247 2.5
    endloop
  endfacet
  facet normal 0 0 1
    outer loop
      vertex 29.8132 30.635 2.5
      vertex 37.45 28.1423 2.5
      vertex 36.4093 30.4406 2.5
    endloop
  endfacet
  facet normal 0 0 1
    outer loop
      vertex 38.3084 25.7852 2.5
      vertex 29.5221 30.4235 2.5
      vertex 29.3554 30.3545 2.5
    endloop
  endfacet
  facet normal -0 0 1
    outer loop
      vertex 29.1799 30.3123 2.5
      vertex 38.3084 25.7852 2.5
      vertex 29.3554 30.3545 2.5
    endloop
  endfacet
  facet normal 0 0 1
    outer loop
      vertex 38.9803 23.3808 2.5
      vertex 29.1799 30.3123 2.5
      vertex 36.2868 15.8132 2.5
    endloop
  endfacet
  facet normal 0 0 1
    outer loop
      vertex 38.9803 23.3808 2.5
      vertex 36.2868 15.8132 2.5
      vertex 36.424 15.9304 2.5
    endloop
  endfacet
  facet normal -0 0 1
    outer loop
      vertex 29 30.2982 2.5
      vertex 36.2868 15.8132 2.5
      vertex 29.1799 30.3123 2.5
    endloop
  endfacet
  facet normal 0 0 1
    outer loop
      vertex 36.2868 15.8132 2.5
      vertex 29 30.2982 2.5
      vertex 36.1696 15.676 2.5
    endloop
  endfacet
  facet normal -0 0 1
    outer loop
      vertex 30.0937 31.0928 2.5
      vertex 36.4093 30.4406 2.5
      vertex 35.1913 32.6688 2.5
    endloop
  endfacet
  facet normal 0 0 1
    outer loop
      vertex 38.2358 15.1799 2.5
      vertex 39.85 15.9953 2.5
      vertex 39.7529 18.4762 2.5
    endloop
  endfacet
  facet normal 0 0 1
    outer loop
      vertex 38.2358 15.1799 2.5
      vertex 39.7529 18.4762 2.5
      vertex 39.4626 20.9403 2.5
    endloop
  endfacet
  facet normal 0 0 1
    outer loop
      vertex 38.2358 15.1799 2.5
      vertex 39.4626 20.9403 2.5
      vertex 38.9803 23.3808 2.5
    endloop
  endfacet
  facet normal 0 0 1
    outer loop
      vertex 29.1799 30.3123 2.5
      vertex 38.9803 23.3808 2.5
      vertex 38.3084 25.7852 2.5
    endloop
  endfacet
  facet normal 0 0 1
    outer loop
      vertex 39.85 15.9953 2.5
      vertex 38.25 15 2.5
      vertex 38.2358 14.8201 2.5
    endloop
  endfacet
  facet normal 0 0 1
    outer loop
      vertex 38.1937 14.6446 2.5
      vertex 39.85 15.9953 2.5
      vertex 38.2358 14.8201 2.5
    endloop
  endfacet
  facet normal 0 0 1
    outer loop
      vertex 38.1247 14.4779 2.5
      vertex 39.85 15.9953 2.5
      vertex 38.1937 14.6446 2.5
    endloop
  endfacet
  facet normal 0 0 1
    outer loop
      vertex 38.0304 14.324 2.5
      vertex 39.85 15.9953 2.5
      vertex 38.1247 14.4779 2.5
    endloop
  endfacet
  facet normal 0 0 1
    outer loop
      vertex 39.85 15.9953 2.5
      vertex 38.0304 14.324 2.5
      vertex 39.85 7.2 2.5
    endloop
  endfacet
  facet normal -0 0 1
    outer loop
      vertex 37.9132 14.1868 2.5
      vertex 39.85 7.2 2.5
      vertex 38.0304 14.324 2.5
    endloop
  endfacet
  facet normal -0 0 1
    outer loop
      vertex 37.776 14.0696 2.5
      vertex 39.85 7.2 2.5
      vertex 37.9132 14.1868 2.5
    endloop
  endfacet
  facet normal -0 0 1
    outer loop
      vertex 37.6221 13.9753 2.5
      vertex 39.85 7.2 2.5
      vertex 37.776 14.0696 2.5
    endloop
  endfacet
  facet normal -0 0 1
    outer loop
      vertex 37.4554 13.9063 2.5
      vertex 39.85 7.2 2.5
      vertex 37.6221 13.9753 2.5
    endloop
  endfacet
  facet normal -0 0 1
    outer loop
      vertex 37.2799 13.8642 2.5
      vertex 39.85 7.2 2.5
      vertex 37.4554 13.9063 2.5
    endloop
  endfacet
  facet normal 0 0 1
    outer loop
      vertex 36.6 7.2 2.5
      vertex 37.2799 13.8642 2.5
      vertex 37.1 13.85 2.5
    endloop
  endfacet
  facet normal 0 0 1
    outer loop
      vertex 36.6 7.2 2.5
      vertex 37.1 13.85 2.5
      vertex 36.9201 13.8642 2.5
    endloop
  endfacet
  facet normal 0 0 1
    outer loop
      vertex 36.6 7.2 2.5
      vertex 36.9201 13.8642 2.5
      vertex 36.7446 13.9063 2.5
    endloop
  endfacet
  facet normal 0 0 1
    outer loop
      vertex 37.2799 13.8642 2.5
      vertex 36.6 7.2 2.5
      vertex 39.85 7.2 2.5
    endloop
  endfacet
  facet normal 0 0 1
    outer loop
      vertex 36.5779 13.9753 2.5
      vertex 36.6 7.2 2.5
      vertex 36.7446 13.9063 2.5
    endloop
  endfacet
  facet normal 0 0 1
    outer loop
      vertex 36.424 14.0696 2.5
      vertex 36.6 7.2 2.5
      vertex 36.5779 13.9753 2.5
    endloop
  endfacet
  facet normal 0 0 1
    outer loop
      vertex 36.2868 14.1868 2.5
      vertex 36.6 7.2 2.5
      vertex 36.424 14.0696 2.5
    endloop
  endfacet
  facet normal 0 0 1
    outer loop
      vertex 36.1696 14.324 2.5
      vertex 36.6 7.2 2.5
      vertex 36.2868 14.1868 2.5
    endloop
  endfacet
  facet normal 0 0 1
    outer loop
      vertex 36.0753 14.4779 2.5
      vertex 36.6 7.2 2.5
      vertex 36.1696 14.324 2.5
    endloop
  endfacet
  facet normal 0 0 1
    outer loop
      vertex 36.0063 14.6446 2.5
      vertex 36.6 7.2 2.5
      vertex 36.0753 14.4779 2.5
    endloop
  endfacet
  facet normal 0 0 1
    outer loop
      vertex 11 24.8041 2.5
      vertex 36.6 7.2 2.5
      vertex 36.0063 14.6446 2.5
    endloop
  endfacet
  facet normal 0 0 1
    outer loop
      vertex 11 24.8041 2.5
      vertex 36.0063 14.6446 2.5
      vertex 35.9642 14.8201 2.5
    endloop
  endfacet
  facet normal 0 0 1
    outer loop
      vertex 11 24.8041 2.5
      vertex 35.9642 14.8201 2.5
      vertex 35.95 15 2.5
    endloop
  endfacet
  facet normal 0 0 1
    outer loop
      vertex 30.1358 31.6281 2.5
      vertex 35.1913 32.6688 2.5
      vertex 33.8018 34.8159 2.5
    endloop
  endfacet
  facet normal 0 0 1
    outer loop
      vertex 36.4093 30.4406 2.5
      vertex 30.0247 30.9261 2.5
      vertex 29.9304 30.7722 2.5
    endloop
  endfacet
  facet normal 0 0 1
    outer loop
      vertex 30.1358 31.6281 2.5
      vertex 33.8018 34.8159 2.5
      vertex 32.2476 36.8719 2.5
    endloop
  endfacet
  facet normal 0 0 1
    outer loop
      vertex 29 32.5982 2.5
      vertex 32.2476 36.8719 2.5
      vertex 30.5361 38.8264 2.5
    endloop
  endfacet
  facet normal 0 0 1
    outer loop
      vertex 35.1913 32.6688 2.5
      vertex 30.15 31.4482 2.5
      vertex 30.1358 31.2683 2.5
    endloop
  endfacet
  facet normal 0 0 1
    outer loop
      vertex 35.1913 32.6688 2.5
      vertex 30.1358 31.2683 2.5
      vertex 30.0937 31.0928 2.5
    endloop
  endfacet
  facet normal 0 0 1
    outer loop
      vertex 36.4093 30.4406 2.5
      vertex 30.0937 31.0928 2.5
      vertex 30.0247 30.9261 2.5
    endloop
  endfacet
  facet normal 0 0 1
    outer loop
      vertex 36.4093 30.4406 2.5
      vertex 29.9304 30.7722 2.5
      vertex 29.8132 30.635 2.5
    endloop
  endfacet
  facet normal 0 0 1
    outer loop
      vertex 37.45 28.1423 2.5
      vertex 29.8132 30.635 2.5
      vertex 29.676 30.5178 2.5
    endloop
  endfacet
  facet normal 0 0 1
    outer loop
      vertex 37.45 28.1423 2.5
      vertex 29.676 30.5178 2.5
      vertex 29.5221 30.4235 2.5
    endloop
  endfacet
  facet normal 0 0 1
    outer loop
      vertex 28.8201 30.3123 2.5
      vertex 36.1696 15.676 2.5
      vertex 29 30.2982 2.5
    endloop
  endfacet
  facet normal 0 0 1
    outer loop
      vertex 36.1696 15.676 2.5
      vertex 28.8201 30.3123 2.5
      vertex 36.0753 15.5221 2.5
    endloop
  endfacet
  facet normal 0 0 1
    outer loop
      vertex 28.6446 30.3545 2.5
      vertex 36.0753 15.5221 2.5
      vertex 28.8201 30.3123 2.5
    endloop
  endfacet
  facet normal 0 0 1
    outer loop
      vertex 36.0753 15.5221 2.5
      vertex 28.6446 30.3545 2.5
      vertex 36.0063 15.3554 2.5
    endloop
  endfacet
  facet normal 0 0 1
    outer loop
      vertex 28.4779 30.4235 2.5
      vertex 36.0063 15.3554 2.5
      vertex 28.6446 30.3545 2.5
    endloop
  endfacet
  facet normal 0 0 1
    outer loop
      vertex 36.0063 15.3554 2.5
      vertex 28.4779 30.4235 2.5
      vertex 35.9642 15.1799 2.5
    endloop
  endfacet
  facet normal -0 0 1
    outer loop
      vertex 11 24.8041 2.5
      vertex 35.9642 15.1799 2.5
      vertex 28.4779 30.4235 2.5
    endloop
  endfacet
  facet normal 0 0 1
    outer loop
      vertex 35.9642 15.1799 2.5
      vertex 11 24.8041 2.5
      vertex 35.95 15 2.5
    endloop
  endfacet
  facet normal 0 0 1
    outer loop
      vertex 11 24.8041 2.5
      vertex 28.4779 30.4235 2.5
      vertex 28.324 30.5178 2.5
    endloop
  endfacet
  facet normal 0 0 1
    outer loop
      vertex 11 24.8041 2.5
      vertex 28.324 30.5178 2.5
      vertex 28.1868 30.635 2.5
    endloop
  endfacet
  facet normal 0 0 1
    outer loop
      vertex 11 24.8041 2.5
      vertex 28.1868 30.635 2.5
      vertex 28.0696 30.7722 2.5
    endloop
  endfacet
  facet normal 0 0 1
    outer loop
      vertex 11 24.8041 2.5
      vertex 28.0696 30.7722 2.5
      vertex 27.9753 30.9261 2.5
    endloop
  endfacet
  facet normal 0 0 1
    outer loop
      vertex 11 24.8041 2.5
      vertex 27.9753 30.9261 2.5
      vertex 27.9063 31.0928 2.5
    endloop
  endfacet
  facet normal 0 0 1
    outer loop
      vertex 27.9063 31.8036 2.5
      vertex 11 38.8041 2.5
      vertex 27.8642 31.6281 2.5
    endloop
  endfacet
  facet normal 0 0 1
    outer loop
      vertex 27.8642 31.6281 2.5
      vertex 11 38.8041 2.5
      vertex 27.85 31.4482 2.5
    endloop
  endfacet
  facet normal 0 0 1
    outer loop
      vertex 11 24.8041 2.5
      vertex 27.85 31.4482 2.5
      vertex 11 38.8041 2.5
    endloop
  endfacet
  facet normal 0 0 1
    outer loop
      vertex 11 38.8041 2.5
      vertex 24.5449 43.9884 2.5
      vertex 22.2946 45.4471 2.5
    endloop
  endfacet
  facet normal 0 0 1
    outer loop
      vertex 27.85 31.4482 2.5
      vertex 11 24.8041 2.5
      vertex 27.8642 31.2683 2.5
    endloop
  endfacet
  facet normal 0 0 1
    outer loop
      vertex 11 38.8041 2.5
      vertex 22.2946 45.4471 2.5
      vertex 19.9355 46.7623 2.5
    endloop
  endfacet
  facet normal 0 0 1
    outer loop
      vertex 11 38.8041 2.5
      vertex 19.9355 46.7623 2.5
      vertex 17.4789 47.9277 2.5
    endloop
  endfacet
  facet normal 0 0 1
    outer loop
      vertex 11 38.8041 2.5
      vertex 17.4789 47.9277 2.5
      vertex 14.9367 48.9376 2.5
    endloop
  endfacet
  facet normal 0 0 1
    outer loop
      vertex 11 38.8041 2.5
      vertex 14.9367 48.9376 2.5
      vertex 12.322 49.7867 2.5
    endloop
  endfacet
  facet normal 0 0 1
    outer loop
      vertex 27.8642 31.2683 2.5
      vertex 11 24.8041 2.5
      vertex 27.9063 31.0928 2.5
    endloop
  endfacet
  facet normal 0 0 1
    outer loop
      vertex 36.6 7.2 2.5
      vertex 11 24.8041 2.5
      vertex 36.6 5.45 2.5
    endloop
  endfacet
  facet normal -0 0 1
    outer loop
      vertex -11 24.8041 2.5
      vertex 36.6 5.45 2.5
      vertex 11 24.8041 2.5
    endloop
  endfacet
  facet normal -0 0 1
    outer loop
      vertex -17.4789 47.9277 2.5
      vertex -11 38.8041 2.5
      vertex -14.9367 48.9376 2.5
    endloop
  endfacet
  facet normal -0 0 1
    outer loop
      vertex -19.9355 46.7623 2.5
      vertex -11 38.8041 2.5
      vertex -17.4789 47.9277 2.5
    endloop
  endfacet
  facet normal -0 0 1
    outer loop
      vertex -22.2946 45.4471 2.5
      vertex -11 38.8041 2.5
      vertex -19.9355 46.7623 2.5
    endloop
  endfacet
  facet normal -0 0 1
    outer loop
      vertex -24.5449 43.9884 2.5
      vertex -11 38.8041 2.5
      vertex -22.2946 45.4471 2.5
    endloop
  endfacet
  facet normal 0 0 1
    outer loop
      vertex -27.8642 31.6281 2.5
      vertex -11 38.8041 2.5
      vertex -24.5449 43.9884 2.5
    endloop
  endfacet
  facet normal 0 0 1
    outer loop
      vertex -27.9753 31.9703 2.5
      vertex -24.5449 43.9884 2.5
      vertex -26.6756 42.3932 2.5
    endloop
  endfacet
  facet normal 0 0 1
    outer loop
      vertex -11 38.8041 2.5
      vertex -27.85 31.4482 2.5
      vertex -11 24.8041 2.5
    endloop
  endfacet
  facet normal -0 0 1
    outer loop
      vertex -27.8642 31.2683 2.5
      vertex -11 24.8041 2.5
      vertex -27.85 31.4482 2.5
    endloop
  endfacet
  facet normal -0 0 1
    outer loop
      vertex -27.9063 31.0928 2.5
      vertex -11 24.8041 2.5
      vertex -27.8642 31.2683 2.5
    endloop
  endfacet
  facet normal -0 0 1
    outer loop
      vertex -27.9753 30.9261 2.5
      vertex -11 24.8041 2.5
      vertex -27.9063 31.0928 2.5
    endloop
  endfacet
  facet normal -0 0 1
    outer loop
      vertex -28.0696 30.7722 2.5
      vertex -11 24.8041 2.5
      vertex -27.9753 30.9261 2.5
    endloop
  endfacet
  facet normal -0 0 1
    outer loop
      vertex -28.1868 30.635 2.5
      vertex -11 24.8041 2.5
      vertex -28.0696 30.7722 2.5
    endloop
  endfacet
  facet normal -0 0 1
    outer loop
      vertex -28.324 30.5178 2.5
      vertex -11 24.8041 2.5
      vertex -28.1868 30.635 2.5
    endloop
  endfacet
  facet normal -0 0 1
    outer loop
      vertex -28.4779 30.4235 2.5
      vertex -11 24.8041 2.5
      vertex -28.324 30.5178 2.5
    endloop
  endfacet
  facet normal 0 0 1
    outer loop
      vertex -35.9642 15.1799 2.5
      vertex -11 24.8041 2.5
      vertex -28.4779 30.4235 2.5
    endloop
  endfacet
  facet normal 0 0 1
    outer loop
      vertex -35.9642 15.1799 2.5
      vertex -28.4779 30.4235 2.5
      vertex -28.6446 30.3545 2.5
    endloop
  endfacet
  facet normal 0 0 1
    outer loop
      vertex -35.9642 15.1799 2.5
      vertex -28.6446 30.3545 2.5
      vertex -28.8201 30.3123 2.5
    endloop
  endfacet
  facet normal 0 0 1
    outer loop
      vertex -35.9642 15.1799 2.5
      vertex -28.8201 30.3123 2.5
      vertex -29 30.2982 2.5
    endloop
  endfacet
  facet normal 0 0 1
    outer loop
      vertex -35.9642 15.1799 2.5
      vertex -29 30.2982 2.5
      vertex -29.1799 30.3123 2.5
    endloop
  endfacet
  facet normal 0 0 1
    outer loop
      vertex -35.9642 15.1799 2.5
      vertex -29.1799 30.3123 2.5
      vertex -29.3554 30.3545 2.5
    endloop
  endfacet
  facet normal -0 0 1
    outer loop
      vertex -35.1913 32.6688 2.5
      vertex -30.0937 31.8036 2.5
      vertex -33.8018 34.8159 2.5
    endloop
  endfacet
  facet normal 0 0 1
    outer loop
      vertex -30.0937 31.8036 2.5
      vertex -35.1913 32.6688 2.5
      vertex -30.1358 31.6281 2.5
    endloop
  endfacet
  facet normal 0 0 1
    outer loop
      vertex -30.1358 31.6281 2.5
      vertex -35.1913 32.6688 2.5
      vertex -30.15 31.4482 2.5
    endloop
  endfacet
  facet normal 0 0 1
    outer loop
      vertex -30.15 31.4482 2.5
      vertex -35.1913 32.6688 2.5
      vertex -30.1358 31.2683 2.5
    endloop
  endfacet
  facet normal 0 0 1
    outer loop
      vertex -30.1358 31.2683 2.5
      vertex -35.1913 32.6688 2.5
      vertex -30.0937 31.0928 2.5
    endloop
  endfacet
  facet normal 0 0 1
    outer loop
      vertex -36.4093 30.4406 2.5
      vertex -30.0937 31.0928 2.5
      vertex -35.1913 32.6688 2.5
    endloop
  endfacet
  facet normal 0 0 1
    outer loop
      vertex -30.0937 31.0928 2.5
      vertex -36.4093 30.4406 2.5
      vertex -30.0247 30.9261 2.5
    endloop
  endfacet
  facet normal 0 0 1
    outer loop
      vertex -30.0247 30.9261 2.5
      vertex -36.4093 30.4406 2.5
      vertex -29.9304 30.7722 2.5
    endloop
  endfacet
  facet normal 0 0 1
    outer loop
      vertex -29.9304 30.7722 2.5
      vertex -36.4093 30.4406 2.5
      vertex -29.8132 30.635 2.5
    endloop
  endfacet
  facet normal 0 0 1
    outer loop
      vertex -37.45 28.1423 2.5
      vertex -29.8132 30.635 2.5
      vertex -36.4093 30.4406 2.5
    endloop
  endfacet
  facet normal 0 0 1
    outer loop
      vertex -35.9642 15.1799 2.5
      vertex -29.5221 30.4235 2.5
      vertex -29.676 30.5178 2.5
    endloop
  endfacet
  facet normal 0 0 1
    outer loop
      vertex -35.9642 15.1799 2.5
      vertex -29.3554 30.3545 2.5
      vertex -29.5221 30.4235 2.5
    endloop
  endfacet
  facet normal 0 0 1
    outer loop
      vertex -11 24.8041 2.5
      vertex -35.95 15 2.5
      vertex -35.9642 14.8201 2.5
    endloop
  endfacet
  facet normal 0 0 1
    outer loop
      vertex -36.0063 14.6446 2.5
      vertex -11 24.8041 2.5
      vertex -35.9642 14.8201 2.5
    endloop
  endfacet
  facet normal 0 0 1
    outer loop
      vertex -36.0753 14.4779 2.5
      vertex -11 24.8041 2.5
      vertex -36.0063 14.6446 2.5
    endloop
  endfacet
  facet normal 0 0 1
    outer loop
      vertex -11 24.8041 2.5
      vertex -36.0753 14.4779 2.5
      vertex -38.1 5.45 2.5
    endloop
  endfacet
  facet normal 0 0 1
    outer loop
      vertex -38.1 7.2 2.5
      vertex -36.0753 14.4779 2.5
      vertex -36.1696 14.324 2.5
    endloop
  endfacet
  facet normal 0 0 1
    outer loop
      vertex -38.1 7.2 2.5
      vertex -36.1696 14.324 2.5
      vertex -36.2868 14.1868 2.5
    endloop
  endfacet
  facet normal 0 0 1
    outer loop
      vertex -38.1 7.2 2.5
      vertex -36.2868 14.1868 2.5
      vertex -36.424 14.0696 2.5
    endloop
  endfacet
  facet normal 0 0 1
    outer loop
      vertex -38.1 7.2 2.5
      vertex -36.424 14.0696 2.5
      vertex -36.5779 13.9753 2.5
    endloop
  endfacet
  facet normal 0 0 1
    outer loop
      vertex -38.1 7.2 2.5
      vertex -36.5779 13.9753 2.5
      vertex -36.7446 13.9063 2.5
    endloop
  endfacet
  facet normal 0 0 1
    outer loop
      vertex -38.1 7.2 2.5
      vertex -36.7446 13.9063 2.5
      vertex -36.9201 13.8642 2.5
    endloop
  endfacet
  facet normal 0 0 1
    outer loop
      vertex -38.1 7.2 2.5
      vertex -36.9201 13.8642 2.5
      vertex -37.1 13.85 2.5
    endloop
  endfacet
  facet normal 0 0 1
    outer loop
      vertex -38.1 7.2 2.5
      vertex -37.1 13.85 2.5
      vertex -37.2799 13.8642 2.5
    endloop
  endfacet
  facet normal 0 0 1
    outer loop
      vertex -38.1 7.2 2.5
      vertex -37.9132 14.1868 2.5
      vertex -38.0304 14.324 2.5
    endloop
  endfacet
  facet normal 0 0 1
    outer loop
      vertex -38.1 7.2 2.5
      vertex -37.776 14.0696 2.5
      vertex -37.9132 14.1868 2.5
    endloop
  endfacet
  facet normal 0 0 1
    outer loop
      vertex -38.1 7.2 2.5
      vertex -37.6221 13.9753 2.5
      vertex -37.776 14.0696 2.5
    endloop
  endfacet
  facet normal 0 0 1
    outer loop
      vertex -38.1 7.2 2.5
      vertex -37.4554 13.9063 2.5
      vertex -37.6221 13.9753 2.5
    endloop
  endfacet
  facet normal 0 0 1
    outer loop
      vertex -38.1 7.2 2.5
      vertex -37.2799 13.8642 2.5
      vertex -37.4554 13.9063 2.5
    endloop
  endfacet
  facet normal 0 0 1
    outer loop
      vertex -36.0753 14.4779 2.5
      vertex -38.1 7.2 2.5
      vertex -38.1 5.45 2.5
    endloop
  endfacet
  facet normal 0 0 1
    outer loop
      vertex -11 24.8041 2.5
      vertex -38.1 5.45 2.5
      vertex 36.6 5.45 2.5
    endloop
  endfacet
  facet normal -0 0 1
    outer loop
      vertex -38.1 3.95 2.5
      vertex 36.6 2.25 2.5
      vertex 36.6 3.95 2.5
    endloop
  endfacet
  facet normal 0 0 1
    outer loop
      vertex 36.6 2.25 2.5
      vertex -38.1 3.95 2.5
      vertex -38.1 2.25 2.5
    endloop
  endfacet
  facet normal 0.20606 0.805524 -0.555582
    outer loop
      vertex 12.2647 49.5898 0.205026
      vertex 9.60216 50.2709 0.205026
      vertex 9.63512 50.4191 0.432122
    endloop
  endfacet
  facet normal 0.137685 0.538236 -0.831471
    outer loop
      vertex 12.2647 49.5898 0.205026
      vertex 9.55286 50.0491 0.0532846
      vertex 9.60216 50.2709 0.205026
    endloop
  endfacet
  facet normal -0.0691239 0.551337 -0.831414
    outer loop
      vertex -4.12791 50.9026 0.0532846
      vertex -6.89262 50.7848 0.205026
      vertex -4.14885 51.1288 0.205026
    endloop
  endfacet
  facet normal -0.0363534 0.191669 -0.980786
    outer loop
      vertex -6.81564 50.2956 0
      vertex -9.55286 50.0491 0.0532846
      vertex -6.85709 50.5604 0.0532846
    endloop
  endfacet
  facet normal -0.0242712 0.193561 -0.980788
    outer loop
      vertex -6.81564 50.2956 0
      vertex -6.85709 50.5604 0.0532846
      vertex -4.10258 50.6358 0
    endloop
  endfacet
  facet normal -0.182735 0.963651 -0.194895
    outer loop
      vertex -6.91618 50.9348 0.432122
      vertex -9.64667 50.4712 0.700001
      vertex -6.9245 50.9874 0.700001
    endloop
  endfacet
  facet normal -0.0622626 0.99806 0
    outer loop
      vertex -1.39172 51.5063 0.700001
      vertex -4.16809 51.3331 2.5
      vertex -1.39172 51.5063 2.5
    endloop
  endfacet
  facet normal -0.0622626 0.99806 0
    outer loop
      vertex -4.16809 51.3331 2.5
      vertex -1.39172 51.5063 0.700001
      vertex -4.16809 51.3331 0.700001
    endloop
  endfacet
  facet normal -0.0610657 0.978874 -0.195132
    outer loop
      vertex -1.39012 51.453 0.432122
      vertex -4.16809 51.3331 0.700001
      vertex -1.39172 51.5063 0.700001
    endloop
  endfacet
  facet normal 0.302133 0.466067 -0.831563
    outer loop
      vertex 24.2975 43.6337 0.0532846
      vertex 22.0717 45.0766 0.0532846
      vertex 24.4276 43.8201 0.205026
    endloop
  endfacet
  facet normal 0.332859 0.444628 -0.831571
    outer loop
      vertex 26.4047 42.0562 0.0532846
      vertex 24.2975 43.6337 0.0532846
      vertex 24.4276 43.8201 0.205026
    endloop
  endfacet
  facet normal 0.270471 0.48514 -0.831555
    outer loop
      vertex 22.0717 45.0766 0.0532846
      vertex 19.7374 46.378 0.0532846
      vertex 19.8416 46.58 0.205026
    endloop
  endfacet
  facet normal 0.270566 0.48527 -0.831449
    outer loop
      vertex 22.0717 45.0766 0.0532846
      vertex 19.8416 46.58 0.205026
      vertex 22.1888 45.2713 0.205026
    endloop
  endfacet
  facet normal 0.542692 0.629882 -0.555639
    outer loop
      vertex 28.5365 40.5192 0.205026
      vertex 26.6421 42.3517 0.432122
      vertex 28.6396 40.6307 0.432122
    endloop
  endfacet
  facet normal 0.498293 0.665543 -0.555659
    outer loop
      vertex 26.547 42.2333 0.205026
      vertex 24.4276 43.8201 0.205026
      vertex 26.6421 42.3517 0.432122
    endloop
  endfacet
  facet normal 0.137318 0.138576 -0.980786
    outer loop
      vertex 30.0257 38.3467 0
      vertex 28.3822 40.3524 0.0532846
      vertex 30.221 38.5303 0.0532846
    endloop
  endfacet
  facet normal 0.391062 0.394646 -0.831459
    outer loop
      vertex 30.221 38.5303 0.0532846
      vertex 28.3822 40.3524 0.0532846
      vertex 30.3866 38.6859 0.205026
    endloop
  endfacet
  facet normal 0.587825 0.785132 -0.19501
    outer loop
      vertex 26.6421 42.3517 0.432122
      vertex 24.5144 43.9447 0.432122
      vertex 24.5449 43.9884 0.700001
    endloop
  endfacet
  facet normal 0.498302 0.66556 -0.55563
    outer loop
      vertex 26.6421 42.3517 0.432122
      vertex 24.4276 43.8201 0.205026
      vertex 24.5144 43.9447 0.432122
    endloop
  endfacet
  facet normal 0.506068 0.229165 -0.831491
    outer loop
      vertex 37.0496 27.979 0.0532846
      vertex 36.0223 30.2476 0.0532846
      vertex 36.2257 30.349 0.205026
    endloop
  endfacet
  facet normal 0.487472 0.26646 -0.831486
    outer loop
      vertex 36.0223 30.2476 0.0532846
      vertex 34.8198 32.4475 0.0532846
      vertex 36.2257 30.349 0.205026
    endloop
  endfacet
  facet normal 0.729517 0.398802 -0.555663
    outer loop
      vertex 36.2257 30.349 0.205026
      vertex 35.015 32.5637 0.205026
      vertex 35.1455 32.6414 0.432122
    endloop
  endfacet
  facet normal 0.823395 0.532812 -0.195277
    outer loop
      vertex 35.1455 32.6414 0.432122
      vertex 33.7582 34.7853 0.432122
      vertex 35.1913 32.6688 0.700001
    endloop
  endfacet
  facet normal 0.698019 0.451682 -0.555656
    outer loop
      vertex 35.015 32.5637 0.205026
      vertex 33.7582 34.7853 0.432122
      vertex 35.1455 32.6414 0.432122
    endloop
  endfacet
  facet normal 0.698082 0.451708 -0.555556
    outer loop
      vertex 35.015 32.5637 0.205026
      vertex 33.6337 34.6984 0.205026
      vertex 33.7582 34.7853 0.432122
    endloop
  endfacet
  facet normal -0.877462 0.479647 0
    outer loop
      vertex -36.4093 30.4406 0.700001
      vertex -35.1913 32.6688 2.5
      vertex -35.1913 32.6688 0.700001
    endloop
  endfacet
  facet normal -0.877462 0.479647 0
    outer loop
      vertex -35.1913 32.6688 2.5
      vertex -36.4093 30.4406 0.700001
      vertex -36.4093 30.4406 2.5
    endloop
  endfacet
  facet normal -0.86061 0.470435 -0.195041
    outer loop
      vertex -36.3616 30.4168 0.432122
      vertex -36.4093 30.4406 0.700001
      vertex -35.1913 32.6688 0.700001
    endloop
  endfacet
  facet normal -0.893454 0.404597 -0.19504
    outer loop
      vertex -36.3616 30.4168 0.432122
      vertex -37.4007 28.1222 0.432122
      vertex -36.4093 30.4406 0.700001
    endloop
  endfacet
  facet normal -0.443249 0.335072 -0.831419
    outer loop
      vertex -31.9122 36.599 0.0532846
      vertex -33.4476 34.5679 0.0532846
      vertex -32.0885 36.7423 0.205026
    endloop
  endfacet
  facet normal -0.417973 0.366011 -0.831465
    outer loop
      vertex -30.221 38.5303 0.0532846
      vertex -31.9122 36.599 0.0532846
      vertex -30.3866 38.6859 0.205026
    endloop
  endfacet
  facet normal -0.640207 0.743039 -0.195008
    outer loop
      vertex -28.6396 40.6307 0.432122
      vertex -28.6757 40.6699 0.700001
      vertex -26.6756 42.3932 0.700001
    endloop
  endfacet
  facet normal -0.640174 0.743026 -0.195168
    outer loop
      vertex -26.6421 42.3517 0.432122
      vertex -28.6396 40.6307 0.432122
      vertex -26.6756 42.3932 0.700001
    endloop
  endfacet
  facet normal -0.418049 0.366061 -0.831405
    outer loop
      vertex -31.9122 36.599 0.0532846
      vertex -32.0885 36.7423 0.205026
      vertex -30.3866 38.6859 0.205026
    endloop
  endfacet
  facet normal -0.625479 0.547696 -0.555702
    outer loop
      vertex -32.0885 36.7423 0.205026
      vertex -32.2062 36.8383 0.432122
      vertex -30.3866 38.6859 0.205026
    endloop
  endfacet
  facet normal -0.404915 0.726258 -0.555511
    outer loop
      vertex -19.8416 46.58 0.205026
      vertex -22.2671 45.4014 0.432122
      vertex -19.9112 46.7149 0.432122
    endloop
  endfacet
  facet normal -0.404891 0.726186 -0.555623
    outer loop
      vertex -22.1888 45.2713 0.205026
      vertex -22.2671 45.4014 0.432122
      vertex -19.8416 46.58 0.205026
    endloop
  endfacet
  facet normal -0.11693 0.156193 -0.980781
    outer loop
      vertex -24.1443 43.4138 0
      vertex -26.4047 42.0562 0.0532846
      vertex -24.2975 43.6337 0.0532846
    endloop
  endfacet
  facet normal -0.116914 0.156166 -0.980787
    outer loop
      vertex -26.237 41.8471 0
      vertex -26.4047 42.0562 0.0532846
      vertex -24.1443 43.4138 0
    endloop
  endfacet
  facet normal -0.533498 0.823015 -0.195004
    outer loop
      vertex -24.5144 43.9447 0.432122
      vertex -24.5449 43.9884 0.700001
      vertex -22.2946 45.4471 0.700001
    endloop
  endfacet
  facet normal -0.238072 0.501847 -0.831548
    outer loop
      vertex -19.7374 46.378 0.0532846
      vertex -19.8416 46.58 0.205026
      vertex -17.397 47.7397 0.205026
    endloop
  endfacet
  facet normal -0.0949806 0.170365 -0.980793
    outer loop
      vertex -21.9333 44.847 0
      vertex -22.0717 45.0766 0.0532846
      vertex -19.7374 46.378 0.0532846
    endloop
  endfacet
  facet normal 0.238072 0.501847 -0.831548
    outer loop
      vertex 19.7374 46.378 0.0532846
      vertex 17.397 47.7397 0.205026
      vertex 19.8416 46.58 0.205026
    endloop
  endfacet
  facet normal 0.356396 0.751268 -0.555498
    outer loop
      vertex 19.8416 46.58 0.205026
      vertex 17.397 47.7397 0.205026
      vertex 19.9112 46.7149 0.432122
    endloop
  endfacet
  facet normal 0.420395 0.88617 -0.194862
    outer loop
      vertex 19.9355 46.7623 0.700001
      vertex 17.4576 47.8789 0.432122
      vertex 17.4789 47.9277 0.700001
    endloop
  endfacet
  facet normal 0.420395 0.886153 -0.194936
    outer loop
      vertex 19.9112 46.7149 0.432122
      vertex 17.4576 47.8789 0.432122
      vertex 19.9355 46.7623 0.700001
    endloop
  endfacet
  facet normal 0.182735 0.963651 -0.194895
    outer loop
      vertex 9.64667 50.4712 0.700001
      vertex 6.91618 50.9348 0.432122
      vertex 6.9245 50.9874 0.700001
    endloop
  endfacet
  facet normal 0.15493 0.816869 -0.555627
    outer loop
      vertex 9.60216 50.2709 0.205026
      vertex 6.89262 50.7848 0.205026
      vertex 6.91618 50.9348 0.432122
    endloop
  endfacet
  facet normal -0.103438 0.824968 -0.555634
    outer loop
      vertex -6.89262 50.7848 0.205026
      vertex -6.91618 50.9348 0.432122
      vertex -4.16304 51.28 0.432122
    endloop
  endfacet
  facet normal -0.103425 0.824927 -0.555697
    outer loop
      vertex -4.14885 51.1288 0.205026
      vertex -6.89262 50.7848 0.205026
      vertex -4.16304 51.28 0.432122
    endloop
  endfacet
  facet normal -0.171601 0.528407 -0.831468
    outer loop
      vertex -14.7901 48.5309 0.0532846
      vertex -14.8673 48.7446 0.205026
      vertex -12.2647 49.5898 0.205026
    endloop
  endfacet
  facet normal -0.205097 0.516313 -0.831478
    outer loop
      vertex -14.7901 48.5309 0.0532846
      vertex -17.3065 47.5313 0.0532846
      vertex -14.8673 48.7446 0.205026
    endloop
  endfacet
  facet normal -0.0602619 0.185567 -0.980782
    outer loop
      vertex -12.127 49.1141 0
      vertex -14.7901 48.5309 0.0532846
      vertex -12.2016 49.3715 0.0532846
    endloop
  endfacet
  facet normal -0.171587 0.528376 -0.831491
    outer loop
      vertex -12.2016 49.3715 0.0532846
      vertex -14.7901 48.5309 0.0532846
      vertex -12.2647 49.5898 0.205026
    endloop
  endfacet
  facet normal -0.0602487 0.185506 -0.980794
    outer loop
      vertex -14.6992 48.2787 0
      vertex -14.7901 48.5309 0.0532846
      vertex -12.127 49.1141 0
    endloop
  endfacet
  facet normal -0.247872 0.968793 0
    outer loop
      vertex -9.64667 50.4712 0.700001
      vertex -12.322 49.7867 2.5
      vertex -9.64667 50.4712 2.5
    endloop
  endfacet
  facet normal -0.247872 0.968793 0
    outer loop
      vertex -12.322 49.7867 2.5
      vertex -9.64667 50.4712 0.700001
      vertex -12.322 49.7867 0.700001
    endloop
  endfacet
  facet normal 0.404891 0.726186 -0.555623
    outer loop
      vertex 22.1888 45.2713 0.205026
      vertex 19.8416 46.58 0.205026
      vertex 22.2671 45.4014 0.432122
    endloop
  endfacet
  facet normal 0.404915 0.726258 -0.555511
    outer loop
      vertex 22.2671 45.4014 0.432122
      vertex 19.8416 46.58 0.205026
      vertex 19.9112 46.7149 0.432122
    endloop
  endfacet
  facet normal 0.542684 0.629876 -0.555653
    outer loop
      vertex 28.5365 40.5192 0.205026
      vertex 26.547 42.2333 0.205026
      vertex 26.6421 42.3517 0.432122
    endloop
  endfacet
  facet normal 0.362683 0.420954 -0.83142
    outer loop
      vertex 28.5365 40.5192 0.205026
      vertex 26.4047 42.0562 0.0532846
      vertex 26.547 42.2333 0.205026
    endloop
  endfacet
  facet normal -0.860562 0.470435 -0.195251
    outer loop
      vertex -35.1455 32.6414 0.432122
      vertex -36.3616 30.4168 0.432122
      vertex -35.1913 32.6688 0.700001
    endloop
  endfacet
  facet normal -0.729534 0.398807 -0.555637
    outer loop
      vertex -36.2257 30.349 0.205026
      vertex -36.3616 30.4168 0.432122
      vertex -35.1455 32.6414 0.432122
    endloop
  endfacet
  facet normal -0.543941 0.839124 0
    outer loop
      vertex -22.2946 45.4471 0.700001
      vertex -24.5449 43.9884 2.5
      vertex -22.2946 45.4471 2.5
    endloop
  endfacet
  facet normal -0.543941 0.839124 0
    outer loop
      vertex -24.5449 43.9884 2.5
      vertex -22.2946 45.4471 0.700001
      vertex -24.5449 43.9884 0.700001
    endloop
  endfacet
  facet normal -0.302213 0.466231 -0.831442
    outer loop
      vertex -22.0717 45.0766 0.0532846
      vertex -24.4276 43.8201 0.205026
      vertex -22.1888 45.2713 0.205026
    endloop
  endfacet
  facet normal -0.302133 0.466067 -0.831563
    outer loop
      vertex -24.2975 43.6337 0.0532846
      vertex -24.4276 43.8201 0.205026
      vertex -22.0717 45.0766 0.0532846
    endloop
  endfacet
  facet normal -0.498302 0.66556 -0.55563
    outer loop
      vertex -24.4276 43.8201 0.205026
      vertex -26.6421 42.3517 0.432122
      vertex -24.5144 43.9447 0.432122
    endloop
  endfacet
  facet normal -0.356396 0.751268 -0.555498
    outer loop
      vertex -19.8416 46.58 0.205026
      vertex -19.9112 46.7149 0.432122
      vertex -17.397 47.7397 0.205026
    endloop
  endfacet
  facet normal 0.247872 0.968793 -0
    outer loop
      vertex 12.322 49.7867 0.700001
      vertex 9.64667 50.4712 2.5
      vertex 12.322 49.7867 2.5
    endloop
  endfacet
  facet normal 0.247872 0.968793 0
    outer loop
      vertex 9.64667 50.4712 2.5
      vertex 12.322 49.7867 0.700001
      vertex 9.64667 50.4712 0.700001
    endloop
  endfacet
  facet normal 0.243111 0.950187 -0.195042
    outer loop
      vertex 12.3072 49.7355 0.432122
      vertex 9.64667 50.4712 0.700001
      vertex 12.322 49.7867 0.700001
    endloop
  endfacet
  facet normal 0.103438 0.824968 -0.555634
    outer loop
      vertex 6.89262 50.7848 0.205026
      vertex 4.16304 51.28 0.432122
      vertex 6.91618 50.9348 0.432122
    endloop
  endfacet
  facet normal 0.122017 0.973144 -0.195201
    outer loop
      vertex 6.91618 50.9348 0.432122
      vertex 4.16304 51.28 0.432122
      vertex 4.16809 51.3331 0.700001
    endloop
  endfacet
  facet normal -0.0242716 0.193575 -0.980785
    outer loop
      vertex -4.10258 50.6358 0
      vertex -6.85709 50.5604 0.0532846
      vertex -4.12791 50.9026 0.0532846
    endloop
  endfacet
  facet normal -0.20606 0.805524 -0.555582
    outer loop
      vertex -9.60216 50.2709 0.205026
      vertex -12.2647 49.5898 0.205026
      vertex -9.63512 50.4191 0.432122
    endloop
  endfacet
  facet normal -0.15494 0.816897 -0.555584
    outer loop
      vertex -9.60216 50.2709 0.205026
      vertex -9.63512 50.4191 0.432122
      vertex -6.91618 50.9348 0.432122
    endloop
  endfacet
  facet normal -0.15493 0.816869 -0.555627
    outer loop
      vertex -6.89262 50.7848 0.205026
      vertex -9.60216 50.2709 0.205026
      vertex -6.91618 50.9348 0.432122
    endloop
  endfacet
  facet normal -0.533466 0.822997 -0.195167
    outer loop
      vertex -22.2671 45.4014 0.432122
      vertex -24.5144 43.9447 0.432122
      vertex -22.2946 45.4471 0.700001
    endloop
  endfacet
  facet normal -0.4776 0.856625 -0.195169
    outer loop
      vertex -22.2671 45.4014 0.432122
      vertex -22.2946 45.4471 0.700001
      vertex -19.9112 46.7149 0.432122
    endloop
  endfacet
  facet normal -0.103528 0.545851 -0.831462
    outer loop
      vertex -6.85709 50.5604 0.0532846
      vertex -9.60216 50.2709 0.205026
      vertex -6.89262 50.7848 0.205026
    endloop
  endfacet
  facet normal -0.0691236 0.551288 -0.831447
    outer loop
      vertex -6.85709 50.5604 0.0532846
      vertex -6.89262 50.7848 0.205026
      vertex -4.12791 50.9026 0.0532846
    endloop
  endfacet
  facet normal -0.243077 0.950148 -0.195276
    outer loop
      vertex -9.63512 50.4191 0.432122
      vertex -12.3072 49.7355 0.432122
      vertex -9.64667 50.4712 0.700001
    endloop
  endfacet
  facet normal -0.206101 0.805614 -0.555436
    outer loop
      vertex -12.2647 49.5898 0.205026
      vertex -12.3072 49.7355 0.432122
      vertex -9.63512 50.4191 0.432122
    endloop
  endfacet
  facet normal -0.103526 0.545831 -0.831475
    outer loop
      vertex -9.55286 50.0491 0.0532846
      vertex -9.60216 50.2709 0.205026
      vertex -6.85709 50.5604 0.0532846
    endloop
  endfacet
  facet normal -0.137685 0.538236 -0.831471
    outer loop
      vertex -9.55286 50.0491 0.0532846
      vertex -12.2647 49.5898 0.205026
      vertex -9.60216 50.2709 0.205026
    endloop
  endfacet
  facet normal -0.270566 0.48527 -0.831449
    outer loop
      vertex -22.0717 45.0766 0.0532846
      vertex -22.1888 45.2713 0.205026
      vertex -19.8416 46.58 0.205026
    endloop
  endfacet
  facet normal -0.452242 0.697684 -0.555621
    outer loop
      vertex -22.1888 45.2713 0.205026
      vertex -24.4276 43.8201 0.205026
      vertex -22.2671 45.4014 0.432122
    endloop
  endfacet
  facet normal -0.333017 0.444792 -0.831421
    outer loop
      vertex -26.4047 42.0562 0.0532846
      vertex -26.547 42.2333 0.205026
      vertex -24.4276 43.8201 0.205026
    endloop
  endfacet
  facet normal -0.498293 0.665543 -0.555659
    outer loop
      vertex -26.547 42.2333 0.205026
      vertex -26.6421 42.3517 0.432122
      vertex -24.4276 43.8201 0.205026
    endloop
  endfacet
  facet normal -0.233084 0.972457 0
    outer loop
      vertex -6.87553 28.3054 1
      vertex -7.03574 28.267 5
      vertex -6.87553 28.3054 5
    endloop
  endfacet
  facet normal -0.233084 0.972457 0
    outer loop
      vertex -7.03574 28.267 5
      vertex -6.87553 28.3054 1
      vertex -7.03574 28.267 1
    endloop
  endfacet
  facet normal -0.972371 -0.233442 0
    outer loop
      vertex -6.16293 29.4683 1
      vertex -6.20139 29.6285 5
      vertex -6.20139 29.6285 1
    endloop
  endfacet
  facet normal -0.972371 -0.233442 0
    outer loop
      vertex -6.20139 29.6285 5
      vertex -6.16293 29.4683 1
      vertex -6.16293 29.4683 5
    endloop
  endfacet
  facet normal -0.996914 -0.0785024 0
    outer loop
      vertex -6.15 29.3041 1
      vertex -6.16293 29.4683 5
      vertex -6.16293 29.4683 1
    endloop
  endfacet
  facet normal -0.996914 -0.0785024 0
    outer loop
      vertex -6.16293 29.4683 5
      vertex -6.15 29.3041 1
      vertex -6.15 29.3041 5
    endloop
  endfacet
  facet normal -0.923865 -0.382718 0
    outer loop
      vertex -6.20139 29.6285 1
      vertex -6.26444 29.7807 5
      vertex -6.26444 29.7807 1
    endloop
  endfacet
  facet normal -0.923865 -0.382718 0
    outer loop
      vertex -6.26444 29.7807 5
      vertex -6.20139 29.6285 1
      vertex -6.20139 29.6285 5
    endloop
  endfacet
  facet normal 0.996914 -0.0785024 0
    outer loop
      vertex -8.25 29.3041 5
      vertex -8.23707 29.4683 1
      vertex -8.23707 29.4683 5
    endloop
  endfacet
  facet normal 0.996914 -0.0785024 0
    outer loop
      vertex -8.23707 29.4683 1
      vertex -8.25 29.3041 5
      vertex -8.25 29.3041 1
    endloop
  endfacet
  facet normal -0.852663 0.522461 0
    outer loop
      vertex -6.35053 28.6869 1
      vertex -6.26444 28.8274 5
      vertex -6.26444 28.8274 1
    endloop
  endfacet
  facet normal -0.852663 0.522461 0
    outer loop
      vertex -6.26444 28.8274 5
      vertex -6.35053 28.6869 1
      vertex -6.35053 28.6869 5
    endloop
  endfacet
  facet normal 0.972371 0.233442 0
    outer loop
      vertex -8.19861 28.9796 5
      vertex -8.23707 29.1398 1
      vertex -8.23707 29.1398 5
    endloop
  endfacet
  facet normal 0.972371 0.233442 0
    outer loop
      vertex -8.23707 29.1398 1
      vertex -8.19861 28.9796 5
      vertex -8.19861 28.9796 1
    endloop
  endfacet
  facet normal 0.233084 0.972457 -0
    outer loop
      vertex -7.36426 28.267 1
      vertex -7.52447 28.3054 5
      vertex -7.36426 28.267 5
    endloop
  endfacet
  facet normal 0.233084 0.972457 0
    outer loop
      vertex -7.52447 28.3054 5
      vertex -7.36426 28.267 1
      vertex -7.52447 28.3054 1
    endloop
  endfacet
  facet normal -0.760425 -0.649426 0
    outer loop
      vertex -6.35053 29.9212 1
      vertex -6.45754 30.0465 5
      vertex -6.45754 30.0465 1
    endloop
  endfacet
  facet normal -0.760425 -0.649426 0
    outer loop
      vertex -6.45754 30.0465 5
      vertex -6.35053 29.9212 1
      vertex -6.35053 29.9212 5
    endloop
  endfacet
  facet normal -0.852663 -0.522461 0
    outer loop
      vertex -6.26444 29.7807 1
      vertex -6.35053 29.9212 5
      vertex -6.35053 29.9212 1
    endloop
  endfacet
  facet normal -0.852663 -0.522461 0
    outer loop
      vertex -6.35053 29.9212 5
      vertex -6.26444 29.7807 1
      vertex -6.26444 29.7807 5
    endloop
  endfacet
  facet normal 0.233084 -0.972457 0
    outer loop
      vertex -7.52447 30.3027 1
      vertex -7.36426 30.3411 5
      vertex -7.52447 30.3027 5
    endloop
  endfacet
  facet normal 0.233084 -0.972457 0
    outer loop
      vertex -7.36426 30.3411 5
      vertex -7.52447 30.3027 1
      vertex -7.36426 30.3411 1
    endloop
  endfacet
  facet normal 0.0788961 0.996883 -0
    outer loop
      vertex -7.2 28.254 1
      vertex -7.36426 28.267 5
      vertex -7.2 28.254 5
    endloop
  endfacet
  facet normal 0.0788961 0.996883 0
    outer loop
      vertex -7.36426 28.267 5
      vertex -7.2 28.254 1
      vertex -7.36426 28.267 1
    endloop
  endfacet
  facet normal -0.760425 0.649426 0
    outer loop
      vertex -6.45754 28.5616 1
      vertex -6.35053 28.6869 5
      vertex -6.35053 28.6869 1
    endloop
  endfacet
  facet normal -0.760425 0.649426 0
    outer loop
      vertex -6.35053 28.6869 5
      vertex -6.45754 28.5616 1
      vertex -6.45754 28.5616 5
    endloop
  endfacet
  facet normal 0.382934 -0.923776 0
    outer loop
      vertex -7.67669 30.2396 1
      vertex -7.52447 30.3027 5
      vertex -7.67669 30.2396 5
    endloop
  endfacet
  facet normal 0.382934 -0.923776 0
    outer loop
      vertex -7.52447 30.3027 5
      vertex -7.67669 30.2396 1
      vertex -7.52447 30.3027 1
    endloop
  endfacet
  facet normal -0.996918 0.0784549 0
    outer loop
      vertex -6.16293 29.1398 1
      vertex -6.15 29.3041 5
      vertex -6.15 29.3041 1
    endloop
  endfacet
  facet normal -0.996918 0.0784549 0
    outer loop
      vertex -6.15 29.3041 5
      vertex -6.16293 29.1398 1
      vertex -6.16293 29.1398 5
    endloop
  endfacet
  facet normal -0.923865 0.382718 0
    outer loop
      vertex -6.26444 28.8274 1
      vertex -6.20139 28.9796 5
      vertex -6.20139 28.9796 1
    endloop
  endfacet
  facet normal -0.923865 0.382718 0
    outer loop
      vertex -6.20139 28.9796 5
      vertex -6.26444 28.8274 1
      vertex -6.26444 28.8274 5
    endloop
  endfacet
  facet normal 0.649421 -0.760429 0
    outer loop
      vertex -7.94246 30.0465 1
      vertex -7.81717 30.1535 5
      vertex -7.94246 30.0465 5
    endloop
  endfacet
  facet normal 0.649421 -0.760429 0
    outer loop
      vertex -7.81717 30.1535 5
      vertex -7.94246 30.0465 1
      vertex -7.81717 30.1535 1
    endloop
  endfacet
  facet normal 0.972371 -0.233442 0
    outer loop
      vertex -8.23707 29.4683 5
      vertex -8.19861 29.6285 1
      vertex -8.19861 29.6285 5
    endloop
  endfacet
  facet normal 0.972371 -0.233442 0
    outer loop
      vertex -8.19861 29.6285 1
      vertex -8.23707 29.4683 5
      vertex -8.23707 29.4683 1
    endloop
  endfacet
  facet normal -0.078293 -0.99693 0
    outer loop
      vertex -7.2 30.354 1
      vertex -7.03574 30.3411 5
      vertex -7.2 30.354 5
    endloop
  endfacet
  facet normal -0.078293 -0.99693 -0
    outer loop
      vertex -7.03574 30.3411 5
      vertex -7.2 30.354 1
      vertex -7.03574 30.3411 1
    endloop
  endfacet
  facet normal 0.649421 0.760429 -0
    outer loop
      vertex -7.81717 28.4546 1
      vertex -7.94246 28.5616 5
      vertex -7.81717 28.4546 5
    endloop
  endfacet
  facet normal 0.649421 0.760429 0
    outer loop
      vertex -7.94246 28.5616 5
      vertex -7.81717 28.4546 1
      vertex -7.94246 28.5616 1
    endloop
  endfacet
  facet normal 0.382934 0.923776 -0
    outer loop
      vertex -7.52447 28.3054 1
      vertex -7.67669 28.3685 5
      vertex -7.52447 28.3054 5
    endloop
  endfacet
  facet normal 0.382934 0.923776 0
    outer loop
      vertex -7.67669 28.3685 5
      vertex -7.52447 28.3054 1
      vertex -7.67669 28.3685 1
    endloop
  endfacet
  facet normal -0.522532 -0.85262 0
    outer loop
      vertex -6.72331 30.2396 1
      vertex -6.58282 30.1535 5
      vertex -6.72331 30.2396 5
    endloop
  endfacet
  facet normal -0.522532 -0.85262 -0
    outer loop
      vertex -6.58282 30.1535 5
      vertex -6.72331 30.2396 1
      vertex -6.58282 30.1535 1
    endloop
  endfacet
  facet normal 0.760425 -0.649426 0
    outer loop
      vertex -8.04947 29.9212 5
      vertex -7.94246 30.0465 1
      vertex -7.94246 30.0465 5
    endloop
  endfacet
  facet normal 0.760425 -0.649426 0
    outer loop
      vertex -7.94246 30.0465 1
      vertex -8.04947 29.9212 5
      vertex -8.04947 29.9212 1
    endloop
  endfacet
  facet normal -0.649451 -0.760404 0
    outer loop
      vertex -6.58282 30.1535 1
      vertex -6.45754 30.0465 5
      vertex -6.58282 30.1535 5
    endloop
  endfacet
  facet normal -0.649451 -0.760404 -0
    outer loop
      vertex -6.45754 30.0465 5
      vertex -6.58282 30.1535 1
      vertex -6.45754 30.0465 1
    endloop
  endfacet
  facet normal 0.522559 -0.852603 0
    outer loop
      vertex -7.81717 30.1535 1
      vertex -7.67669 30.2396 5
      vertex -7.81717 30.1535 5
    endloop
  endfacet
  facet normal 0.522559 -0.852603 0
    outer loop
      vertex -7.67669 30.2396 5
      vertex -7.81717 30.1535 1
      vertex -7.67669 30.2396 1
    endloop
  endfacet
  facet normal -0.233084 -0.972457 0
    outer loop
      vertex -7.03574 30.3411 1
      vertex -6.87553 30.3027 5
      vertex -7.03574 30.3411 5
    endloop
  endfacet
  facet normal -0.233084 -0.972457 -0
    outer loop
      vertex -6.87553 30.3027 5
      vertex -7.03574 30.3411 1
      vertex -6.87553 30.3027 1
    endloop
  endfacet
  facet normal -0.972371 0.233442 0
    outer loop
      vertex -6.20139 28.9796 1
      vertex -6.16293 29.1398 5
      vertex -6.16293 29.1398 1
    endloop
  endfacet
  facet normal -0.972371 0.233442 0
    outer loop
      vertex -6.16293 29.1398 5
      vertex -6.20139 28.9796 1
      vertex -6.20139 28.9796 5
    endloop
  endfacet
  facet normal 0.923865 0.382718 0
    outer loop
      vertex -8.13556 28.8274 5
      vertex -8.19861 28.9796 1
      vertex -8.19861 28.9796 5
    endloop
  endfacet
  facet normal 0.923865 0.382718 0
    outer loop
      vertex -8.19861 28.9796 1
      vertex -8.13556 28.8274 5
      vertex -8.13556 28.8274 1
    endloop
  endfacet
  facet normal 0.852663 0.522461 0
    outer loop
      vertex -8.04947 28.6869 5
      vertex -8.13556 28.8274 1
      vertex -8.13556 28.8274 5
    endloop
  endfacet
  facet normal 0.852663 0.522461 0
    outer loop
      vertex -8.13556 28.8274 1
      vertex -8.04947 28.6869 5
      vertex -8.04947 28.6869 1
    endloop
  endfacet
  facet normal 0.852663 -0.522461 0
    outer loop
      vertex -8.13556 29.7807 5
      vertex -8.04947 29.9212 1
      vertex -8.04947 29.9212 5
    endloop
  endfacet
  facet normal 0.852663 -0.522461 0
    outer loop
      vertex -8.04947 29.9212 1
      vertex -8.13556 29.7807 5
      vertex -8.13556 29.7807 1
    endloop
  endfacet
  facet normal 0.760425 0.649426 0
    outer loop
      vertex -7.94246 28.5616 5
      vertex -8.04947 28.6869 1
      vertex -8.04947 28.6869 5
    endloop
  endfacet
  facet normal 0.760425 0.649426 0
    outer loop
      vertex -8.04947 28.6869 1
      vertex -7.94246 28.5616 5
      vertex -7.94246 28.5616 1
    endloop
  endfacet
  facet normal 0.923865 -0.382718 0
    outer loop
      vertex -8.19861 29.6285 5
      vertex -8.13556 29.7807 1
      vertex -8.13556 29.7807 5
    endloop
  endfacet
  facet normal 0.923865 -0.382718 0
    outer loop
      vertex -8.13556 29.7807 1
      vertex -8.19861 29.6285 5
      vertex -8.19861 29.6285 1
    endloop
  endfacet
  facet normal -0.382934 0.923776 0
    outer loop
      vertex -6.72331 28.3685 1
      vertex -6.87553 28.3054 5
      vertex -6.72331 28.3685 5
    endloop
  endfacet
  facet normal -0.382934 0.923776 0
    outer loop
      vertex -6.87553 28.3054 5
      vertex -6.72331 28.3685 1
      vertex -6.87553 28.3054 1
    endloop
  endfacet
  facet normal -0.382934 -0.923776 0
    outer loop
      vertex -6.87553 30.3027 1
      vertex -6.72331 30.2396 5
      vertex -6.87553 30.3027 5
    endloop
  endfacet
  facet normal -0.382934 -0.923776 -0
    outer loop
      vertex -6.72331 30.2396 5
      vertex -6.87553 30.3027 1
      vertex -6.72331 30.2396 1
    endloop
  endfacet
  facet normal 0.078293 -0.99693 0
    outer loop
      vertex -7.36426 30.3411 1
      vertex -7.2 30.354 5
      vertex -7.36426 30.3411 5
    endloop
  endfacet
  facet normal 0.078293 -0.99693 0
    outer loop
      vertex -7.2 30.354 5
      vertex -7.36426 30.3411 1
      vertex -7.2 30.354 1
    endloop
  endfacet
  facet normal -0.522532 0.85262 0
    outer loop
      vertex -6.58282 28.4546 1
      vertex -6.72331 28.3685 5
      vertex -6.58282 28.4546 5
    endloop
  endfacet
  facet normal -0.522532 0.85262 0
    outer loop
      vertex -6.72331 28.3685 5
      vertex -6.58282 28.4546 1
      vertex -6.72331 28.3685 1
    endloop
  endfacet
  facet normal -0.0788961 0.996883 0
    outer loop
      vertex -7.03574 28.267 1
      vertex -7.2 28.254 5
      vertex -7.03574 28.267 5
    endloop
  endfacet
  facet normal -0.0788961 0.996883 0
    outer loop
      vertex -7.2 28.254 5
      vertex -7.03574 28.267 1
      vertex -7.2 28.254 1
    endloop
  endfacet
  facet normal 0.996918 0.0784549 0
    outer loop
      vertex -8.23707 29.1398 5
      vertex -8.25 29.3041 1
      vertex -8.25 29.3041 5
    endloop
  endfacet
  facet normal 0.996918 0.0784549 0
    outer loop
      vertex -8.25 29.3041 1
      vertex -8.23707 29.1398 5
      vertex -8.23707 29.1398 1
    endloop
  endfacet
  facet normal -0.649451 0.760404 0
    outer loop
      vertex -6.45754 28.5616 1
      vertex -6.58282 28.4546 5
      vertex -6.45754 28.5616 5
    endloop
  endfacet
  facet normal -0.649451 0.760404 0
    outer loop
      vertex -6.58282 28.4546 5
      vertex -6.45754 28.5616 1
      vertex -6.58282 28.4546 1
    endloop
  endfacet
  facet normal 0 0 1
    outer loop
      vertex -6.16293 29.4683 1
      vertex -6.16293 29.1398 1
      vertex -6.15 29.3041 1
    endloop
  endfacet
  facet normal 0 0 1
    outer loop
      vertex -6.20139 29.6285 1
      vertex -6.16293 29.1398 1
      vertex -6.16293 29.4683 1
    endloop
  endfacet
  facet normal 0 0 1
    outer loop
      vertex -6.20139 29.6285 1
      vertex -6.20139 28.9796 1
      vertex -6.16293 29.1398 1
    endloop
  endfacet
  facet normal 0 0 1
    outer loop
      vertex -6.26444 29.7807 1
      vertex -6.20139 28.9796 1
      vertex -6.20139 29.6285 1
    endloop
  endfacet
  facet normal 0 0 1
    outer loop
      vertex -6.26444 29.7807 1
      vertex -6.26444 28.8274 1
      vertex -6.20139 28.9796 1
    endloop
  endfacet
  facet normal 0 0 1
    outer loop
      vertex -6.35053 29.9212 1
      vertex -6.26444 28.8274 1
      vertex -6.26444 29.7807 1
    endloop
  endfacet
  facet normal 0 0 1
    outer loop
      vertex -6.35053 29.9212 1
      vertex -6.35053 28.6869 1
      vertex -6.26444 28.8274 1
    endloop
  endfacet
  facet normal 0 0 1
    outer loop
      vertex -6.45754 30.0465 1
      vertex -6.35053 28.6869 1
      vertex -6.35053 29.9212 1
    endloop
  endfacet
  facet normal 0 0 1
    outer loop
      vertex -6.45754 30.0465 1
      vertex -6.45754 28.5616 1
      vertex -6.35053 28.6869 1
    endloop
  endfacet
  facet normal 0 0 1
    outer loop
      vertex -6.58282 30.1535 1
      vertex -6.45754 28.5616 1
      vertex -6.45754 30.0465 1
    endloop
  endfacet
  facet normal 0 0 1
    outer loop
      vertex -6.58282 30.1535 1
      vertex -6.58282 28.4546 1
      vertex -6.45754 28.5616 1
    endloop
  endfacet
  facet normal 0 0 1
    outer loop
      vertex -6.72331 30.2396 1
      vertex -6.58282 28.4546 1
      vertex -6.58282 30.1535 1
    endloop
  endfacet
  facet normal 0 0 1
    outer loop
      vertex -6.72331 30.2396 1
      vertex -6.72331 28.3685 1
      vertex -6.58282 28.4546 1
    endloop
  endfacet
  facet normal 0 0 1
    outer loop
      vertex -6.87553 30.3027 1
      vertex -6.72331 28.3685 1
      vertex -6.72331 30.2396 1
    endloop
  endfacet
  facet normal 0 0 1
    outer loop
      vertex -6.87553 30.3027 1
      vertex -6.87553 28.3054 1
      vertex -6.72331 28.3685 1
    endloop
  endfacet
  facet normal 0 0 1
    outer loop
      vertex -7.03574 30.3411 1
      vertex -6.87553 28.3054 1
      vertex -6.87553 30.3027 1
    endloop
  endfacet
  facet normal 0 0 1
    outer loop
      vertex -7.03574 30.3411 1
      vertex -7.03574 28.267 1
      vertex -6.87553 28.3054 1
    endloop
  endfacet
  facet normal 0 0 1
    outer loop
      vertex -7.2 30.354 1
      vertex -7.03574 28.267 1
      vertex -7.03574 30.3411 1
    endloop
  endfacet
  facet normal 0 0 1
    outer loop
      vertex -7.2 30.354 1
      vertex -7.2 28.254 1
      vertex -7.03574 28.267 1
    endloop
  endfacet
  facet normal -0 0 1
    outer loop
      vertex -7.36426 30.3411 1
      vertex -7.2 28.254 1
      vertex -7.2 30.354 1
    endloop
  endfacet
  facet normal 0 0 1
    outer loop
      vertex -7.36426 30.3411 1
      vertex -7.36426 28.267 1
      vertex -7.2 28.254 1
    endloop
  endfacet
  facet normal -0 0 1
    outer loop
      vertex -7.52447 30.3027 1
      vertex -7.36426 28.267 1
      vertex -7.36426 30.3411 1
    endloop
  endfacet
  facet normal 0 0 1
    outer loop
      vertex -7.52447 30.3027 1
      vertex -7.52447 28.3054 1
      vertex -7.36426 28.267 1
    endloop
  endfacet
  facet normal -0 0 1
    outer loop
      vertex -7.67669 30.2396 1
      vertex -7.52447 28.3054 1
      vertex -7.52447 30.3027 1
    endloop
  endfacet
  facet normal 0 0 1
    outer loop
      vertex -7.67669 30.2396 1
      vertex -7.67669 28.3685 1
      vertex -7.52447 28.3054 1
    endloop
  endfacet
  facet normal -0 0 1
    outer loop
      vertex -7.81717 30.1535 1
      vertex -7.67669 28.3685 1
      vertex -7.67669 30.2396 1
    endloop
  endfacet
  facet normal 0 0 1
    outer loop
      vertex -7.81717 30.1535 1
      vertex -7.81717 28.4546 1
      vertex -7.67669 28.3685 1
    endloop
  endfacet
  facet normal -0 0 1
    outer loop
      vertex -7.94246 30.0465 1
      vertex -7.81717 28.4546 1
      vertex -7.81717 30.1535 1
    endloop
  endfacet
  facet normal 0 0 1
    outer loop
      vertex -7.94246 30.0465 1
      vertex -7.94246 28.5616 1
      vertex -7.81717 28.4546 1
    endloop
  endfacet
  facet normal -0 0 1
    outer loop
      vertex -8.04947 29.9212 1
      vertex -7.94246 28.5616 1
      vertex -7.94246 30.0465 1
    endloop
  endfacet
  facet normal 0 0 1
    outer loop
      vertex -8.04947 29.9212 1
      vertex -8.04947 28.6869 1
      vertex -7.94246 28.5616 1
    endloop
  endfacet
  facet normal -0 0 1
    outer loop
      vertex -8.13556 29.7807 1
      vertex -8.04947 28.6869 1
      vertex -8.04947 29.9212 1
    endloop
  endfacet
  facet normal 0 0 1
    outer loop
      vertex -8.13556 29.7807 1
      vertex -8.13556 28.8274 1
      vertex -8.04947 28.6869 1
    endloop
  endfacet
  facet normal -0 0 1
    outer loop
      vertex -8.19861 29.6285 1
      vertex -8.13556 28.8274 1
      vertex -8.13556 29.7807 1
    endloop
  endfacet
  facet normal 0 0 1
    outer loop
      vertex -8.19861 29.6285 1
      vertex -8.19861 28.9796 1
      vertex -8.13556 28.8274 1
    endloop
  endfacet
  facet normal -0 0 1
    outer loop
      vertex -8.23707 29.4683 1
      vertex -8.19861 28.9796 1
      vertex -8.19861 29.6285 1
    endloop
  endfacet
  facet normal 0 0 1
    outer loop
      vertex -8.23707 29.4683 1
      vertex -8.23707 29.1398 1
      vertex -8.19861 28.9796 1
    endloop
  endfacet
  facet normal 0 -0 1
    outer loop
      vertex -8.23707 29.1398 1
      vertex -8.23707 29.4683 1
      vertex -8.25 29.3041 1
    endloop
  endfacet
  facet normal 0.522559 0.852603 -0
    outer loop
      vertex -7.67669 28.3685 1
      vertex -7.81717 28.4546 5
      vertex -7.67669 28.3685 5
    endloop
  endfacet
  facet normal 0.522559 0.852603 0
    outer loop
      vertex -7.81717 28.4546 5
      vertex -7.67669 28.3685 1
      vertex -7.81717 28.4546 1
    endloop
  endfacet
  facet normal 0.996918 0.0784549 0
    outer loop
      vertex 6.16293 29.1398 5
      vertex 6.15 29.3041 1
      vertex 6.15 29.3041 5
    endloop
  endfacet
  facet normal 0.996918 0.0784549 0
    outer loop
      vertex 6.15 29.3041 1
      vertex 6.16293 29.1398 5
      vertex 6.16293 29.1398 1
    endloop
  endfacet
  facet normal -0.972371 -0.233442 0
    outer loop
      vertex 8.23707 29.4683 1
      vertex 8.19861 29.6285 5
      vertex 8.19861 29.6285 1
    endloop
  endfacet
  facet normal -0.972371 -0.233442 0
    outer loop
      vertex 8.19861 29.6285 5
      vertex 8.23707 29.4683 1
      vertex 8.23707 29.4683 5
    endloop
  endfacet
  facet normal -0.996914 -0.0785024 0
    outer loop
      vertex 8.25 29.3041 1
      vertex 8.23707 29.4683 5
      vertex 8.23707 29.4683 1
    endloop
  endfacet
  facet normal -0.996914 -0.0785024 0
    outer loop
      vertex 8.23707 29.4683 5
      vertex 8.25 29.3041 1
      vertex 8.25 29.3041 5
    endloop
  endfacet
  facet normal -0.923865 -0.382718 0
    outer loop
      vertex 8.19861 29.6285 1
      vertex 8.13556 29.7807 5
      vertex 8.13556 29.7807 1
    endloop
  endfacet
  facet normal -0.923865 -0.382718 0
    outer loop
      vertex 8.13556 29.7807 5
      vertex 8.19861 29.6285 1
      vertex 8.19861 29.6285 5
    endloop
  endfacet
  facet normal -0.760425 -0.649426 0
    outer loop
      vertex 8.04947 29.9212 1
      vertex 7.94246 30.0465 5
      vertex 7.94246 30.0465 1
    endloop
  endfacet
  facet normal -0.760425 -0.649426 0
    outer loop
      vertex 7.94246 30.0465 5
      vertex 8.04947 29.9212 1
      vertex 8.04947 29.9212 5
    endloop
  endfacet
  facet normal -0.078293 -0.99693 0
    outer loop
      vertex 7.2 30.354 1
      vertex 7.36426 30.3411 5
      vertex 7.2 30.354 5
    endloop
  endfacet
  facet normal -0.078293 -0.99693 -0
    outer loop
      vertex 7.36426 30.3411 5
      vertex 7.2 30.354 1
      vertex 7.36426 30.3411 1
    endloop
  endfacet
  facet normal 0.972371 0.233442 0
    outer loop
      vertex 6.20139 28.9796 5
      vertex 6.16293 29.1398 1
      vertex 6.16293 29.1398 5
    endloop
  endfacet
  facet normal 0.972371 0.233442 0
    outer loop
      vertex 6.16293 29.1398 1
      vertex 6.20139 28.9796 5
      vertex 6.20139 28.9796 1
    endloop
  endfacet
  facet normal 0.972371 -0.233442 0
    outer loop
      vertex 6.16293 29.4683 5
      vertex 6.20139 29.6285 1
      vertex 6.20139 29.6285 5
    endloop
  endfacet
  facet normal 0.972371 -0.233442 0
    outer loop
      vertex 6.20139 29.6285 1
      vertex 6.16293 29.4683 5
      vertex 6.16293 29.4683 1
    endloop
  endfacet
  facet normal -0.852663 -0.522461 0
    outer loop
      vertex 8.13556 29.7807 1
      vertex 8.04947 29.9212 5
      vertex 8.04947 29.9212 1
    endloop
  endfacet
  facet normal -0.852663 -0.522461 0
    outer loop
      vertex 8.04947 29.9212 5
      vertex 8.13556 29.7807 1
      vertex 8.13556 29.7807 5
    endloop
  endfacet
  facet normal 0.996914 -0.0785024 0
    outer loop
      vertex 6.15 29.3041 5
      vertex 6.16293 29.4683 1
      vertex 6.16293 29.4683 5
    endloop
  endfacet
  facet normal 0.996914 -0.0785024 0
    outer loop
      vertex 6.16293 29.4683 1
      vertex 6.15 29.3041 5
      vertex 6.15 29.3041 1
    endloop
  endfacet
  facet normal 0.522532 -0.85262 0
    outer loop
      vertex 6.58282 30.1535 1
      vertex 6.72331 30.2396 5
      vertex 6.58282 30.1535 5
    endloop
  endfacet
  facet normal 0.522532 -0.85262 0
    outer loop
      vertex 6.72331 30.2396 5
      vertex 6.58282 30.1535 1
      vertex 6.72331 30.2396 1
    endloop
  endfacet
  facet normal -0.522559 0.852603 0
    outer loop
      vertex 7.81717 28.4546 1
      vertex 7.67669 28.3685 5
      vertex 7.81717 28.4546 5
    endloop
  endfacet
  facet normal -0.522559 0.852603 0
    outer loop
      vertex 7.67669 28.3685 5
      vertex 7.81717 28.4546 1
      vertex 7.67669 28.3685 1
    endloop
  endfacet
  facet normal -0.233084 -0.972457 0
    outer loop
      vertex 7.36426 30.3411 1
      vertex 7.52447 30.3027 5
      vertex 7.36426 30.3411 5
    endloop
  endfacet
  facet normal -0.233084 -0.972457 -0
    outer loop
      vertex 7.52447 30.3027 5
      vertex 7.36426 30.3411 1
      vertex 7.52447 30.3027 1
    endloop
  endfacet
  facet normal -0.852663 0.522461 0
    outer loop
      vertex 8.04947 28.6869 1
      vertex 8.13556 28.8274 5
      vertex 8.13556 28.8274 1
    endloop
  endfacet
  facet normal -0.852663 0.522461 0
    outer loop
      vertex 8.13556 28.8274 5
      vertex 8.04947 28.6869 1
      vertex 8.04947 28.6869 5
    endloop
  endfacet
  facet normal 0.760425 0.649426 0
    outer loop
      vertex 6.45754 28.5616 5
      vertex 6.35053 28.6869 1
      vertex 6.35053 28.6869 5
    endloop
  endfacet
  facet normal 0.760425 0.649426 0
    outer loop
      vertex 6.35053 28.6869 1
      vertex 6.45754 28.5616 5
      vertex 6.45754 28.5616 1
    endloop
  endfacet
  facet normal -0.923865 0.382718 0
    outer loop
      vertex 8.13556 28.8274 1
      vertex 8.19861 28.9796 5
      vertex 8.19861 28.9796 1
    endloop
  endfacet
  facet normal -0.923865 0.382718 0
    outer loop
      vertex 8.19861 28.9796 5
      vertex 8.13556 28.8274 1
      vertex 8.13556 28.8274 5
    endloop
  endfacet
  facet normal -0.0788961 0.996883 0
    outer loop
      vertex 7.36426 28.267 1
      vertex 7.2 28.254 5
      vertex 7.36426 28.267 5
    endloop
  endfacet
  facet normal -0.0788961 0.996883 0
    outer loop
      vertex 7.2 28.254 5
      vertex 7.36426 28.267 1
      vertex 7.2 28.254 1
    endloop
  endfacet
  facet normal 0.923865 -0.382718 0
    outer loop
      vertex 6.20139 29.6285 5
      vertex 6.26444 29.7807 1
      vertex 6.26444 29.7807 5
    endloop
  endfacet
  facet normal 0.923865 -0.382718 0
    outer loop
      vertex 6.26444 29.7807 1
      vertex 6.20139 29.6285 5
      vertex 6.20139 29.6285 1
    endloop
  endfacet
  facet normal -0.233084 0.972457 0
    outer loop
      vertex 7.52447 28.3054 1
      vertex 7.36426 28.267 5
      vertex 7.52447 28.3054 5
    endloop
  endfacet
  facet normal -0.233084 0.972457 0
    outer loop
      vertex 7.36426 28.267 5
      vertex 7.52447 28.3054 1
      vertex 7.36426 28.267 1
    endloop
  endfacet
  facet normal 0.760425 -0.649426 0
    outer loop
      vertex 6.35053 29.9212 5
      vertex 6.45754 30.0465 1
      vertex 6.45754 30.0465 5
    endloop
  endfacet
  facet normal 0.760425 -0.649426 0
    outer loop
      vertex 6.45754 30.0465 1
      vertex 6.35053 29.9212 5
      vertex 6.35053 29.9212 1
    endloop
  endfacet
  facet normal -0.382934 -0.923776 0
    outer loop
      vertex 7.52447 30.3027 1
      vertex 7.67669 30.2396 5
      vertex 7.52447 30.3027 5
    endloop
  endfacet
  facet normal -0.382934 -0.923776 -0
    outer loop
      vertex 7.67669 30.2396 5
      vertex 7.52447 30.3027 1
      vertex 7.67669 30.2396 1
    endloop
  endfacet
  facet normal -0.649421 -0.760429 0
    outer loop
      vertex 7.81717 30.1535 1
      vertex 7.94246 30.0465 5
      vertex 7.81717 30.1535 5
    endloop
  endfacet
  facet normal -0.649421 -0.760429 -0
    outer loop
      vertex 7.94246 30.0465 5
      vertex 7.81717 30.1535 1
      vertex 7.94246 30.0465 1
    endloop
  endfacet
  facet normal -0.996918 0.0784549 0
    outer loop
      vertex 8.23707 29.1398 1
      vertex 8.25 29.3041 5
      vertex 8.25 29.3041 1
    endloop
  endfacet
  facet normal -0.996918 0.0784549 0
    outer loop
      vertex 8.25 29.3041 5
      vertex 8.23707 29.1398 1
      vertex 8.23707 29.1398 5
    endloop
  endfacet
  facet normal -0.522559 -0.852603 0
    outer loop
      vertex 7.67669 30.2396 1
      vertex 7.81717 30.1535 5
      vertex 7.67669 30.2396 5
    endloop
  endfacet
  facet normal -0.522559 -0.852603 -0
    outer loop
      vertex 7.81717 30.1535 5
      vertex 7.67669 30.2396 1
      vertex 7.81717 30.1535 1
    endloop
  endfacet
  facet normal -0.760425 0.649426 0
    outer loop
      vertex 7.94246 28.5616 1
      vertex 8.04947 28.6869 5
      vertex 8.04947 28.6869 1
    endloop
  endfacet
  facet normal -0.760425 0.649426 0
    outer loop
      vertex 8.04947 28.6869 5
      vertex 7.94246 28.5616 1
      vertex 7.94246 28.5616 5
    endloop
  endfacet
  facet normal 0 0 1
    outer loop
      vertex 8.23707 29.4683 1
      vertex 8.23707 29.1398 1
      vertex 8.25 29.3041 1
    endloop
  endfacet
  facet normal 0 0 1
    outer loop
      vertex 8.19861 29.6285 1
      vertex 8.23707 29.1398 1
      vertex 8.23707 29.4683 1
    endloop
  endfacet
  facet normal 0 0 1
    outer loop
      vertex 8.19861 29.6285 1
      vertex 8.19861 28.9796 1
      vertex 8.23707 29.1398 1
    endloop
  endfacet
  facet normal 0 0 1
    outer loop
      vertex 8.13556 29.7807 1
      vertex 8.19861 28.9796 1
      vertex 8.19861 29.6285 1
    endloop
  endfacet
  facet normal 0 0 1
    outer loop
      vertex 8.13556 29.7807 1
      vertex 8.13556 28.8274 1
      vertex 8.19861 28.9796 1
    endloop
  endfacet
  facet normal 0 0 1
    outer loop
      vertex 8.04947 29.9212 1
      vertex 8.13556 28.8274 1
      vertex 8.13556 29.7807 1
    endloop
  endfacet
  facet normal 0 0 1
    outer loop
      vertex 8.04947 29.9212 1
      vertex 8.04947 28.6869 1
      vertex 8.13556 28.8274 1
    endloop
  endfacet
  facet normal 0 0 1
    outer loop
      vertex 7.94246 30.0465 1
      vertex 8.04947 28.6869 1
      vertex 8.04947 29.9212 1
    endloop
  endfacet
  facet normal 0 0 1
    outer loop
      vertex 7.94246 30.0465 1
      vertex 7.94246 28.5616 1
      vertex 8.04947 28.6869 1
    endloop
  endfacet
  facet normal 0 0 1
    outer loop
      vertex 7.81717 30.1535 1
      vertex 7.94246 28.5616 1
      vertex 7.94246 30.0465 1
    endloop
  endfacet
  facet normal 0 0 1
    outer loop
      vertex 7.81717 30.1535 1
      vertex 7.81717 28.4546 1
      vertex 7.94246 28.5616 1
    endloop
  endfacet
  facet normal 0 0 1
    outer loop
      vertex 7.67669 30.2396 1
      vertex 7.81717 28.4546 1
      vertex 7.81717 30.1535 1
    endloop
  endfacet
  facet normal 0 0 1
    outer loop
      vertex 7.67669 30.2396 1
      vertex 7.67669 28.3685 1
      vertex 7.81717 28.4546 1
    endloop
  endfacet
  facet normal 0 0 1
    outer loop
      vertex 7.52447 30.3027 1
      vertex 7.67669 28.3685 1
      vertex 7.67669 30.2396 1
    endloop
  endfacet
  facet normal 0 0 1
    outer loop
      vertex 7.52447 30.3027 1
      vertex 7.52447 28.3054 1
      vertex 7.67669 28.3685 1
    endloop
  endfacet
  facet normal 0 0 1
    outer loop
      vertex 7.36426 30.3411 1
      vertex 7.52447 28.3054 1
      vertex 7.52447 30.3027 1
    endloop
  endfacet
  facet normal 0 0 1
    outer loop
      vertex 7.36426 30.3411 1
      vertex 7.36426 28.267 1
      vertex 7.52447 28.3054 1
    endloop
  endfacet
  facet normal 0 0 1
    outer loop
      vertex 7.2 30.354 1
      vertex 7.36426 28.267 1
      vertex 7.36426 30.3411 1
    endloop
  endfacet
  facet normal 0 0 1
    outer loop
      vertex 7.2 30.354 1
      vertex 7.2 28.254 1
      vertex 7.36426 28.267 1
    endloop
  endfacet
  facet normal -0 0 1
    outer loop
      vertex 7.03574 30.3411 1
      vertex 7.2 28.254 1
      vertex 7.2 30.354 1
    endloop
  endfacet
  facet normal 0 0 1
    outer loop
      vertex 7.03574 30.3411 1
      vertex 7.03574 28.267 1
      vertex 7.2 28.254 1
    endloop
  endfacet
  facet normal -0 0 1
    outer loop
      vertex 6.87553 30.3027 1
      vertex 7.03574 28.267 1
      vertex 7.03574 30.3411 1
    endloop
  endfacet
  facet normal 0 0 1
    outer loop
      vertex 6.87553 30.3027 1
      vertex 6.87553 28.3054 1
      vertex 7.03574 28.267 1
    endloop
  endfacet
  facet normal -0 0 1
    outer loop
      vertex 6.72331 30.2396 1
      vertex 6.87553 28.3054 1
      vertex 6.87553 30.3027 1
    endloop
  endfacet
  facet normal 0 0 1
    outer loop
      vertex 6.72331 30.2396 1
      vertex 6.72331 28.3685 1
      vertex 6.87553 28.3054 1
    endloop
  endfacet
  facet normal -0 0 1
    outer loop
      vertex 6.58282 30.1535 1
      vertex 6.72331 28.3685 1
      vertex 6.72331 30.2396 1
    endloop
  endfacet
  facet normal 0 0 1
    outer loop
      vertex 6.58282 30.1535 1
      vertex 6.58282 28.4546 1
      vertex 6.72331 28.3685 1
    endloop
  endfacet
  facet normal -0 0 1
    outer loop
      vertex 6.45754 30.0465 1
      vertex 6.58282 28.4546 1
      vertex 6.58282 30.1535 1
    endloop
  endfacet
  facet normal 0 0 1
    outer loop
      vertex 6.45754 30.0465 1
      vertex 6.45754 28.5616 1
      vertex 6.58282 28.4546 1
    endloop
  endfacet
  facet normal -0 0 1
    outer loop
      vertex 6.35053 29.9212 1
      vertex 6.45754 28.5616 1
      vertex 6.45754 30.0465 1
    endloop
  endfacet
  facet normal 0 0 1
    outer loop
      vertex 6.35053 29.9212 1
      vertex 6.35053 28.6869 1
      vertex 6.45754 28.5616 1
    endloop
  endfacet
  facet normal -0 0 1
    outer loop
      vertex 6.26444 29.7807 1
      vertex 6.35053 28.6869 1
      vertex 6.35053 29.9212 1
    endloop
  endfacet
  facet normal 0 0 1
    outer loop
      vertex 6.26444 29.7807 1
      vertex 6.26444 28.8274 1
      vertex 6.35053 28.6869 1
    endloop
  endfacet
  facet normal -0 0 1
    outer loop
      vertex 6.20139 29.6285 1
      vertex 6.26444 28.8274 1
      vertex 6.26444 29.7807 1
    endloop
  endfacet
  facet normal 0 0 1
    outer loop
      vertex 6.20139 29.6285 1
      vertex 6.20139 28.9796 1
      vertex 6.26444 28.8274 1
    endloop
  endfacet
  facet normal -0 0 1
    outer loop
      vertex 6.16293 29.4683 1
      vertex 6.20139 28.9796 1
      vertex 6.20139 29.6285 1
    endloop
  endfacet
  facet normal 0 0 1
    outer loop
      vertex 6.16293 29.4683 1
      vertex 6.16293 29.1398 1
      vertex 6.20139 28.9796 1
    endloop
  endfacet
  facet normal 0 -0 1
    outer loop
      vertex 6.16293 29.1398 1
      vertex 6.16293 29.4683 1
      vertex 6.15 29.3041 1
    endloop
  endfacet
  facet normal -0.382934 0.923776 0
    outer loop
      vertex 7.67669 28.3685 1
      vertex 7.52447 28.3054 5
      vertex 7.67669 28.3685 5
    endloop
  endfacet
  facet normal -0.382934 0.923776 0
    outer loop
      vertex 7.52447 28.3054 5
      vertex 7.67669 28.3685 1
      vertex 7.52447 28.3054 1
    endloop
  endfacet
  facet normal -0.972371 0.233442 0
    outer loop
      vertex 8.19861 28.9796 1
      vertex 8.23707 29.1398 5
      vertex 8.23707 29.1398 1
    endloop
  endfacet
  facet normal -0.972371 0.233442 0
    outer loop
      vertex 8.23707 29.1398 5
      vertex 8.19861 28.9796 1
      vertex 8.19861 28.9796 5
    endloop
  endfacet
  facet normal 0.382934 -0.923776 0
    outer loop
      vertex 6.72331 30.2396 1
      vertex 6.87553 30.3027 5
      vertex 6.72331 30.2396 5
    endloop
  endfacet
  facet normal 0.382934 -0.923776 0
    outer loop
      vertex 6.87553 30.3027 5
      vertex 6.72331 30.2396 1
      vertex 6.87553 30.3027 1
    endloop
  endfacet
  facet normal 0.233084 -0.972457 0
    outer loop
      vertex 6.87553 30.3027 1
      vertex 7.03574 30.3411 5
      vertex 6.87553 30.3027 5
    endloop
  endfacet
  facet normal 0.233084 -0.972457 0
    outer loop
      vertex 7.03574 30.3411 5
      vertex 6.87553 30.3027 1
      vertex 7.03574 30.3411 1
    endloop
  endfacet
  facet normal 0.852663 0.522461 0
    outer loop
      vertex 6.35053 28.6869 5
      vertex 6.26444 28.8274 1
      vertex 6.26444 28.8274 5
    endloop
  endfacet
  facet normal 0.852663 0.522461 0
    outer loop
      vertex 6.26444 28.8274 1
      vertex 6.35053 28.6869 5
      vertex 6.35053 28.6869 1
    endloop
  endfacet
  facet normal 0.233084 0.972457 -0
    outer loop
      vertex 7.03574 28.267 1
      vertex 6.87553 28.3054 5
      vertex 7.03574 28.267 5
    endloop
  endfacet
  facet normal 0.233084 0.972457 0
    outer loop
      vertex 6.87553 28.3054 5
      vertex 7.03574 28.267 1
      vertex 6.87553 28.3054 1
    endloop
  endfacet
  facet normal 0.923865 0.382718 0
    outer loop
      vertex 6.26444 28.8274 5
      vertex 6.20139 28.9796 1
      vertex 6.20139 28.9796 5
    endloop
  endfacet
  facet normal 0.923865 0.382718 0
    outer loop
      vertex 6.20139 28.9796 1
      vertex 6.26444 28.8274 5
      vertex 6.26444 28.8274 1
    endloop
  endfacet
  facet normal -0.649421 0.760429 0
    outer loop
      vertex 7.94246 28.5616 1
      vertex 7.81717 28.4546 5
      vertex 7.94246 28.5616 5
    endloop
  endfacet
  facet normal -0.649421 0.760429 0
    outer loop
      vertex 7.81717 28.4546 5
      vertex 7.94246 28.5616 1
      vertex 7.81717 28.4546 1
    endloop
  endfacet
  facet normal 0.0788961 0.996883 -0
    outer loop
      vertex 7.2 28.254 1
      vertex 7.03574 28.267 5
      vertex 7.2 28.254 5
    endloop
  endfacet
  facet normal 0.0788961 0.996883 0
    outer loop
      vertex 7.03574 28.267 5
      vertex 7.2 28.254 1
      vertex 7.03574 28.267 1
    endloop
  endfacet
  facet normal 0.649451 0.760404 -0
    outer loop
      vertex 6.58282 28.4546 1
      vertex 6.45754 28.5616 5
      vertex 6.58282 28.4546 5
    endloop
  endfacet
  facet normal 0.649451 0.760404 0
    outer loop
      vertex 6.45754 28.5616 5
      vertex 6.58282 28.4546 1
      vertex 6.45754 28.5616 1
    endloop
  endfacet
  facet normal 0.649451 -0.760404 0
    outer loop
      vertex 6.45754 30.0465 1
      vertex 6.58282 30.1535 5
      vertex 6.45754 30.0465 5
    endloop
  endfacet
  facet normal 0.649451 -0.760404 0
    outer loop
      vertex 6.58282 30.1535 5
      vertex 6.45754 30.0465 1
      vertex 6.58282 30.1535 1
    endloop
  endfacet
  facet normal 0.078293 -0.99693 0
    outer loop
      vertex 7.03574 30.3411 1
      vertex 7.2 30.354 5
      vertex 7.03574 30.3411 5
    endloop
  endfacet
  facet normal 0.078293 -0.99693 0
    outer loop
      vertex 7.2 30.354 5
      vertex 7.03574 30.3411 1
      vertex 7.2 30.354 1
    endloop
  endfacet
  facet normal 0.382934 0.923776 -0
    outer loop
      vertex 6.87553 28.3054 1
      vertex 6.72331 28.3685 5
      vertex 6.87553 28.3054 5
    endloop
  endfacet
  facet normal 0.382934 0.923776 0
    outer loop
      vertex 6.72331 28.3685 5
      vertex 6.87553 28.3054 1
      vertex 6.72331 28.3685 1
    endloop
  endfacet
  facet normal 0.522532 0.85262 -0
    outer loop
      vertex 6.72331 28.3685 1
      vertex 6.58282 28.4546 5
      vertex 6.72331 28.3685 5
    endloop
  endfacet
  facet normal 0.522532 0.85262 0
    outer loop
      vertex 6.58282 28.4546 5
      vertex 6.72331 28.3685 1
      vertex 6.58282 28.4546 1
    endloop
  endfacet
  facet normal 0.852663 -0.522461 0
    outer loop
      vertex 6.26444 29.7807 5
      vertex 6.35053 29.9212 1
      vertex 6.35053 29.9212 5
    endloop
  endfacet
  facet normal 0.852663 -0.522461 0
    outer loop
      vertex 6.35053 29.9212 1
      vertex 6.26444 29.7807 5
      vertex 6.26444 29.7807 1
    endloop
  endfacet
  facet normal 0.522458 0.852665 -0
    outer loop
      vertex -37.6221 13.9753 0.8
      vertex -37.776 14.0696 2.5
      vertex -37.6221 13.9753 2.5
    endloop
  endfacet
  facet normal 0.522458 0.852665 0
    outer loop
      vertex -37.776 14.0696 2.5
      vertex -37.6221 13.9753 0.8
      vertex -37.776 14.0696 0.8
    endloop
  endfacet
  facet normal -0.972412 -0.233268 0
    outer loop
      vertex -35.9642 15.1799 0.8
      vertex -36.0063 15.3554 2.5
      vertex -36.0063 15.3554 0.8
    endloop
  endfacet
  facet normal -0.972412 -0.233268 0
    outer loop
      vertex -36.0063 15.3554 2.5
      vertex -35.9642 15.1799 0.8
      vertex -35.9642 15.1799 2.5
    endloop
  endfacet
  facet normal -0.996899 -0.078688 0
    outer loop
      vertex -35.95 15 0.8
      vertex -35.9642 15.1799 2.5
      vertex -35.9642 15.1799 0.8
    endloop
  endfacet
  facet normal -0.996899 -0.078688 0
    outer loop
      vertex -35.9642 15.1799 2.5
      vertex -35.95 15 0.8
      vertex -35.95 15 2.5
    endloop
  endfacet
  facet normal -0.923976 -0.38245 0
    outer loop
      vertex -36.0063 15.3554 0.8
      vertex -36.0753 15.5221 2.5
      vertex -36.0753 15.5221 0.8
    endloop
  endfacet
  facet normal -0.923976 -0.38245 0
    outer loop
      vertex -36.0753 15.5221 2.5
      vertex -36.0063 15.3554 0.8
      vertex -36.0063 15.3554 2.5
    endloop
  endfacet
  facet normal 0.923976 0.38245 0
    outer loop
      vertex -38.1247 14.4779 2.5
      vertex -38.1937 14.6446 0.8
      vertex -38.1937 14.6446 2.5
    endloop
  endfacet
  facet normal 0.923976 0.38245 0
    outer loop
      vertex -38.1937 14.6446 0.8
      vertex -38.1247 14.4779 2.5
      vertex -38.1247 14.4779 0.8
    endloop
  endfacet
  facet normal -0.38245 -0.923976 0
    outer loop
      vertex -36.7446 16.0937 0.8
      vertex -36.5779 16.0247 2.5
      vertex -36.7446 16.0937 2.5
    endloop
  endfacet
  facet normal -0.38245 -0.923976 -0
    outer loop
      vertex -36.5779 16.0247 2.5
      vertex -36.7446 16.0937 0.8
      vertex -36.5779 16.0247 0.8
    endloop
  endfacet
  facet normal -0.996899 0.078688 0
    outer loop
      vertex -35.9642 14.8201 0.8
      vertex -35.95 15 2.5
      vertex -35.95 15 0.8
    endloop
  endfacet
  facet normal -0.996899 0.078688 0
    outer loop
      vertex -35.95 15 2.5
      vertex -35.9642 14.8201 0.8
      vertex -35.9642 14.8201 2.5
    endloop
  endfacet
  facet normal 0.996899 0.078688 0
    outer loop
      vertex -38.2358 14.8201 2.5
      vertex -38.25 15 0.8
      vertex -38.25 15 2.5
    endloop
  endfacet
  facet normal 0.996899 0.078688 0
    outer loop
      vertex -38.25 15 0.8
      vertex -38.2358 14.8201 2.5
      vertex -38.2358 14.8201 0.8
    endloop
  endfacet
  facet normal -0.760351 -0.649513 0
    outer loop
      vertex -36.1696 15.676 0.8
      vertex -36.2868 15.8132 2.5
      vertex -36.2868 15.8132 0.8
    endloop
  endfacet
  facet normal -0.760351 -0.649513 0
    outer loop
      vertex -36.2868 15.8132 2.5
      vertex -36.1696 15.676 0.8
      vertex -36.1696 15.676 2.5
    endloop
  endfacet
  facet normal -0.852665 -0.522458 0
    outer loop
      vertex -36.0753 15.5221 0.8
      vertex -36.1696 15.676 2.5
      vertex -36.1696 15.676 0.8
    endloop
  endfacet
  facet normal -0.852665 -0.522458 0
    outer loop
      vertex -36.1696 15.676 2.5
      vertex -36.0753 15.5221 0.8
      vertex -36.0753 15.5221 2.5
    endloop
  endfacet
  facet normal -0.972412 0.233268 0
    outer loop
      vertex -36.0063 14.6446 0.8
      vertex -35.9642 14.8201 2.5
      vertex -35.9642 14.8201 0.8
    endloop
  endfacet
  facet normal -0.972412 0.233268 0
    outer loop
      vertex -35.9642 14.8201 2.5
      vertex -36.0063 14.6446 0.8
      vertex -36.0063 14.6446 2.5
    endloop
  endfacet
  facet normal -0.233268 0.972412 0
    outer loop
      vertex -36.7446 13.9063 0.8
      vertex -36.9201 13.8642 2.5
      vertex -36.7446 13.9063 2.5
    endloop
  endfacet
  facet normal -0.233268 0.972412 0
    outer loop
      vertex -36.9201 13.8642 2.5
      vertex -36.7446 13.9063 0.8
      vertex -36.9201 13.8642 0.8
    endloop
  endfacet
  facet normal -0.852665 0.522458 0
    outer loop
      vertex -36.1696 14.324 0.8
      vertex -36.0753 14.4779 2.5
      vertex -36.0753 14.4779 0.8
    endloop
  endfacet
  facet normal -0.852665 0.522458 0
    outer loop
      vertex -36.0753 14.4779 2.5
      vertex -36.1696 14.324 0.8
      vertex -36.1696 14.324 2.5
    endloop
  endfacet
  facet normal -0.522458 0.852665 0
    outer loop
      vertex -36.424 14.0696 0.8
      vertex -36.5779 13.9753 2.5
      vertex -36.424 14.0696 2.5
    endloop
  endfacet
  facet normal -0.522458 0.852665 0
    outer loop
      vertex -36.5779 13.9753 2.5
      vertex -36.424 14.0696 0.8
      vertex -36.5779 13.9753 0.8
    endloop
  endfacet
  facet normal 0.38245 0.923976 -0
    outer loop
      vertex -37.4554 13.9063 0.8
      vertex -37.6221 13.9753 2.5
      vertex -37.4554 13.9063 2.5
    endloop
  endfacet
  facet normal 0.38245 0.923976 0
    outer loop
      vertex -37.6221 13.9753 2.5
      vertex -37.4554 13.9063 0.8
      vertex -37.6221 13.9753 0.8
    endloop
  endfacet
  facet normal -0.38245 0.923976 0
    outer loop
      vertex -36.5779 13.9753 0.8
      vertex -36.7446 13.9063 2.5
      vertex -36.5779 13.9753 2.5
    endloop
  endfacet
  facet normal -0.38245 0.923976 0
    outer loop
      vertex -36.7446 13.9063 2.5
      vertex -36.5779 13.9753 0.8
      vertex -36.7446 13.9063 0.8
    endloop
  endfacet
  facet normal -0.522458 -0.852665 0
    outer loop
      vertex -36.5779 16.0247 0.8
      vertex -36.424 15.9304 2.5
      vertex -36.5779 16.0247 2.5
    endloop
  endfacet
  facet normal -0.522458 -0.852665 -0
    outer loop
      vertex -36.424 15.9304 2.5
      vertex -36.5779 16.0247 0.8
      vertex -36.424 15.9304 0.8
    endloop
  endfacet
  facet normal 0.078688 -0.996899 0
    outer loop
      vertex -37.2799 16.1358 0.8
      vertex -37.1 16.15 2.5
      vertex -37.2799 16.1358 2.5
    endloop
  endfacet
  facet normal 0.078688 -0.996899 0
    outer loop
      vertex -37.1 16.15 2.5
      vertex -37.2799 16.1358 0.8
      vertex -37.1 16.15 0.8
    endloop
  endfacet
  facet normal 0.522458 -0.852665 0
    outer loop
      vertex -37.776 15.9304 0.8
      vertex -37.6221 16.0247 2.5
      vertex -37.776 15.9304 2.5
    endloop
  endfacet
  facet normal 0.522458 -0.852665 0
    outer loop
      vertex -37.6221 16.0247 2.5
      vertex -37.776 15.9304 0.8
      vertex -37.6221 16.0247 0.8
    endloop
  endfacet
  facet normal 0.233268 -0.972412 0
    outer loop
      vertex -37.4554 16.0937 0.8
      vertex -37.2799 16.1358 2.5
      vertex -37.4554 16.0937 2.5
    endloop
  endfacet
  facet normal 0.233268 -0.972412 0
    outer loop
      vertex -37.2799 16.1358 2.5
      vertex -37.4554 16.0937 0.8
      vertex -37.2799 16.1358 0.8
    endloop
  endfacet
  facet normal 0.760351 -0.649513 0
    outer loop
      vertex -38.0304 15.676 2.5
      vertex -37.9132 15.8132 0.8
      vertex -37.9132 15.8132 2.5
    endloop
  endfacet
  facet normal 0.760351 -0.649513 0
    outer loop
      vertex -37.9132 15.8132 0.8
      vertex -38.0304 15.676 2.5
      vertex -38.0304 15.676 0.8
    endloop
  endfacet
  facet normal 0.38245 -0.923976 0
    outer loop
      vertex -37.6221 16.0247 0.8
      vertex -37.4554 16.0937 2.5
      vertex -37.6221 16.0247 2.5
    endloop
  endfacet
  facet normal 0.38245 -0.923976 0
    outer loop
      vertex -37.4554 16.0937 2.5
      vertex -37.6221 16.0247 0.8
      vertex -37.4554 16.0937 0.8
    endloop
  endfacet
  facet normal 0.852665 -0.522458 0
    outer loop
      vertex -38.1247 15.5221 2.5
      vertex -38.0304 15.676 0.8
      vertex -38.0304 15.676 2.5
    endloop
  endfacet
  facet normal 0.852665 -0.522458 0
    outer loop
      vertex -38.0304 15.676 0.8
      vertex -38.1247 15.5221 2.5
      vertex -38.1247 15.5221 0.8
    endloop
  endfacet
  facet normal -0.923976 0.38245 0
    outer loop
      vertex -36.0753 14.4779 0.8
      vertex -36.0063 14.6446 2.5
      vertex -36.0063 14.6446 0.8
    endloop
  endfacet
  facet normal -0.923976 0.38245 0
    outer loop
      vertex -36.0063 14.6446 2.5
      vertex -36.0753 14.4779 0.8
      vertex -36.0753 14.4779 2.5
    endloop
  endfacet
  facet normal 0.923976 -0.38245 0
    outer loop
      vertex -38.1937 15.3554 2.5
      vertex -38.1247 15.5221 0.8
      vertex -38.1247 15.5221 2.5
    endloop
  endfacet
  facet normal 0.923976 -0.38245 0
    outer loop
      vertex -38.1247 15.5221 0.8
      vertex -38.1937 15.3554 2.5
      vertex -38.1937 15.3554 0.8
    endloop
  endfacet
  facet normal -0.649513 -0.760351 0
    outer loop
      vertex -36.424 15.9304 0.8
      vertex -36.2868 15.8132 2.5
      vertex -36.424 15.9304 2.5
    endloop
  endfacet
  facet normal -0.649513 -0.760351 -0
    outer loop
      vertex -36.2868 15.8132 2.5
      vertex -36.424 15.9304 0.8
      vertex -36.2868 15.8132 0.8
    endloop
  endfacet
  facet normal 0.972412 -0.233268 0
    outer loop
      vertex -38.2358 15.1799 2.5
      vertex -38.1937 15.3554 0.8
      vertex -38.1937 15.3554 2.5
    endloop
  endfacet
  facet normal 0.972412 -0.233268 0
    outer loop
      vertex -38.1937 15.3554 0.8
      vertex -38.2358 15.1799 2.5
      vertex -38.2358 15.1799 0.8
    endloop
  endfacet
  facet normal 0.233268 0.972412 -0
    outer loop
      vertex -37.2799 13.8642 0.8
      vertex -37.4554 13.9063 2.5
      vertex -37.2799 13.8642 2.5
    endloop
  endfacet
  facet normal 0.233268 0.972412 0
    outer loop
      vertex -37.4554 13.9063 2.5
      vertex -37.2799 13.8642 0.8
      vertex -37.4554 13.9063 0.8
    endloop
  endfacet
  facet normal 0.852665 0.522458 0
    outer loop
      vertex -38.0304 14.324 2.5
      vertex -38.1247 14.4779 0.8
      vertex -38.1247 14.4779 2.5
    endloop
  endfacet
  facet normal 0.852665 0.522458 0
    outer loop
      vertex -38.1247 14.4779 0.8
      vertex -38.0304 14.324 2.5
      vertex -38.0304 14.324 0.8
    endloop
  endfacet
  facet normal 0.649513 -0.760351 0
    outer loop
      vertex -37.9132 15.8132 0.8
      vertex -37.776 15.9304 2.5
      vertex -37.9132 15.8132 2.5
    endloop
  endfacet
  facet normal 0.649513 -0.760351 0
    outer loop
      vertex -37.776 15.9304 2.5
      vertex -37.9132 15.8132 0.8
      vertex -37.776 15.9304 0.8
    endloop
  endfacet
  facet normal 0.760351 0.649513 0
    outer loop
      vertex -37.9132 14.1868 2.5
      vertex -38.0304 14.324 0.8
      vertex -38.0304 14.324 2.5
    endloop
  endfacet
  facet normal 0.760351 0.649513 0
    outer loop
      vertex -38.0304 14.324 0.8
      vertex -37.9132 14.1868 2.5
      vertex -37.9132 14.1868 0.8
    endloop
  endfacet
  facet normal 0.078688 0.996899 -0
    outer loop
      vertex -37.1 13.85 0.8
      vertex -37.2799 13.8642 2.5
      vertex -37.1 13.85 2.5
    endloop
  endfacet
  facet normal 0.078688 0.996899 0
    outer loop
      vertex -37.2799 13.8642 2.5
      vertex -37.1 13.85 0.8
      vertex -37.2799 13.8642 0.8
    endloop
  endfacet
  facet normal -0.078688 -0.996899 0
    outer loop
      vertex -37.1 16.15 0.8
      vertex -36.9201 16.1358 2.5
      vertex -37.1 16.15 2.5
    endloop
  endfacet
  facet normal -0.078688 -0.996899 -0
    outer loop
      vertex -36.9201 16.1358 2.5
      vertex -37.1 16.15 0.8
      vertex -36.9201 16.1358 0.8
    endloop
  endfacet
  facet normal -0.233268 -0.972412 0
    outer loop
      vertex -36.9201 16.1358 0.8
      vertex -36.7446 16.0937 2.5
      vertex -36.9201 16.1358 2.5
    endloop
  endfacet
  facet normal -0.233268 -0.972412 -0
    outer loop
      vertex -36.7446 16.0937 2.5
      vertex -36.9201 16.1358 0.8
      vertex -36.7446 16.0937 0.8
    endloop
  endfacet
  facet normal 0.972412 0.233268 0
    outer loop
      vertex -38.1937 14.6446 2.5
      vertex -38.2358 14.8201 0.8
      vertex -38.2358 14.8201 2.5
    endloop
  endfacet
  facet normal 0.972412 0.233268 0
    outer loop
      vertex -38.2358 14.8201 0.8
      vertex -38.1937 14.6446 2.5
      vertex -38.1937 14.6446 0.8
    endloop
  endfacet
  facet normal -0.760351 0.649513 0
    outer loop
      vertex -36.2868 14.1868 0.8
      vertex -36.1696 14.324 2.5
      vertex -36.1696 14.324 0.8
    endloop
  endfacet
  facet normal -0.760351 0.649513 0
    outer loop
      vertex -36.1696 14.324 2.5
      vertex -36.2868 14.1868 0.8
      vertex -36.2868 14.1868 2.5
    endloop
  endfacet
  facet normal -0.649513 0.760351 0
    outer loop
      vertex -36.2868 14.1868 0.8
      vertex -36.424 14.0696 2.5
      vertex -36.2868 14.1868 2.5
    endloop
  endfacet
  facet normal -0.649513 0.760351 0
    outer loop
      vertex -36.424 14.0696 2.5
      vertex -36.2868 14.1868 0.8
      vertex -36.424 14.0696 0.8
    endloop
  endfacet
  facet normal 0.996899 -0.078688 0
    outer loop
      vertex -38.25 15 2.5
      vertex -38.2358 15.1799 0.8
      vertex -38.2358 15.1799 2.5
    endloop
  endfacet
  facet normal 0.996899 -0.078688 0
    outer loop
      vertex -38.2358 15.1799 0.8
      vertex -38.25 15 2.5
      vertex -38.25 15 0.8
    endloop
  endfacet
  facet normal -0.078688 0.996899 0
    outer loop
      vertex -36.9201 13.8642 0.8
      vertex -37.1 13.85 2.5
      vertex -36.9201 13.8642 2.5
    endloop
  endfacet
  facet normal -0.078688 0.996899 0
    outer loop
      vertex -37.1 13.85 2.5
      vertex -36.9201 13.8642 0.8
      vertex -37.1 13.85 0.8
    endloop
  endfacet
  facet normal 0.649513 0.760351 -0
    outer loop
      vertex -37.776 14.0696 0.8
      vertex -37.9132 14.1868 2.5
      vertex -37.776 14.0696 2.5
    endloop
  endfacet
  facet normal 0.649513 0.760351 0
    outer loop
      vertex -37.9132 14.1868 2.5
      vertex -37.776 14.0696 0.8
      vertex -37.9132 14.1868 0.8
    endloop
  endfacet
  facet normal 0.602192 0.380332 -0.701934
    outer loop
      vertex -38.6708 13.8615 0
      vertex -38.0304 14.324 0.8
      vertex -38.6696 13.8596 0
    endloop
  endfacet
  facet normal 0.607584 0.372288 -0.7016
    outer loop
      vertex -38.0304 14.324 0.8
      vertex -38.6708 13.8615 0
      vertex -38.1247 14.4779 0.8
    endloop
  endfacet
  facet normal 0.0560729 -0.710388 -0.701573
    outer loop
      vertex -37.1022 16.9399 0
      vertex -37.1 16.15 0.8
      vertex -37.2799 16.1358 0.8
    endloop
  endfacet
  facet normal 0.0645465 -0.710012 -0.701225
    outer loop
      vertex -37.1 16.15 0.8
      vertex -37.1022 16.9399 0
      vertex -37.1 16.9401 0
    endloop
  endfacet
  facet normal -0.711124 -0.0323238 -0.702324
    outer loop
      vertex -35.95 15 0.8
      vertex -35.16 15.0022 0
      vertex -35.1599 15 0
    endloop
  endfacet
  facet normal -0.710343 -0.0560694 -0.701618
    outer loop
      vertex -35.16 15.0022 0
      vertex -35.95 15 0.8
      vertex -35.9642 15.1799 0.8
    endloop
  endfacet
  facet normal -0.710346 -0.056111 -0.701612
    outer loop
      vertex -35.1838 15.3035 0
      vertex -35.16 15.0022 0
      vertex -35.9642 15.1799 0.8
    endloop
  endfacet
  facet normal 0.0558774 -0.710374 -0.701603
    outer loop
      vertex -37.1022 16.9399 0
      vertex -37.2799 16.1358 0.8
      vertex -37.4035 16.9162 0
    endloop
  endfacet
  facet normal -0.462831 -0.541817 -0.701585
    outer loop
      vertex -35.9596 16.5696 0
      vertex -35.7298 16.3733 0
      vertex -36.424 15.9304 0.8
    endloop
  endfacet
  facet normal -0.658375 -0.272594 -0.701594
    outer loop
      vertex -35.3713 15.8808 0
      vertex -35.2557 15.6016 0
      vertex -36.0753 15.5221 0.8
    endloop
  endfacet
  facet normal 0.166212 -0.692906 -0.701609
    outer loop
      vertex -37.4035 16.9162 0
      vertex -37.2799 16.1358 0.8
      vertex -37.6974 16.8457 0
    endloop
  endfacet
  facet normal -0.27252 -0.658393 -0.701606
    outer loop
      vertex -36.7446 16.0937 0.8
      vertex -36.4984 16.8443 0
      vertex -36.5779 16.0247 0.8
    endloop
  endfacet
  facet normal -0.280834 -0.655279 -0.701243
    outer loop
      vertex -36.4984 16.8443 0
      vertex -36.7446 16.0937 0.8
      vertex -36.5005 16.8452 0
    endloop
  endfacet
  facet normal 0.692906 -0.166212 -0.701609
    outer loop
      vertex -38.9457 15.5974 0
      vertex -38.2358 15.1799 0.8
      vertex -39.0162 15.3035 0
    endloop
  endfacet
  facet normal -0.658375 0.272594 -0.701594
    outer loop
      vertex -35.2557 14.3984 0
      vertex -35.3713 14.1192 0
      vertex -36.0753 14.4779 0.8
    endloop
  endfacet
  facet normal -0.380726 0.602816 -0.701186
    outer loop
      vertex -36.5779 13.9753 0.8
      vertex -36.2173 13.2725 0
      vertex -36.2192 13.2713 0
    endloop
  endfacet
  facet normal -0.372296 0.607596 -0.701586
    outer loop
      vertex -36.2173 13.2725 0
      vertex -36.5779 13.9753 0.8
      vertex -36.424 14.0696 0.8
    endloop
  endfacet
  facet normal -0.541817 0.462831 -0.701585
    outer loop
      vertex -35.5304 13.8596 0
      vertex -35.7267 13.6298 0
      vertex -36.1696 14.324 0.8
    endloop
  endfacet
  facet normal 0.607587 -0.372285 -0.7016
    outer loop
      vertex -38.6708 16.1385 0
      vertex -38.1247 15.5221 0.8
      vertex -38.8287 15.8808 0
    endloop
  endfacet
  facet normal 0.692903 -0.166218 -0.70161
    outer loop
      vertex -38.9457 15.5974 0
      vertex -38.1937 15.3554 0.8
      vertex -38.2358 15.1799 0.8
    endloop
  endfacet
  facet normal 0.693228 -0.165054 -0.701564
    outer loop
      vertex -38.1937 15.3554 0.8
      vertex -38.9457 15.5974 0
      vertex -38.9452 15.5995 0
    endloop
  endfacet
  facet normal 0.166212 0.692906 -0.701609
    outer loop
      vertex -37.2799 13.8642 0.8
      vertex -37.4035 13.0838 0
      vertex -37.6974 13.1543 0
    endloop
  endfacet
  facet normal -0.541817 -0.462831 -0.701585
    outer loop
      vertex -35.7267 16.3702 0
      vertex -35.5304 16.1404 0
      vertex -36.1696 15.676 0.8
    endloop
  endfacet
  facet normal 0.658375 0.272594 -0.701594
    outer loop
      vertex -38.1247 14.4779 0.8
      vertex -38.8287 14.1192 0
      vertex -38.9443 14.3984 0
    endloop
  endfacet
  facet normal -0.55048 0.453337 -0.70104
    outer loop
      vertex -36.2868 14.1868 0.8
      vertex -35.7267 13.6298 0
      vertex -35.7281 13.6281 0
    endloop
  endfacet
  facet normal -0.541815 0.462833 -0.701586
    outer loop
      vertex -35.7267 13.6298 0
      vertex -36.2868 14.1868 0.8
      vertex -36.1696 14.324 0.8
    endloop
  endfacet
  facet normal 0.710384 0.0558782 -0.701593
    outer loop
      vertex -38.25 15 0.8
      vertex -39.0164 14.6987 0
      vertex -39.0401 15 0
    endloop
  endfacet
  facet normal 0.541925 0.462688 -0.701596
    outer loop
      vertex -37.9132 14.1868 0.8
      vertex -38.4719 13.6281 0
      vertex -38.6681 13.8579 0
    endloop
  endfacet
  facet normal -0.272594 -0.658375 -0.701594
    outer loop
      vertex -36.4984 16.8443 0
      vertex -36.2192 16.7287 0
      vertex -36.5779 16.0247 0.8
    endloop
  endfacet
  facet normal 0.280834 0.655279 -0.701243
    outer loop
      vertex -37.7016 13.1557 0
      vertex -37.4554 13.9063 0.8
      vertex -37.6995 13.1548 0
    endloop
  endfacet
  facet normal 0.27252 0.658393 -0.701606
    outer loop
      vertex -37.4554 13.9063 0.8
      vertex -37.7016 13.1557 0
      vertex -37.6221 13.9753 0.8
    endloop
  endfacet
  facet normal 0.607584 -0.372288 -0.7016
    outer loop
      vertex -38.6708 16.1385 0
      vertex -38.0304 15.676 0.8
      vertex -38.1247 15.5221 0.8
    endloop
  endfacet
  facet normal 0.602192 -0.380332 -0.701934
    outer loop
      vertex -38.0304 15.676 0.8
      vertex -38.6708 16.1385 0
      vertex -38.6696 16.1404 0
    endloop
  endfacet
  facet normal -0.372292 0.607598 -0.701586
    outer loop
      vertex -35.9596 13.4304 0
      vertex -36.2173 13.2725 0
      vertex -36.424 14.0696 0.8
    endloop
  endfacet
  facet normal 0.272594 0.658375 -0.701594
    outer loop
      vertex -37.6221 13.9753 0.8
      vertex -37.7016 13.1557 0
      vertex -37.9808 13.2713 0
    endloop
  endfacet
  facet normal -0.607587 0.372285 -0.7016
    outer loop
      vertex -35.3713 14.1192 0
      vertex -35.5292 13.8615 0
      vertex -36.0753 14.4779 0.8
    endloop
  endfacet
  facet normal -0.692903 -0.166218 -0.70161
    outer loop
      vertex -36.0063 15.3554 0.8
      vertex -35.2543 15.5974 0
      vertex -35.9642 15.1799 0.8
    endloop
  endfacet
  facet normal -0.693228 -0.165054 -0.701564
    outer loop
      vertex -35.2543 15.5974 0
      vertex -36.0063 15.3554 0.8
      vertex -35.2548 15.5995 0
    endloop
  endfacet
  facet normal -0.272594 0.658375 -0.701594
    outer loop
      vertex -36.2192 13.2713 0
      vertex -36.4984 13.1557 0
      vertex -36.5779 13.9753 0.8
    endloop
  endfacet
  facet normal 0.272594 -0.658375 -0.701594
    outer loop
      vertex -37.7016 16.8443 0
      vertex -37.6221 16.0247 0.8
      vertex -37.9808 16.7287 0
    endloop
  endfacet
  facet normal -0.607584 -0.372288 -0.7016
    outer loop
      vertex -36.1696 15.676 0.8
      vertex -35.5292 16.1385 0
      vertex -36.0753 15.5221 0.8
    endloop
  endfacet
  facet normal -0.602192 -0.380332 -0.701934
    outer loop
      vertex -35.5292 16.1385 0
      vertex -36.1696 15.676 0.8
      vertex -35.5304 16.1404 0
    endloop
  endfacet
  facet normal -0.0558774 0.710374 -0.701603
    outer loop
      vertex -36.9201 13.8642 0.8
      vertex -36.7965 13.0838 0
      vertex -37.0978 13.0601 0
    endloop
  endfacet
  facet normal 0.541827 -0.462844 -0.701569
    outer loop
      vertex -38.0304 15.676 0.8
      vertex -38.6681 16.1421 0
      vertex -37.9132 15.8132 0.8
    endloop
  endfacet
  facet normal 0.53469 -0.471785 -0.701089
    outer loop
      vertex -38.6681 16.1421 0
      vertex -38.0304 15.676 0.8
      vertex -38.6696 16.1404 0
    endloop
  endfacet
  facet normal 0.658393 0.27252 -0.701606
    outer loop
      vertex -38.9443 14.3984 0
      vertex -38.1937 14.6446 0.8
      vertex -38.1247 14.4779 0.8
    endloop
  endfacet
  facet normal 0.655279 0.280834 -0.701243
    outer loop
      vertex -38.1937 14.6446 0.8
      vertex -38.9443 14.3984 0
      vertex -38.9452 14.4005 0
    endloop
  endfacet
  facet normal 0.166218 0.692903 -0.70161
    outer loop
      vertex -37.6974 13.1543 0
      vertex -37.4554 13.9063 0.8
      vertex -37.2799 13.8642 0.8
    endloop
  endfacet
  facet normal 0.165054 0.693228 -0.701564
    outer loop
      vertex -37.4554 13.9063 0.8
      vertex -37.6974 13.1543 0
      vertex -37.6995 13.1548 0
    endloop
  endfacet
  facet normal -0.710346 0.056111 -0.701612
    outer loop
      vertex -35.16 14.9978 0
      vertex -35.1838 14.6965 0
      vertex -35.9642 14.8201 0.8
    endloop
  endfacet
  facet normal -0.711124 0.0323238 -0.702324
    outer loop
      vertex -35.16 14.9978 0
      vertex -35.95 15 0.8
      vertex -35.1599 15 0
    endloop
  endfacet
  facet normal -0.710343 0.0560694 -0.701618
    outer loop
      vertex -35.95 15 0.8
      vertex -35.16 14.9978 0
      vertex -35.9642 14.8201 0.8
    endloop
  endfacet
  facet normal 0.710384 -0.0558782 -0.701593
    outer loop
      vertex -39.0164 15.3013 0
      vertex -38.25 15 0.8
      vertex -39.0401 15 0
    endloop
  endfacet
  facet normal -0.453337 -0.55048 -0.70104
    outer loop
      vertex -36.2868 15.8132 0.8
      vertex -35.7298 16.3733 0
      vertex -35.7281 16.3719 0
    endloop
  endfacet
  facet normal -0.462833 -0.541815 -0.701586
    outer loop
      vertex -35.7298 16.3733 0
      vertex -36.2868 15.8132 0.8
      vertex -36.424 15.9304 0.8
    endloop
  endfacet
  facet normal -0.166215 -0.692893 -0.701621
    outer loop
      vertex -36.9201 16.1358 0.8
      vertex -36.7943 16.9157 0
      vertex -36.7446 16.0937 0.8
    endloop
  endfacet
  facet normal -0.157851 -0.694546 -0.701918
    outer loop
      vertex -36.7943 16.9157 0
      vertex -36.9201 16.1358 0.8
      vertex -36.7965 16.9162 0
    endloop
  endfacet
  facet normal -0.453337 0.55048 -0.70104
    outer loop
      vertex -35.7298 13.6267 0
      vertex -36.2868 14.1868 0.8
      vertex -35.7281 13.6281 0
    endloop
  endfacet
  facet normal -0.462833 0.541815 -0.701586
    outer loop
      vertex -36.2868 14.1868 0.8
      vertex -35.7298 13.6267 0
      vertex -36.424 14.0696 0.8
    endloop
  endfacet
  facet normal -0.541815 -0.462833 -0.701586
    outer loop
      vertex -36.2868 15.8132 0.8
      vertex -35.7267 16.3702 0
      vertex -36.1696 15.676 0.8
    endloop
  endfacet
  facet normal -0.55048 -0.453337 -0.70104
    outer loop
      vertex -35.7267 16.3702 0
      vertex -36.2868 15.8132 0.8
      vertex -35.7281 16.3719 0
    endloop
  endfacet
  facet normal 0.372292 -0.607598 -0.701586
    outer loop
      vertex -37.9827 16.7275 0
      vertex -37.776 15.9304 0.8
      vertex -38.2404 16.5696 0
    endloop
  endfacet
  facet normal -0.607587 -0.372285 -0.7016
    outer loop
      vertex -35.5292 16.1385 0
      vertex -35.3713 15.8808 0
      vertex -36.0753 15.5221 0.8
    endloop
  endfacet
  facet normal -0.692906 -0.166212 -0.701609
    outer loop
      vertex -35.2543 15.5974 0
      vertex -35.1838 15.3035 0
      vertex -35.9642 15.1799 0.8
    endloop
  endfacet
  facet normal -0.166265 0.692888 -0.701614
    outer loop
      vertex -36.7446 13.9063 0.8
      vertex -36.5005 13.1548 0
      vertex -36.7943 13.0843 0
    endloop
  endfacet
  facet normal -0.280834 0.655279 -0.701243
    outer loop
      vertex -36.7446 13.9063 0.8
      vertex -36.4984 13.1557 0
      vertex -36.5005 13.1548 0
    endloop
  endfacet
  facet normal -0.27252 0.658393 -0.701606
    outer loop
      vertex -36.4984 13.1557 0
      vertex -36.7446 13.9063 0.8
      vertex -36.5779 13.9753 0.8
    endloop
  endfacet
  facet normal 0.380726 0.602816 -0.701186
    outer loop
      vertex -37.9827 13.2725 0
      vertex -37.6221 13.9753 0.8
      vertex -37.9808 13.2713 0
    endloop
  endfacet
  facet normal 0.372296 0.607596 -0.701586
    outer loop
      vertex -37.6221 13.9753 0.8
      vertex -37.9827 13.2725 0
      vertex -37.776 14.0696 0.8
    endloop
  endfacet
  facet normal -0.372296 -0.607596 -0.701586
    outer loop
      vertex -36.5779 16.0247 0.8
      vertex -36.2173 16.7275 0
      vertex -36.424 15.9304 0.8
    endloop
  endfacet
  facet normal -0.380726 -0.602816 -0.701186
    outer loop
      vertex -36.2173 16.7275 0
      vertex -36.5779 16.0247 0.8
      vertex -36.2192 16.7287 0
    endloop
  endfacet
  facet normal -0.692906 0.166212 -0.701609
    outer loop
      vertex -35.1838 14.6965 0
      vertex -35.2543 14.4026 0
      vertex -35.9642 14.8201 0.8
    endloop
  endfacet
  facet normal 0.692906 0.166212 -0.701609
    outer loop
      vertex -38.2358 14.8201 0.8
      vertex -38.9457 14.4026 0
      vertex -39.0162 14.6965 0
    endloop
  endfacet
  facet normal 0.462833 -0.541815 -0.701586
    outer loop
      vertex -37.9132 15.8132 0.8
      vertex -38.4702 16.3733 0
      vertex -37.776 15.9304 0.8
    endloop
  endfacet
  facet normal 0.453337 -0.55048 -0.70104
    outer loop
      vertex -38.4702 16.3733 0
      vertex -37.9132 15.8132 0.8
      vertex -38.4719 16.3719 0
    endloop
  endfacet
  facet normal 0.709333 -0.0644848 -0.701917
    outer loop
      vertex -38.2358 15.1799 0.8
      vertex -39.0164 15.3013 0
      vertex -39.0162 15.3035 0
    endloop
  endfacet
  facet normal 0.71034 -0.0560691 -0.701622
    outer loop
      vertex -39.0164 15.3013 0
      vertex -38.2358 15.1799 0.8
      vertex -38.25 15 0.8
    endloop
  endfacet
  facet normal -0.372292 -0.607598 -0.701586
    outer loop
      vertex -36.2173 16.7275 0
      vertex -35.9596 16.5696 0
      vertex -36.424 15.9304 0.8
    endloop
  endfacet
  facet normal -0.602192 0.380332 -0.701934
    outer loop
      vertex -36.1696 14.324 0.8
      vertex -35.5292 13.8615 0
      vertex -35.5304 13.8596 0
    endloop
  endfacet
  facet normal -0.607584 0.372288 -0.7016
    outer loop
      vertex -35.5292 13.8615 0
      vertex -36.1696 14.324 0.8
      vertex -36.0753 14.4779 0.8
    endloop
  endfacet
  facet normal 0.0558774 0.710374 -0.701603
    outer loop
      vertex -37.2799 13.8642 0.8
      vertex -37.1022 13.0601 0
      vertex -37.4035 13.0838 0
    endloop
  endfacet
  facet normal -0.462831 0.541817 -0.701585
    outer loop
      vertex -35.7298 13.6267 0
      vertex -35.9596 13.4304 0
      vertex -36.424 14.0696 0.8
    endloop
  endfacet
  facet normal 0.0645465 0.710012 -0.701225
    outer loop
      vertex -37.1022 13.0601 0
      vertex -37.1 13.85 0.8
      vertex -37.1 13.0599 0
    endloop
  endfacet
  facet normal 0.0560729 0.710388 -0.701573
    outer loop
      vertex -37.1 13.85 0.8
      vertex -37.1022 13.0601 0
      vertex -37.2799 13.8642 0.8
    endloop
  endfacet
  facet normal -0.655279 -0.280834 -0.701243
    outer loop
      vertex -36.0063 15.3554 0.8
      vertex -35.2557 15.6016 0
      vertex -35.2548 15.5995 0
    endloop
  endfacet
  facet normal -0.658393 -0.27252 -0.701606
    outer loop
      vertex -35.2557 15.6016 0
      vertex -36.0063 15.3554 0.8
      vertex -36.0753 15.5221 0.8
    endloop
  endfacet
  facet normal 0.541925 -0.462688 -0.701596
    outer loop
      vertex -38.4719 16.3719 0
      vertex -37.9132 15.8132 0.8
      vertex -38.6681 16.1421 0
    endloop
  endfacet
  facet normal 0.462831 -0.541817 -0.701585
    outer loop
      vertex -38.2404 16.5696 0
      vertex -37.776 15.9304 0.8
      vertex -38.4702 16.3733 0
    endloop
  endfacet
  facet normal 0.693228 0.165054 -0.701564
    outer loop
      vertex -38.9457 14.4026 0
      vertex -38.1937 14.6446 0.8
      vertex -38.9452 14.4005 0
    endloop
  endfacet
  facet normal 0.692903 0.166218 -0.70161
    outer loop
      vertex -38.1937 14.6446 0.8
      vertex -38.9457 14.4026 0
      vertex -38.2358 14.8201 0.8
    endloop
  endfacet
  facet normal 0.166218 -0.692903 -0.70161
    outer loop
      vertex -37.4554 16.0937 0.8
      vertex -37.6974 16.8457 0
      vertex -37.2799 16.1358 0.8
    endloop
  endfacet
  facet normal 0.165054 -0.693228 -0.701564
    outer loop
      vertex -37.6974 16.8457 0
      vertex -37.4554 16.0937 0.8
      vertex -37.6995 16.8452 0
    endloop
  endfacet
  facet normal 0.541827 0.462844 -0.701569
    outer loop
      vertex -38.6681 13.8579 0
      vertex -38.0304 14.324 0.8
      vertex -37.9132 14.1868 0.8
    endloop
  endfacet
  facet normal 0.53469 0.471785 -0.701089
    outer loop
      vertex -38.0304 14.324 0.8
      vertex -38.6681 13.8579 0
      vertex -38.6696 13.8596 0
    endloop
  endfacet
  facet normal 0.607587 0.372285 -0.7016
    outer loop
      vertex -38.1247 14.4779 0.8
      vertex -38.6708 13.8615 0
      vertex -38.8287 14.1192 0
    endloop
  endfacet
  facet normal -0.655279 0.280834 -0.701243
    outer loop
      vertex -35.2557 14.3984 0
      vertex -36.0063 14.6446 0.8
      vertex -35.2548 14.4005 0
    endloop
  endfacet
  facet normal -0.658393 0.27252 -0.701606
    outer loop
      vertex -36.0063 14.6446 0.8
      vertex -35.2557 14.3984 0
      vertex -36.0753 14.4779 0.8
    endloop
  endfacet
  facet normal 0.372296 -0.607596 -0.701586
    outer loop
      vertex -37.9827 16.7275 0
      vertex -37.6221 16.0247 0.8
      vertex -37.776 15.9304 0.8
    endloop
  endfacet
  facet normal 0.380726 -0.602816 -0.701186
    outer loop
      vertex -37.6221 16.0247 0.8
      vertex -37.9827 16.7275 0
      vertex -37.9808 16.7287 0
    endloop
  endfacet
  facet normal 0.71034 0.0560691 -0.701622
    outer loop
      vertex -38.2358 14.8201 0.8
      vertex -39.0164 14.6987 0
      vertex -38.25 15 0.8
    endloop
  endfacet
  facet normal 0.709333 0.0644848 -0.701917
    outer loop
      vertex -39.0164 14.6987 0
      vertex -38.2358 14.8201 0.8
      vertex -39.0162 14.6965 0
    endloop
  endfacet
  facet normal 0.658375 -0.272594 -0.701594
    outer loop
      vertex -38.8287 15.8808 0
      vertex -38.1247 15.5221 0.8
      vertex -38.9443 15.6016 0
    endloop
  endfacet
  facet normal 0.462831 0.541817 -0.701585
    outer loop
      vertex -37.776 14.0696 0.8
      vertex -38.2404 13.4304 0
      vertex -38.4702 13.6267 0
    endloop
  endfacet
  facet normal 0.372292 0.607598 -0.701586
    outer loop
      vertex -37.776 14.0696 0.8
      vertex -37.9827 13.2725 0
      vertex -38.2404 13.4304 0
    endloop
  endfacet
  facet normal -0.693228 0.165054 -0.701564
    outer loop
      vertex -36.0063 14.6446 0.8
      vertex -35.2543 14.4026 0
      vertex -35.2548 14.4005 0
    endloop
  endfacet
  facet normal -0.692903 0.166218 -0.70161
    outer loop
      vertex -35.2543 14.4026 0
      vertex -36.0063 14.6446 0.8
      vertex -35.9642 14.8201 0.8
    endloop
  endfacet
  facet normal 0.462833 0.541815 -0.701586
    outer loop
      vertex -38.4702 13.6267 0
      vertex -37.9132 14.1868 0.8
      vertex -37.776 14.0696 0.8
    endloop
  endfacet
  facet normal 0.453337 0.55048 -0.70104
    outer loop
      vertex -37.9132 14.1868 0.8
      vertex -38.4702 13.6267 0
      vertex -38.4719 13.6281 0
    endloop
  endfacet
  facet normal -0.0558774 -0.710374 -0.701603
    outer loop
      vertex -36.7965 16.9162 0
      vertex -36.9201 16.1358 0.8
      vertex -37.0978 16.9399 0
    endloop
  endfacet
  facet normal -0.166265 -0.692888 -0.701614
    outer loop
      vertex -36.5005 16.8452 0
      vertex -36.7446 16.0937 0.8
      vertex -36.7943 16.9157 0
    endloop
  endfacet
  facet normal -0.0645465 -0.710012 -0.701225
    outer loop
      vertex -37.0978 16.9399 0
      vertex -37.1 16.15 0.8
      vertex -37.1 16.9401 0
    endloop
  endfacet
  facet normal -0.0560729 -0.710388 -0.701573
    outer loop
      vertex -37.1 16.15 0.8
      vertex -37.0978 16.9399 0
      vertex -36.9201 16.1358 0.8
    endloop
  endfacet
  facet normal 0.27252 -0.658393 -0.701606
    outer loop
      vertex -37.7016 16.8443 0
      vertex -37.4554 16.0937 0.8
      vertex -37.6221 16.0247 0.8
    endloop
  endfacet
  facet normal 0.280834 -0.655279 -0.701243
    outer loop
      vertex -37.4554 16.0937 0.8
      vertex -37.7016 16.8443 0
      vertex -37.6995 16.8452 0
    endloop
  endfacet
  facet normal -0.157851 0.694546 -0.701918
    outer loop
      vertex -36.9201 13.8642 0.8
      vertex -36.7943 13.0843 0
      vertex -36.7965 13.0838 0
    endloop
  endfacet
  facet normal -0.166215 0.692893 -0.701621
    outer loop
      vertex -36.7943 13.0843 0
      vertex -36.9201 13.8642 0.8
      vertex -36.7446 13.9063 0.8
    endloop
  endfacet
  facet normal 0.658393 -0.27252 -0.701606
    outer loop
      vertex -38.1937 15.3554 0.8
      vertex -38.9443 15.6016 0
      vertex -38.1247 15.5221 0.8
    endloop
  endfacet
  facet normal 0.655279 -0.280834 -0.701243
    outer loop
      vertex -38.9443 15.6016 0
      vertex -38.1937 15.3554 0.8
      vertex -38.9452 15.5995 0
    endloop
  endfacet
  facet normal -0.0560729 0.710388 -0.701573
    outer loop
      vertex -37.0978 13.0601 0
      vertex -37.1 13.85 0.8
      vertex -36.9201 13.8642 0.8
    endloop
  endfacet
  facet normal -0.0645465 0.710012 -0.701225
    outer loop
      vertex -37.1 13.85 0.8
      vertex -37.0978 13.0601 0
      vertex -37.1 13.0599 0
    endloop
  endfacet
  facet normal -0.972412 -0.233268 0
    outer loop
      vertex -27.8642 31.6281 0.8
      vertex -27.9063 31.8036 2.5
      vertex -27.9063 31.8036 0.8
    endloop
  endfacet
  facet normal -0.972412 -0.233268 0
    outer loop
      vertex -27.9063 31.8036 2.5
      vertex -27.8642 31.6281 0.8
      vertex -27.8642 31.6281 2.5
    endloop
  endfacet
  facet normal -0.996899 -0.078688 0
    outer loop
      vertex -27.85 31.4482 0.8
      vertex -27.8642 31.6281 2.5
      vertex -27.8642 31.6281 0.8
    endloop
  endfacet
  facet normal -0.996899 -0.078688 0
    outer loop
      vertex -27.8642 31.6281 2.5
      vertex -27.85 31.4482 0.8
      vertex -27.85 31.4482 2.5
    endloop
  endfacet
  facet normal -0.972412 0.233268 0
    outer loop
      vertex -27.9063 31.0928 0.8
      vertex -27.8642 31.2683 2.5
      vertex -27.8642 31.2683 0.8
    endloop
  endfacet
  facet normal -0.972412 0.233268 0
    outer loop
      vertex -27.8642 31.2683 2.5
      vertex -27.9063 31.0928 0.8
      vertex -27.9063 31.0928 2.5
    endloop
  endfacet
  facet normal -0.996899 0.078688 0
    outer loop
      vertex -27.8642 31.2683 0.8
      vertex -27.85 31.4482 2.5
      vertex -27.85 31.4482 0.8
    endloop
  endfacet
  facet normal -0.996899 0.078688 0
    outer loop
      vertex -27.85 31.4482 2.5
      vertex -27.8642 31.2683 0.8
      vertex -27.8642 31.2683 2.5
    endloop
  endfacet
  facet normal -0.233268 -0.972412 0
    outer loop
      vertex -28.8201 32.584 0.8
      vertex -28.6446 32.5419 2.5
      vertex -28.8201 32.584 2.5
    endloop
  endfacet
  facet normal -0.233268 -0.972412 -0
    outer loop
      vertex -28.6446 32.5419 2.5
      vertex -28.8201 32.584 0.8
      vertex -28.6446 32.5419 0.8
    endloop
  endfacet
  facet normal -0.760585 -0.649239 0
    outer loop
      vertex -28.0696 32.1241 0.8
      vertex -28.1868 32.2614 2.5
      vertex -28.1868 32.2614 0.8
    endloop
  endfacet
  facet normal -0.760585 -0.649239 0
    outer loop
      vertex -28.1868 32.2614 2.5
      vertex -28.0696 32.1241 0.8
      vertex -28.0696 32.1241 2.5
    endloop
  endfacet
  facet normal 0.760585 -0.649239 0
    outer loop
      vertex -29.9304 32.1241 2.5
      vertex -29.8132 32.2614 0.8
      vertex -29.8132 32.2614 2.5
    endloop
  endfacet
  facet normal 0.760585 -0.649239 0
    outer loop
      vertex -29.8132 32.2614 0.8
      vertex -29.9304 32.1241 2.5
      vertex -29.9304 32.1241 0.8
    endloop
  endfacet
  facet normal 0.078688 -0.996899 0
    outer loop
      vertex -29.1799 32.584 0.8
      vertex -29 32.5982 2.5
      vertex -29.1799 32.584 2.5
    endloop
  endfacet
  facet normal 0.078688 -0.996899 0
    outer loop
      vertex -29 32.5982 2.5
      vertex -29.1799 32.584 0.8
      vertex -29 32.5982 0.8
    endloop
  endfacet
  facet normal 0.760351 0.649513 0
    outer loop
      vertex -29.8132 30.635 2.5
      vertex -29.9304 30.7722 0.8
      vertex -29.9304 30.7722 2.5
    endloop
  endfacet
  facet normal 0.760351 0.649513 0
    outer loop
      vertex -29.9304 30.7722 0.8
      vertex -29.8132 30.635 2.5
      vertex -29.8132 30.635 0.8
    endloop
  endfacet
  facet normal 0.923976 -0.38245 0
    outer loop
      vertex -30.0937 31.8036 2.5
      vertex -30.0247 31.9703 0.8
      vertex -30.0247 31.9703 2.5
    endloop
  endfacet
  facet normal 0.923976 -0.38245 0
    outer loop
      vertex -30.0247 31.9703 0.8
      vertex -30.0937 31.8036 2.5
      vertex -30.0937 31.8036 0.8
    endloop
  endfacet
  facet normal 0.0781372 0.996943 -0
    outer loop
      vertex -29 30.2982 0.8
      vertex -29.1799 30.3123 2.5
      vertex -29 30.2982 2.5
    endloop
  endfacet
  facet normal 0.0781372 0.996943 0
    outer loop
      vertex -29.1799 30.3123 2.5
      vertex -29 30.2982 0.8
      vertex -29.1799 30.3123 0.8
    endloop
  endfacet
  facet normal 0.382923 -0.92378 0
    outer loop
      vertex -29.5221 32.4728 0.8
      vertex -29.3554 32.5419 2.5
      vertex -29.5221 32.4728 2.5
    endloop
  endfacet
  facet normal 0.382923 -0.92378 0
    outer loop
      vertex -29.3554 32.5419 2.5
      vertex -29.5221 32.4728 0.8
      vertex -29.3554 32.5419 0.8
    endloop
  endfacet
  facet normal 0.522055 -0.852912 0
    outer loop
      vertex -29.676 32.3786 0.8
      vertex -29.5221 32.4728 2.5
      vertex -29.676 32.3786 2.5
    endloop
  endfacet
  facet normal 0.522055 -0.852912 0
    outer loop
      vertex -29.5221 32.4728 2.5
      vertex -29.676 32.3786 0.8
      vertex -29.5221 32.4728 0.8
    endloop
  endfacet
  facet normal -0.649513 0.760351 0
    outer loop
      vertex -28.1868 30.635 0.8
      vertex -28.324 30.5178 2.5
      vertex -28.1868 30.635 2.5
    endloop
  endfacet
  facet normal -0.649513 0.760351 0
    outer loop
      vertex -28.324 30.5178 2.5
      vertex -28.1868 30.635 0.8
      vertex -28.324 30.5178 0.8
    endloop
  endfacet
  facet normal -0.923976 0.38245 0
    outer loop
      vertex -27.9753 30.9261 0.8
      vertex -27.9063 31.0928 2.5
      vertex -27.9063 31.0928 0.8
    endloop
  endfacet
  facet normal -0.923976 0.38245 0
    outer loop
      vertex -27.9063 31.0928 2.5
      vertex -27.9753 30.9261 0.8
      vertex -27.9753 30.9261 2.5
    endloop
  endfacet
  facet normal -0.760351 0.649513 0
    outer loop
      vertex -28.1868 30.635 0.8
      vertex -28.0696 30.7722 2.5
      vertex -28.0696 30.7722 0.8
    endloop
  endfacet
  facet normal -0.760351 0.649513 0
    outer loop
      vertex -28.0696 30.7722 2.5
      vertex -28.1868 30.635 0.8
      vertex -28.1868 30.635 2.5
    endloop
  endfacet
  facet normal 0.233792 0.972287 -0
    outer loop
      vertex -29.1799 30.3123 0.8
      vertex -29.3554 30.3545 2.5
      vertex -29.1799 30.3123 2.5
    endloop
  endfacet
  facet normal 0.233792 0.972287 0
    outer loop
      vertex -29.3554 30.3545 2.5
      vertex -29.1799 30.3123 0.8
      vertex -29.3554 30.3545 0.8
    endloop
  endfacet
  facet normal 0.649513 -0.760351 0
    outer loop
      vertex -29.8132 32.2614 0.8
      vertex -29.676 32.3786 2.5
      vertex -29.8132 32.2614 2.5
    endloop
  endfacet
  facet normal 0.649513 -0.760351 0
    outer loop
      vertex -29.676 32.3786 2.5
      vertex -29.8132 32.2614 0.8
      vertex -29.676 32.3786 0.8
    endloop
  endfacet
  facet normal -0.923976 -0.38245 0
    outer loop
      vertex -27.9063 31.8036 0.8
      vertex -27.9753 31.9703 2.5
      vertex -27.9753 31.9703 0.8
    endloop
  endfacet
  facet normal -0.923976 -0.38245 0
    outer loop
      vertex -27.9753 31.9703 2.5
      vertex -27.9063 31.8036 0.8
      vertex -27.9063 31.8036 2.5
    endloop
  endfacet
  facet normal 0.996899 0.078688 0
    outer loop
      vertex -30.1358 31.2683 2.5
      vertex -30.15 31.4482 0.8
      vertex -30.15 31.4482 2.5
    endloop
  endfacet
  facet normal 0.996899 0.078688 0
    outer loop
      vertex -30.15 31.4482 0.8
      vertex -30.1358 31.2683 2.5
      vertex -30.1358 31.2683 0.8
    endloop
  endfacet
  facet normal -0.38245 0.923976 0
    outer loop
      vertex -28.4779 30.4235 0.8
      vertex -28.6446 30.3545 2.5
      vertex -28.4779 30.4235 2.5
    endloop
  endfacet
  facet normal -0.38245 0.923976 0
    outer loop
      vertex -28.6446 30.3545 2.5
      vertex -28.4779 30.4235 0.8
      vertex -28.6446 30.3545 0.8
    endloop
  endfacet
  facet normal 0.923976 0.38245 0
    outer loop
      vertex -30.0247 30.9261 2.5
      vertex -30.0937 31.0928 0.8
      vertex -30.0937 31.0928 2.5
    endloop
  endfacet
  facet normal 0.923976 0.38245 0
    outer loop
      vertex -30.0937 31.0928 0.8
      vertex -30.0247 30.9261 2.5
      vertex -30.0247 30.9261 0.8
    endloop
  endfacet
  facet normal 0.996899 -0.078688 0
    outer loop
      vertex -30.15 31.4482 2.5
      vertex -30.1358 31.6281 0.8
      vertex -30.1358 31.6281 2.5
    endloop
  endfacet
  facet normal 0.996899 -0.078688 0
    outer loop
      vertex -30.1358 31.6281 0.8
      vertex -30.15 31.4482 2.5
      vertex -30.15 31.4482 0.8
    endloop
  endfacet
  facet normal -0.649513 -0.760351 0
    outer loop
      vertex -28.324 32.3786 0.8
      vertex -28.1868 32.2614 2.5
      vertex -28.324 32.3786 2.5
    endloop
  endfacet
  facet normal -0.649513 -0.760351 -0
    outer loop
      vertex -28.1868 32.2614 2.5
      vertex -28.324 32.3786 0.8
      vertex -28.1868 32.2614 0.8
    endloop
  endfacet
  facet normal -0.522055 -0.852912 0
    outer loop
      vertex -28.4779 32.4728 0.8
      vertex -28.324 32.3786 2.5
      vertex -28.4779 32.4728 2.5
    endloop
  endfacet
  facet normal -0.522055 -0.852912 -0
    outer loop
      vertex -28.324 32.3786 2.5
      vertex -28.4779 32.4728 0.8
      vertex -28.324 32.3786 0.8
    endloop
  endfacet
  facet normal 0.649513 0.760351 -0
    outer loop
      vertex -29.676 30.5178 0.8
      vertex -29.8132 30.635 2.5
      vertex -29.676 30.5178 2.5
    endloop
  endfacet
  facet normal 0.649513 0.760351 0
    outer loop
      vertex -29.8132 30.635 2.5
      vertex -29.676 30.5178 0.8
      vertex -29.8132 30.635 0.8
    endloop
  endfacet
  facet normal -0.852665 0.522458 0
    outer loop
      vertex -28.0696 30.7722 0.8
      vertex -27.9753 30.9261 2.5
      vertex -27.9753 30.9261 0.8
    endloop
  endfacet
  facet normal -0.852665 0.522458 0
    outer loop
      vertex -27.9753 30.9261 2.5
      vertex -28.0696 30.7722 0.8
      vertex -28.0696 30.7722 2.5
    endloop
  endfacet
  facet normal -0.852514 -0.522705 0
    outer loop
      vertex -27.9753 31.9703 0.8
      vertex -28.0696 32.1241 2.5
      vertex -28.0696 32.1241 0.8
    endloop
  endfacet
  facet normal -0.852514 -0.522705 0
    outer loop
      vertex -28.0696 32.1241 2.5
      vertex -27.9753 31.9703 0.8
      vertex -27.9753 31.9703 2.5
    endloop
  endfacet
  facet normal 0.522458 0.852665 -0
    outer loop
      vertex -29.5221 30.4235 0.8
      vertex -29.676 30.5178 2.5
      vertex -29.5221 30.4235 2.5
    endloop
  endfacet
  facet normal 0.522458 0.852665 0
    outer loop
      vertex -29.676 30.5178 2.5
      vertex -29.5221 30.4235 0.8
      vertex -29.676 30.5178 0.8
    endloop
  endfacet
  facet normal -0.078688 -0.996899 0
    outer loop
      vertex -29 32.5982 0.8
      vertex -28.8201 32.584 2.5
      vertex -29 32.5982 2.5
    endloop
  endfacet
  facet normal -0.078688 -0.996899 -0
    outer loop
      vertex -28.8201 32.584 2.5
      vertex -29 32.5982 0.8
      vertex -28.8201 32.584 0.8
    endloop
  endfacet
  facet normal 0.972412 0.233268 0
    outer loop
      vertex -30.0937 31.0928 2.5
      vertex -30.1358 31.2683 0.8
      vertex -30.1358 31.2683 2.5
    endloop
  endfacet
  facet normal 0.972412 0.233268 0
    outer loop
      vertex -30.1358 31.2683 0.8
      vertex -30.0937 31.0928 2.5
      vertex -30.0937 31.0928 0.8
    endloop
  endfacet
  facet normal 0.972412 -0.233268 0
    outer loop
      vertex -30.1358 31.6281 2.5
      vertex -30.0937 31.8036 0.8
      vertex -30.0937 31.8036 2.5
    endloop
  endfacet
  facet normal 0.972412 -0.233268 0
    outer loop
      vertex -30.0937 31.8036 0.8
      vertex -30.1358 31.6281 2.5
      vertex -30.1358 31.6281 0.8
    endloop
  endfacet
  facet normal -0.233792 0.972287 0
    outer loop
      vertex -28.6446 30.3545 0.8
      vertex -28.8201 30.3123 2.5
      vertex -28.6446 30.3545 2.5
    endloop
  endfacet
  facet normal -0.233792 0.972287 0
    outer loop
      vertex -28.8201 30.3123 2.5
      vertex -28.6446 30.3545 0.8
      vertex -28.8201 30.3123 0.8
    endloop
  endfacet
  facet normal -0.0781372 0.996943 0
    outer loop
      vertex -28.8201 30.3123 0.8
      vertex -29 30.2982 2.5
      vertex -28.8201 30.3123 2.5
    endloop
  endfacet
  facet normal -0.0781372 0.996943 0
    outer loop
      vertex -29 30.2982 2.5
      vertex -28.8201 30.3123 0.8
      vertex -29 30.2982 0.8
    endloop
  endfacet
  facet normal 0.38245 0.923976 -0
    outer loop
      vertex -29.3554 30.3545 0.8
      vertex -29.5221 30.4235 2.5
      vertex -29.3554 30.3545 2.5
    endloop
  endfacet
  facet normal 0.38245 0.923976 0
    outer loop
      vertex -29.5221 30.4235 2.5
      vertex -29.3554 30.3545 0.8
      vertex -29.5221 30.4235 0.8
    endloop
  endfacet
  facet normal -0.522458 0.852665 0
    outer loop
      vertex -28.324 30.5178 0.8
      vertex -28.4779 30.4235 2.5
      vertex -28.324 30.5178 2.5
    endloop
  endfacet
  facet normal -0.522458 0.852665 0
    outer loop
      vertex -28.4779 30.4235 2.5
      vertex -28.324 30.5178 0.8
      vertex -28.4779 30.4235 0.8
    endloop
  endfacet
  facet normal 0.233268 -0.972412 0
    outer loop
      vertex -29.3554 32.5419 0.8
      vertex -29.1799 32.584 2.5
      vertex -29.3554 32.5419 2.5
    endloop
  endfacet
  facet normal 0.233268 -0.972412 0
    outer loop
      vertex -29.1799 32.584 2.5
      vertex -29.3554 32.5419 0.8
      vertex -29.1799 32.584 0.8
    endloop
  endfacet
  facet normal -0.382923 -0.92378 0
    outer loop
      vertex -28.6446 32.5419 0.8
      vertex -28.4779 32.4728 2.5
      vertex -28.6446 32.5419 2.5
    endloop
  endfacet
  facet normal -0.382923 -0.92378 -0
    outer loop
      vertex -28.4779 32.4728 2.5
      vertex -28.6446 32.5419 0.8
      vertex -28.4779 32.4728 0.8
    endloop
  endfacet
  facet normal 0.852665 0.522458 0
    outer loop
      vertex -29.9304 30.7722 2.5
      vertex -30.0247 30.9261 0.8
      vertex -30.0247 30.9261 2.5
    endloop
  endfacet
  facet normal 0.852665 0.522458 0
    outer loop
      vertex -30.0247 30.9261 0.8
      vertex -29.9304 30.7722 2.5
      vertex -29.9304 30.7722 0.8
    endloop
  endfacet
  facet normal 0.852514 -0.522705 0
    outer loop
      vertex -30.0247 31.9703 2.5
      vertex -29.9304 32.1241 0.8
      vertex -29.9304 32.1241 2.5
    endloop
  endfacet
  facet normal 0.852514 -0.522705 0
    outer loop
      vertex -29.9304 32.1241 0.8
      vertex -30.0247 31.9703 2.5
      vertex -30.0247 31.9703 0.8
    endloop
  endfacet
  facet normal 0.607495 -0.372476 -0.701578
    outer loop
      vertex -30.0247 31.9703 0.8
      vertex -30.7275 32.3309 0
      vertex -29.9304 32.1241 0.8
    endloop
  endfacet
  facet normal 0.602816 -0.380726 -0.701186
    outer loop
      vertex -30.7275 32.3309 0
      vertex -30.0247 31.9703 0.8
      vertex -30.7287 32.329 0
    endloop
  endfacet
  facet normal 0.280834 0.655279 -0.701243
    outer loop
      vertex -29.6016 29.6039 0
      vertex -29.3554 30.3545 0.8
      vertex -29.5995 29.603 0
    endloop
  endfacet
  facet normal 0.27252 0.658393 -0.701606
    outer loop
      vertex -29.3554 30.3545 0.8
      vertex -29.6016 29.6039 0
      vertex -29.5221 30.4235 0.8
    endloop
  endfacet
  facet normal -0.0645465 -0.710012 -0.701225
    outer loop
      vertex -28.9978 33.3881 0
      vertex -29 32.5982 0.8
      vertex -29 33.3883 0
    endloop
  endfacet
  facet normal -0.0560729 -0.710388 -0.701573
    outer loop
      vertex -29 32.5982 0.8
      vertex -28.9978 33.3881 0
      vertex -28.8201 32.584 0.8
    endloop
  endfacet
  facet normal 0.710388 -0.0560729 -0.701573
    outer loop
      vertex -30.15 31.4482 0.8
      vertex -30.9399 31.4504 0
      vertex -30.1358 31.6281 0.8
    endloop
  endfacet
  facet normal 0.710012 -0.0645465 -0.701225
    outer loop
      vertex -30.9399 31.4504 0
      vertex -30.15 31.4482 0.8
      vertex -30.9401 31.4482 0
    endloop
  endfacet
  facet normal -0.711124 -0.0323238 -0.702324
    outer loop
      vertex -27.85 31.4482 0.8
      vertex -27.06 31.4504 0
      vertex -27.0599 31.4482 0
    endloop
  endfacet
  facet normal -0.710343 -0.0560694 -0.701618
    outer loop
      vertex -27.06 31.4504 0
      vertex -27.85 31.4482 0.8
      vertex -27.8642 31.6281 0.8
    endloop
  endfacet
  facet normal -0.710346 -0.056111 -0.701612
    outer loop
      vertex -27.0838 31.7517 0
      vertex -27.06 31.4504 0
      vertex -27.8642 31.6281 0.8
    endloop
  endfacet
  facet normal 0.272792 -0.658284 -0.701603
    outer loop
      vertex -29.6016 33.2925 0
      vertex -29.5221 32.4728 0.8
      vertex -29.8808 33.1768 0
    endloop
  endfacet
  facet normal 0.607578 -0.37228 -0.70161
    outer loop
      vertex -30.5696 32.5886 0
      vertex -29.9304 32.1241 0.8
      vertex -30.7275 32.3309 0
    endloop
  endfacet
  facet normal -0.166212 -0.692906 -0.701609
    outer loop
      vertex -28.6965 33.3644 0
      vertex -28.4026 33.2939 0
      vertex -28.8201 32.584 0.8
    endloop
  endfacet
  facet normal -0.55048 0.453337 -0.70104
    outer loop
      vertex -28.1868 30.635 0.8
      vertex -27.6267 30.078 0
      vertex -27.6281 30.0763 0
    endloop
  endfacet
  facet normal -0.541815 0.462833 -0.701586
    outer loop
      vertex -27.6267 30.078 0
      vertex -28.1868 30.635 0.8
      vertex -28.0696 30.7722 0.8
    endloop
  endfacet
  facet normal 0.541989 -0.462644 -0.701576
    outer loop
      vertex -30.3733 32.8184 0
      vertex -29.8132 32.2614 0.8
      vertex -29.9304 32.1241 0.8
    endloop
  endfacet
  facet normal 0.55048 -0.453337 -0.70104
    outer loop
      vertex -29.8132 32.2614 0.8
      vertex -30.3733 32.8184 0
      vertex -30.3719 32.8201 0
    endloop
  endfacet
  facet normal 0.0556812 0.710429 -0.701562
    outer loop
      vertex -29.3013 29.5318 0
      vertex -29.1799 30.3123 0.8
      vertex -29 30.2982 0.8
    endloop
  endfacet
  facet normal 0.0324063 0.712938 -0.700478
    outer loop
      vertex -29.1799 30.3123 0.8
      vertex -29.3013 29.5318 0
      vertex -29.3035 29.5319 0
    endloop
  endfacet
  facet normal -0.692888 -0.166265 -0.701614
    outer loop
      vertex -27.1548 32.0477 0
      vertex -27.0843 31.7539 0
      vertex -27.9063 31.8036 0.8
    endloop
  endfacet
  facet normal -0.655279 0.280834 -0.701243
    outer loop
      vertex -27.1557 30.8466 0
      vertex -27.9063 31.0928 0.8
      vertex -27.1548 30.8487 0
    endloop
  endfacet
  facet normal -0.658393 0.27252 -0.701606
    outer loop
      vertex -27.9063 31.0928 0.8
      vertex -27.1557 30.8466 0
      vertex -27.9753 30.9261 0.8
    endloop
  endfacet
  facet normal -0.272792 -0.658284 -0.701603
    outer loop
      vertex -28.3984 33.2925 0
      vertex -28.1192 33.1768 0
      vertex -28.4779 32.4728 0.8
    endloop
  endfacet
  facet normal 0.692888 -0.166265 -0.701614
    outer loop
      vertex -30.8452 32.0477 0
      vertex -30.0937 31.8036 0.8
      vertex -30.9157 31.7539 0
    endloop
  endfacet
  facet normal 0.452716 0.549726 -0.702033
    outer loop
      vertex -30.1421 29.88 0
      vertex -29.676 30.5178 0.8
      vertex -30.1404 29.8786 0
    endloop
  endfacet
  facet normal 0.462822 0.541802 -0.701603
    outer loop
      vertex -29.676 30.5178 0.8
      vertex -30.1421 29.88 0
      vertex -29.8132 30.635 0.8
    endloop
  endfacet
  facet normal 0.372288 0.607584 -0.7016
    outer loop
      vertex -30.1385 29.8774 0
      vertex -29.676 30.5178 0.8
      vertex -29.5221 30.4235 0.8
    endloop
  endfacet
  facet normal 0.380332 0.602192 -0.701934
    outer loop
      vertex -29.676 30.5178 0.8
      vertex -30.1385 29.8774 0
      vertex -30.1404 29.8786 0
    endloop
  endfacet
  facet normal -0.372285 0.607587 -0.7016
    outer loop
      vertex -27.8615 29.8774 0
      vertex -28.1192 29.7195 0
      vertex -28.4779 30.4235 0.8
    endloop
  endfacet
  facet normal -0.166437 0.692861 -0.7016
    outer loop
      vertex -28.4026 29.6025 0
      vertex -28.6965 29.5319 0
      vertex -28.8201 30.3123 0.8
    endloop
  endfacet
  facet normal 0.462688 -0.541925 -0.701596
    outer loop
      vertex -30.1421 33.0163 0
      vertex -29.8132 32.2614 0.8
      vertex -30.3719 32.8201 0
    endloop
  endfacet
  facet normal 0.46282 0.541803 -0.701603
    outer loop
      vertex -29.8132 30.635 0.8
      vertex -30.1421 29.88 0
      vertex -30.3719 30.0763 0
    endloop
  endfacet
  facet normal -0.602816 0.380726 -0.701186
    outer loop
      vertex -27.2725 30.5655 0
      vertex -27.9753 30.9261 0.8
      vertex -27.2713 30.5674 0
    endloop
  endfacet
  facet normal -0.607596 0.372296 -0.701586
    outer loop
      vertex -27.9753 30.9261 0.8
      vertex -27.2725 30.5655 0
      vertex -28.0696 30.7722 0.8
    endloop
  endfacet
  facet normal -0.692906 0.166212 -0.701609
    outer loop
      vertex -27.0838 31.1447 0
      vertex -27.1543 30.8508 0
      vertex -27.8642 31.2683 0.8
    endloop
  endfacet
  facet normal 0.372285 -0.607587 -0.7016
    outer loop
      vertex -29.8808 33.1768 0
      vertex -29.5221 32.4728 0.8
      vertex -30.1385 33.0189 0
    endloop
  endfacet
  facet normal -0.658375 -0.272594 -0.701594
    outer loop
      vertex -27.2713 32.329 0
      vertex -27.1557 32.0498 0
      vertex -27.9753 31.9703 0.8
    endloop
  endfacet
  facet normal -0.46282 0.541803 -0.701603
    outer loop
      vertex -27.6281 30.0763 0
      vertex -27.8579 29.88 0
      vertex -28.1868 30.635 0.8
    endloop
  endfacet
  facet normal -0.462688 -0.541925 -0.701596
    outer loop
      vertex -27.8579 33.0163 0
      vertex -27.6281 32.8201 0
      vertex -28.1868 32.2614 0.8
    endloop
  endfacet
  facet normal -0.372285 -0.607587 -0.7016
    outer loop
      vertex -28.1192 33.1768 0
      vertex -27.8615 33.0189 0
      vertex -28.4779 32.4728 0.8
    endloop
  endfacet
  facet normal -0.710346 0.056111 -0.701612
    outer loop
      vertex -27.06 31.446 0
      vertex -27.0838 31.1447 0
      vertex -27.8642 31.2683 0.8
    endloop
  endfacet
  facet normal -0.711124 0.0323238 -0.702324
    outer loop
      vertex -27.06 31.446 0
      vertex -27.85 31.4482 0.8
      vertex -27.0599 31.4482 0
    endloop
  endfacet
  facet normal -0.710343 0.0560694 -0.701618
    outer loop
      vertex -27.85 31.4482 0.8
      vertex -27.06 31.446 0
      vertex -27.8642 31.2683 0.8
    endloop
  endfacet
  facet normal -0.658375 0.272594 -0.701594
    outer loop
      vertex -27.1557 30.8466 0
      vertex -27.2713 30.5674 0
      vertex -27.9753 30.9261 0.8
    endloop
  endfacet
  facet normal 0.692893 -0.166215 -0.701621
    outer loop
      vertex -30.1358 31.6281 0.8
      vertex -30.9157 31.7539 0
      vertex -30.0937 31.8036 0.8
    endloop
  endfacet
  facet normal 0.694546 -0.157851 -0.701918
    outer loop
      vertex -30.9157 31.7539 0
      vertex -30.1358 31.6281 0.8
      vertex -30.9162 31.7517 0
    endloop
  endfacet
  facet normal 0.693228 0.165054 -0.701564
    outer loop
      vertex -30.8457 30.8508 0
      vertex -30.0937 31.0928 0.8
      vertex -30.8452 30.8487 0
    endloop
  endfacet
  facet normal 0.692903 0.166218 -0.70161
    outer loop
      vertex -30.0937 31.0928 0.8
      vertex -30.8457 30.8508 0
      vertex -30.1358 31.2683 0.8
    endloop
  endfacet
  facet normal 0.372285 0.607587 -0.7016
    outer loop
      vertex -29.5221 30.4235 0.8
      vertex -29.8808 29.7195 0
      vertex -30.1385 29.8774 0
    endloop
  endfacet
  facet normal 0.710012 0.0645465 -0.701225
    outer loop
      vertex -30.15 31.4482 0.8
      vertex -30.9399 31.446 0
      vertex -30.9401 31.4482 0
    endloop
  endfacet
  facet normal 0.710388 0.0560729 -0.701573
    outer loop
      vertex -30.9399 31.446 0
      vertex -30.15 31.4482 0.8
      vertex -30.1358 31.2683 0.8
    endloop
  endfacet
  facet normal 0.166588 0.6928 -0.701625
    outer loop
      vertex -29.5974 29.6025 0
      vertex -29.3554 30.3545 0.8
      vertex -29.1799 30.3123 0.8
    endloop
  endfacet
  facet normal 0.165054 0.693228 -0.701564
    outer loop
      vertex -29.3554 30.3545 0.8
      vertex -29.5974 29.6025 0
      vertex -29.5995 29.603 0
    endloop
  endfacet
  facet normal 0.658393 0.27252 -0.701606
    outer loop
      vertex -30.8443 30.8466 0
      vertex -30.0937 31.0928 0.8
      vertex -30.0247 30.9261 0.8
    endloop
  endfacet
  facet normal 0.655279 0.280834 -0.701243
    outer loop
      vertex -30.0937 31.0928 0.8
      vertex -30.8443 30.8466 0
      vertex -30.8452 30.8487 0
    endloop
  endfacet
  facet normal 0.658375 0.272594 -0.701594
    outer loop
      vertex -30.0247 30.9261 0.8
      vertex -30.7287 30.5674 0
      vertex -30.8443 30.8466 0
    endloop
  endfacet
  facet normal -0.272863 -0.658266 -0.701592
    outer loop
      vertex -28.6446 32.5419 0.8
      vertex -28.3984 33.2925 0
      vertex -28.4779 32.4728 0.8
    endloop
  endfacet
  facet normal -0.280834 -0.655279 -0.701243
    outer loop
      vertex -28.3984 33.2925 0
      vertex -28.6446 32.5419 0.8
      vertex -28.4005 33.2934 0
    endloop
  endfacet
  facet normal -0.380332 0.602192 -0.701934
    outer loop
      vertex -27.8615 29.8774 0
      vertex -28.324 30.5178 0.8
      vertex -27.8596 29.8786 0
    endloop
  endfacet
  facet normal -0.372288 0.607584 -0.7016
    outer loop
      vertex -28.324 30.5178 0.8
      vertex -27.8615 29.8774 0
      vertex -28.4779 30.4235 0.8
    endloop
  endfacet
  facet normal -0.541795 -0.462813 -0.701615
    outer loop
      vertex -27.6267 32.8184 0
      vertex -27.4304 32.5886 0
      vertex -28.0696 32.1241 0.8
    endloop
  endfacet
  facet normal -0.0558782 0.710384 -0.701593
    outer loop
      vertex -29 30.2982 0.8
      vertex -28.6987 29.5318 0
      vertex -29 29.5081 0
    endloop
  endfacet
  facet normal -0.35743 -0.61738 -0.700775
    outer loop
      vertex -28.324 32.3786 0.8
      vertex -27.8615 33.0189 0
      vertex -27.8596 33.0178 0
    endloop
  endfacet
  facet normal -0.372028 -0.607803 -0.701549
    outer loop
      vertex -27.8615 33.0189 0
      vertex -28.324 32.3786 0.8
      vertex -28.4779 32.4728 0.8
    endloop
  endfacet
  facet normal -0.280834 0.655279 -0.701243
    outer loop
      vertex -28.6446 30.3545 0.8
      vertex -28.3984 29.6039 0
      vertex -28.4005 29.603 0
    endloop
  endfacet
  facet normal -0.27252 0.658393 -0.701606
    outer loop
      vertex -28.3984 29.6039 0
      vertex -28.6446 30.3545 0.8
      vertex -28.4779 30.4235 0.8
    endloop
  endfacet
  facet normal -0.607578 -0.37228 -0.70161
    outer loop
      vertex -27.4304 32.5886 0
      vertex -27.2725 32.3309 0
      vertex -28.0696 32.1241 0.8
    endloop
  endfacet
  facet normal -0.541817 0.462831 -0.701585
    outer loop
      vertex -27.4304 30.3078 0
      vertex -27.6267 30.078 0
      vertex -28.0696 30.7722 0.8
    endloop
  endfacet
  facet normal -0.452716 0.549726 -0.702033
    outer loop
      vertex -28.324 30.5178 0.8
      vertex -27.8579 29.88 0
      vertex -27.8596 29.8786 0
    endloop
  endfacet
  facet normal -0.462822 0.541802 -0.701603
    outer loop
      vertex -27.8579 29.88 0
      vertex -28.324 30.5178 0.8
      vertex -28.1868 30.635 0.8
    endloop
  endfacet
  facet normal 0.0558782 0.710384 -0.701593
    outer loop
      vertex -29 30.2982 0.8
      vertex -29 29.5081 0
      vertex -29.3013 29.5318 0
    endloop
  endfacet
  facet normal -0.694546 -0.157851 -0.701918
    outer loop
      vertex -27.8642 31.6281 0.8
      vertex -27.0843 31.7539 0
      vertex -27.0838 31.7517 0
    endloop
  endfacet
  facet normal -0.692893 -0.166215 -0.701621
    outer loop
      vertex -27.0843 31.7539 0
      vertex -27.8642 31.6281 0.8
      vertex -27.9063 31.8036 0.8
    endloop
  endfacet
  facet normal 0.658393 -0.27252 -0.701606
    outer loop
      vertex -30.0937 31.8036 0.8
      vertex -30.8443 32.0498 0
      vertex -30.0247 31.9703 0.8
    endloop
  endfacet
  facet normal 0.655279 -0.280834 -0.701243
    outer loop
      vertex -30.8443 32.0498 0
      vertex -30.0937 31.8036 0.8
      vertex -30.8452 32.0477 0
    endloop
  endfacet
  facet normal -0.0324063 0.712938 -0.700478
    outer loop
      vertex -28.6987 29.5318 0
      vertex -28.8201 30.3123 0.8
      vertex -28.6965 29.5319 0
    endloop
  endfacet
  facet normal -0.0556812 0.710429 -0.701562
    outer loop
      vertex -28.8201 30.3123 0.8
      vertex -28.6987 29.5318 0
      vertex -29 30.2982 0.8
    endloop
  endfacet
  facet normal -0.462844 -0.541827 -0.701569
    outer loop
      vertex -28.324 32.3786 0.8
      vertex -27.8579 33.0163 0
      vertex -28.1868 32.2614 0.8
    endloop
  endfacet
  facet normal -0.471785 -0.53469 -0.701089
    outer loop
      vertex -27.8579 33.0163 0
      vertex -28.324 32.3786 0.8
      vertex -27.8596 33.0178 0
    endloop
  endfacet
  facet normal -0.541989 -0.462644 -0.701576
    outer loop
      vertex -28.1868 32.2614 0.8
      vertex -27.6267 32.8184 0
      vertex -28.0696 32.1241 0.8
    endloop
  endfacet
  facet normal -0.55048 -0.453337 -0.70104
    outer loop
      vertex -27.6267 32.8184 0
      vertex -28.1868 32.2614 0.8
      vertex -27.6281 32.8201 0
    endloop
  endfacet
  facet normal -0.0558774 -0.710374 -0.701603
    outer loop
      vertex -28.6965 33.3644 0
      vertex -28.8201 32.584 0.8
      vertex -28.9978 33.3881 0
    endloop
  endfacet
  facet normal -0.607598 0.372292 -0.701586
    outer loop
      vertex -27.2725 30.5655 0
      vertex -27.4304 30.3078 0
      vertex -28.0696 30.7722 0.8
    endloop
  endfacet
  facet normal 0.462844 -0.541827 -0.701569
    outer loop
      vertex -30.1421 33.0163 0
      vertex -29.676 32.3786 0.8
      vertex -29.8132 32.2614 0.8
    endloop
  endfacet
  facet normal 0.471785 -0.53469 -0.701089
    outer loop
      vertex -29.676 32.3786 0.8
      vertex -30.1421 33.0163 0
      vertex -30.1404 33.0178 0
    endloop
  endfacet
  facet normal 0.166218 -0.692903 -0.70161
    outer loop
      vertex -29.3554 32.5419 0.8
      vertex -29.5974 33.2939 0
      vertex -29.1799 32.584 0.8
    endloop
  endfacet
  facet normal 0.165054 -0.693228 -0.701564
    outer loop
      vertex -29.5974 33.2939 0
      vertex -29.3554 32.5419 0.8
      vertex -29.5995 33.2934 0
    endloop
  endfacet
  facet normal 0.372028 -0.607803 -0.701549
    outer loop
      vertex -29.676 32.3786 0.8
      vertex -30.1385 33.0189 0
      vertex -29.5221 32.4728 0.8
    endloop
  endfacet
  facet normal 0.35743 -0.61738 -0.700775
    outer loop
      vertex -30.1385 33.0189 0
      vertex -29.676 32.3786 0.8
      vertex -30.1404 33.0178 0
    endloop
  endfacet
  facet normal 0.607596 0.372296 -0.701586
    outer loop
      vertex -30.7275 30.5655 0
      vertex -30.0247 30.9261 0.8
      vertex -29.9304 30.7722 0.8
    endloop
  endfacet
  facet normal 0.602816 0.380726 -0.701186
    outer loop
      vertex -30.0247 30.9261 0.8
      vertex -30.7275 30.5655 0
      vertex -30.7287 30.5674 0
    endloop
  endfacet
  facet normal 0.607598 0.372292 -0.701586
    outer loop
      vertex -29.9304 30.7722 0.8
      vertex -30.5696 30.3078 0
      vertex -30.7275 30.5655 0
    endloop
  endfacet
  facet normal 0.272863 -0.658266 -0.701592
    outer loop
      vertex -29.6016 33.2925 0
      vertex -29.3554 32.5419 0.8
      vertex -29.5221 32.4728 0.8
    endloop
  endfacet
  facet normal 0.280834 -0.655279 -0.701243
    outer loop
      vertex -29.3554 32.5419 0.8
      vertex -29.6016 33.2925 0
      vertex -29.5995 33.2934 0
    endloop
  endfacet
  facet normal -0.165054 -0.693228 -0.701564
    outer loop
      vertex -28.6446 32.5419 0.8
      vertex -28.4026 33.2939 0
      vertex -28.4005 33.2934 0
    endloop
  endfacet
  facet normal -0.166218 -0.692903 -0.70161
    outer loop
      vertex -28.4026 33.2939 0
      vertex -28.6446 32.5419 0.8
      vertex -28.8201 32.584 0.8
    endloop
  endfacet
  facet normal -0.602816 -0.380726 -0.701186
    outer loop
      vertex -27.9753 31.9703 0.8
      vertex -27.2725 32.3309 0
      vertex -27.2713 32.329 0
    endloop
  endfacet
  facet normal -0.607495 -0.372476 -0.701578
    outer loop
      vertex -27.2725 32.3309 0
      vertex -27.9753 31.9703 0.8
      vertex -28.0696 32.1241 0.8
    endloop
  endfacet
  facet normal -0.655279 -0.280834 -0.701243
    outer loop
      vertex -27.9063 31.8036 0.8
      vertex -27.1557 32.0498 0
      vertex -27.1548 32.0477 0
    endloop
  endfacet
  facet normal -0.658393 -0.27252 -0.701606
    outer loop
      vertex -27.1557 32.0498 0
      vertex -27.9063 31.8036 0.8
      vertex -27.9753 31.9703 0.8
    endloop
  endfacet
  facet normal 0.692906 0.166212 -0.701609
    outer loop
      vertex -30.1358 31.2683 0.8
      vertex -30.8457 30.8508 0
      vertex -30.9162 31.1447 0
    endloop
  endfacet
  facet normal 0.710374 -0.0558774 -0.701603
    outer loop
      vertex -30.9162 31.7517 0
      vertex -30.1358 31.6281 0.8
      vertex -30.9399 31.4504 0
    endloop
  endfacet
  facet normal -0.693228 0.165054 -0.701564
    outer loop
      vertex -27.9063 31.0928 0.8
      vertex -27.1543 30.8508 0
      vertex -27.1548 30.8487 0
    endloop
  endfacet
  facet normal -0.692903 0.166218 -0.70161
    outer loop
      vertex -27.1543 30.8508 0
      vertex -27.9063 31.0928 0.8
      vertex -27.8642 31.2683 0.8
    endloop
  endfacet
  facet normal 0.0560729 -0.710388 -0.701573
    outer loop
      vertex -29.0022 33.3881 0
      vertex -29 32.5982 0.8
      vertex -29.1799 32.584 0.8
    endloop
  endfacet
  facet normal 0.0645465 -0.710012 -0.701225
    outer loop
      vertex -29 32.5982 0.8
      vertex -29.0022 33.3881 0
      vertex -29 33.3883 0
    endloop
  endfacet
  facet normal -0.272594 0.658375 -0.701594
    outer loop
      vertex -28.1192 29.7195 0
      vertex -28.3984 29.6039 0
      vertex -28.4779 30.4235 0.8
    endloop
  endfacet
  facet normal -0.165054 0.693228 -0.701564
    outer loop
      vertex -28.4026 29.6025 0
      vertex -28.6446 30.3545 0.8
      vertex -28.4005 29.603 0
    endloop
  endfacet
  facet normal -0.166588 0.6928 -0.701625
    outer loop
      vertex -28.6446 30.3545 0.8
      vertex -28.4026 29.6025 0
      vertex -28.8201 30.3123 0.8
    endloop
  endfacet
  facet normal 0.710374 0.0558774 -0.701603
    outer loop
      vertex -30.1358 31.2683 0.8
      vertex -30.9162 31.1447 0
      vertex -30.9399 31.446 0
    endloop
  endfacet
  facet normal 0.166437 0.692861 -0.7016
    outer loop
      vertex -29.1799 30.3123 0.8
      vertex -29.3035 29.5319 0
      vertex -29.5974 29.6025 0
    endloop
  endfacet
  facet normal 0.272594 0.658375 -0.701594
    outer loop
      vertex -29.5221 30.4235 0.8
      vertex -29.6016 29.6039 0
      vertex -29.8808 29.7195 0
    endloop
  endfacet
  facet normal 0.541817 0.462831 -0.701585
    outer loop
      vertex -29.9304 30.7722 0.8
      vertex -30.3733 30.078 0
      vertex -30.5696 30.3078 0
    endloop
  endfacet
  facet normal 0.55048 0.453337 -0.70104
    outer loop
      vertex -30.3733 30.078 0
      vertex -29.8132 30.635 0.8
      vertex -30.3719 30.0763 0
    endloop
  endfacet
  facet normal 0.541815 0.462833 -0.701586
    outer loop
      vertex -29.8132 30.635 0.8
      vertex -30.3733 30.078 0
      vertex -29.9304 30.7722 0.8
    endloop
  endfacet
  facet normal 0.658375 -0.272594 -0.701594
    outer loop
      vertex -30.7287 32.329 0
      vertex -30.0247 31.9703 0.8
      vertex -30.8443 32.0498 0
    endloop
  endfacet
  facet normal 0.0558774 -0.710374 -0.701603
    outer loop
      vertex -29.0022 33.3881 0
      vertex -29.1799 32.584 0.8
      vertex -29.3035 33.3644 0
    endloop
  endfacet
  facet normal 0.541795 -0.462813 -0.701615
    outer loop
      vertex -30.3733 32.8184 0
      vertex -29.9304 32.1241 0.8
      vertex -30.5696 32.5886 0
    endloop
  endfacet
  facet normal 0.166212 -0.692906 -0.701609
    outer loop
      vertex -29.3035 33.3644 0
      vertex -29.1799 32.584 0.8
      vertex -29.5974 33.2939 0
    endloop
  endfacet
  facet normal 0.996899 -0.078688 0
    outer loop
      vertex 35.95 15 2.5
      vertex 35.9642 15.1799 0.8
      vertex 35.9642 15.1799 2.5
    endloop
  endfacet
  facet normal 0.996899 -0.078688 0
    outer loop
      vertex 35.9642 15.1799 0.8
      vertex 35.95 15 2.5
      vertex 35.95 15 0.8
    endloop
  endfacet
  facet normal -0.972412 -0.233268 0
    outer loop
      vertex 38.2358 15.1799 0.8
      vertex 38.1937 15.3554 2.5
      vertex 38.1937 15.3554 0.8
    endloop
  endfacet
  facet normal -0.972412 -0.233268 0
    outer loop
      vertex 38.1937 15.3554 2.5
      vertex 38.2358 15.1799 0.8
      vertex 38.2358 15.1799 2.5
    endloop
  endfacet
  facet normal -0.996899 -0.078688 0
    outer loop
      vertex 38.25 15 0.8
      vertex 38.2358 15.1799 2.5
      vertex 38.2358 15.1799 0.8
    endloop
  endfacet
  facet normal -0.996899 -0.078688 0
    outer loop
      vertex 38.2358 15.1799 2.5
      vertex 38.25 15 0.8
      vertex 38.25 15 2.5
    endloop
  endfacet
  facet normal -0.923976 -0.38245 0
    outer loop
      vertex 38.1937 15.3554 0.8
      vertex 38.1247 15.5221 2.5
      vertex 38.1247 15.5221 0.8
    endloop
  endfacet
  facet normal -0.923976 -0.38245 0
    outer loop
      vertex 38.1247 15.5221 2.5
      vertex 38.1937 15.3554 0.8
      vertex 38.1937 15.3554 2.5
    endloop
  endfacet
  facet normal -0.760351 -0.649513 0
    outer loop
      vertex 38.0304 15.676 0.8
      vertex 37.9132 15.8132 2.5
      vertex 37.9132 15.8132 0.8
    endloop
  endfacet
  facet normal -0.760351 -0.649513 0
    outer loop
      vertex 37.9132 15.8132 2.5
      vertex 38.0304 15.676 0.8
      vertex 38.0304 15.676 2.5
    endloop
  endfacet
  facet normal 0.233268 -0.972412 0
    outer loop
      vertex 36.7446 16.0937 0.8
      vertex 36.9201 16.1358 2.5
      vertex 36.7446 16.0937 2.5
    endloop
  endfacet
  facet normal 0.233268 -0.972412 0
    outer loop
      vertex 36.9201 16.1358 2.5
      vertex 36.7446 16.0937 0.8
      vertex 36.9201 16.1358 0.8
    endloop
  endfacet
  facet normal -0.852665 0.522458 0
    outer loop
      vertex 38.0304 14.324 0.8
      vertex 38.1247 14.4779 2.5
      vertex 38.1247 14.4779 0.8
    endloop
  endfacet
  facet normal -0.852665 0.522458 0
    outer loop
      vertex 38.1247 14.4779 2.5
      vertex 38.0304 14.324 0.8
      vertex 38.0304 14.324 2.5
    endloop
  endfacet
  facet normal -0.233268 0.972412 0
    outer loop
      vertex 37.4554 13.9063 0.8
      vertex 37.2799 13.8642 2.5
      vertex 37.4554 13.9063 2.5
    endloop
  endfacet
  facet normal -0.233268 0.972412 0
    outer loop
      vertex 37.2799 13.8642 2.5
      vertex 37.4554 13.9063 0.8
      vertex 37.2799 13.8642 0.8
    endloop
  endfacet
  facet normal 0.852665 -0.522458 0
    outer loop
      vertex 36.0753 15.5221 2.5
      vertex 36.1696 15.676 0.8
      vertex 36.1696 15.676 2.5
    endloop
  endfacet
  facet normal 0.852665 -0.522458 0
    outer loop
      vertex 36.1696 15.676 0.8
      vertex 36.0753 15.5221 2.5
      vertex 36.0753 15.5221 0.8
    endloop
  endfacet
  facet normal -0.852665 -0.522458 0
    outer loop
      vertex 38.1247 15.5221 0.8
      vertex 38.0304 15.676 2.5
      vertex 38.0304 15.676 0.8
    endloop
  endfacet
  facet normal -0.852665 -0.522458 0
    outer loop
      vertex 38.0304 15.676 2.5
      vertex 38.1247 15.5221 0.8
      vertex 38.1247 15.5221 2.5
    endloop
  endfacet
  facet normal -0.972412 0.233268 0
    outer loop
      vertex 38.1937 14.6446 0.8
      vertex 38.2358 14.8201 2.5
      vertex 38.2358 14.8201 0.8
    endloop
  endfacet
  facet normal -0.972412 0.233268 0
    outer loop
      vertex 38.2358 14.8201 2.5
      vertex 38.1937 14.6446 0.8
      vertex 38.1937 14.6446 2.5
    endloop
  endfacet
  facet normal 0.649513 -0.760351 0
    outer loop
      vertex 36.2868 15.8132 0.8
      vertex 36.424 15.9304 2.5
      vertex 36.2868 15.8132 2.5
    endloop
  endfacet
  facet normal 0.649513 -0.760351 0
    outer loop
      vertex 36.424 15.9304 2.5
      vertex 36.2868 15.8132 0.8
      vertex 36.424 15.9304 0.8
    endloop
  endfacet
  facet normal -0.233268 -0.972412 0
    outer loop
      vertex 37.2799 16.1358 0.8
      vertex 37.4554 16.0937 2.5
      vertex 37.2799 16.1358 2.5
    endloop
  endfacet
  facet normal -0.233268 -0.972412 -0
    outer loop
      vertex 37.4554 16.0937 2.5
      vertex 37.2799 16.1358 0.8
      vertex 37.4554 16.0937 0.8
    endloop
  endfacet
  facet normal 0.760351 -0.649513 0
    outer loop
      vertex 36.1696 15.676 2.5
      vertex 36.2868 15.8132 0.8
      vertex 36.2868 15.8132 2.5
    endloop
  endfacet
  facet normal 0.760351 -0.649513 0
    outer loop
      vertex 36.2868 15.8132 0.8
      vertex 36.1696 15.676 2.5
      vertex 36.1696 15.676 0.8
    endloop
  endfacet
  facet normal 0.233268 0.972412 -0
    outer loop
      vertex 36.9201 13.8642 0.8
      vertex 36.7446 13.9063 2.5
      vertex 36.9201 13.8642 2.5
    endloop
  endfacet
  facet normal 0.233268 0.972412 0
    outer loop
      vertex 36.7446 13.9063 2.5
      vertex 36.9201 13.8642 0.8
      vertex 36.7446 13.9063 0.8
    endloop
  endfacet
  facet normal -0.522458 0.852665 0
    outer loop
      vertex 37.776 14.0696 0.8
      vertex 37.6221 13.9753 2.5
      vertex 37.776 14.0696 2.5
    endloop
  endfacet
  facet normal -0.522458 0.852665 0
    outer loop
      vertex 37.6221 13.9753 2.5
      vertex 37.776 14.0696 0.8
      vertex 37.6221 13.9753 0.8
    endloop
  endfacet
  facet normal -0.649513 0.760351 0
    outer loop
      vertex 37.9132 14.1868 0.8
      vertex 37.776 14.0696 2.5
      vertex 37.9132 14.1868 2.5
    endloop
  endfacet
  facet normal -0.649513 0.760351 0
    outer loop
      vertex 37.776 14.0696 2.5
      vertex 37.9132 14.1868 0.8
      vertex 37.776 14.0696 0.8
    endloop
  endfacet
  facet normal 0.078688 -0.996899 0
    outer loop
      vertex 36.9201 16.1358 0.8
      vertex 37.1 16.15 2.5
      vertex 36.9201 16.1358 2.5
    endloop
  endfacet
  facet normal 0.078688 -0.996899 0
    outer loop
      vertex 37.1 16.15 2.5
      vertex 36.9201 16.1358 0.8
      vertex 37.1 16.15 0.8
    endloop
  endfacet
  facet normal -0.760351 0.649513 0
    outer loop
      vertex 37.9132 14.1868 0.8
      vertex 38.0304 14.324 2.5
      vertex 38.0304 14.324 0.8
    endloop
  endfacet
  facet normal -0.760351 0.649513 0
    outer loop
      vertex 38.0304 14.324 2.5
      vertex 37.9132 14.1868 0.8
      vertex 37.9132 14.1868 2.5
    endloop
  endfacet
  facet normal 0.923976 -0.38245 0
    outer loop
      vertex 36.0063 15.3554 2.5
      vertex 36.0753 15.5221 0.8
      vertex 36.0753 15.5221 2.5
    endloop
  endfacet
  facet normal 0.923976 -0.38245 0
    outer loop
      vertex 36.0753 15.5221 0.8
      vertex 36.0063 15.3554 2.5
      vertex 36.0063 15.3554 0.8
    endloop
  endfacet
  facet normal 0.972412 -0.233268 0
    outer loop
      vertex 35.9642 15.1799 2.5
      vertex 36.0063 15.3554 0.8
      vertex 36.0063 15.3554 2.5
    endloop
  endfacet
  facet normal 0.972412 -0.233268 0
    outer loop
      vertex 36.0063 15.3554 0.8
      vertex 35.9642 15.1799 2.5
      vertex 35.9642 15.1799 0.8
    endloop
  endfacet
  facet normal -0.923976 0.38245 0
    outer loop
      vertex 38.1247 14.4779 0.8
      vertex 38.1937 14.6446 2.5
      vertex 38.1937 14.6446 0.8
    endloop
  endfacet
  facet normal -0.923976 0.38245 0
    outer loop
      vertex 38.1937 14.6446 2.5
      vertex 38.1247 14.4779 0.8
      vertex 38.1247 14.4779 2.5
    endloop
  endfacet
  facet normal 0.078688 0.996899 -0
    outer loop
      vertex 37.1 13.85 0.8
      vertex 36.9201 13.8642 2.5
      vertex 37.1 13.85 2.5
    endloop
  endfacet
  facet normal 0.078688 0.996899 0
    outer loop
      vertex 36.9201 13.8642 2.5
      vertex 37.1 13.85 0.8
      vertex 36.9201 13.8642 0.8
    endloop
  endfacet
  facet normal -0.649513 -0.760351 0
    outer loop
      vertex 37.776 15.9304 0.8
      vertex 37.9132 15.8132 2.5
      vertex 37.776 15.9304 2.5
    endloop
  endfacet
  facet normal -0.649513 -0.760351 -0
    outer loop
      vertex 37.9132 15.8132 2.5
      vertex 37.776 15.9304 0.8
      vertex 37.9132 15.8132 0.8
    endloop
  endfacet
  facet normal -0.522458 -0.852665 0
    outer loop
      vertex 37.6221 16.0247 0.8
      vertex 37.776 15.9304 2.5
      vertex 37.6221 16.0247 2.5
    endloop
  endfacet
  facet normal -0.522458 -0.852665 -0
    outer loop
      vertex 37.776 15.9304 2.5
      vertex 37.6221 16.0247 0.8
      vertex 37.776 15.9304 0.8
    endloop
  endfacet
  facet normal -0.996899 0.078688 0
    outer loop
      vertex 38.2358 14.8201 0.8
      vertex 38.25 15 2.5
      vertex 38.25 15 0.8
    endloop
  endfacet
  facet normal -0.996899 0.078688 0
    outer loop
      vertex 38.25 15 2.5
      vertex 38.2358 14.8201 0.8
      vertex 38.2358 14.8201 2.5
    endloop
  endfacet
  facet normal 0.38245 -0.923976 0
    outer loop
      vertex 36.5779 16.0247 0.8
      vertex 36.7446 16.0937 2.5
      vertex 36.5779 16.0247 2.5
    endloop
  endfacet
  facet normal 0.38245 -0.923976 0
    outer loop
      vertex 36.7446 16.0937 2.5
      vertex 36.5779 16.0247 0.8
      vertex 36.7446 16.0937 0.8
    endloop
  endfacet
  facet normal -0.078688 0.996899 0
    outer loop
      vertex 37.2799 13.8642 0.8
      vertex 37.1 13.85 2.5
      vertex 37.2799 13.8642 2.5
    endloop
  endfacet
  facet normal -0.078688 0.996899 0
    outer loop
      vertex 37.1 13.85 2.5
      vertex 37.2799 13.8642 0.8
      vertex 37.1 13.85 0.8
    endloop
  endfacet
  facet normal 0.852665 0.522458 0
    outer loop
      vertex 36.1696 14.324 2.5
      vertex 36.0753 14.4779 0.8
      vertex 36.0753 14.4779 2.5
    endloop
  endfacet
  facet normal 0.852665 0.522458 0
    outer loop
      vertex 36.0753 14.4779 0.8
      vertex 36.1696 14.324 2.5
      vertex 36.1696 14.324 0.8
    endloop
  endfacet
  facet normal 0.760351 0.649513 0
    outer loop
      vertex 36.2868 14.1868 2.5
      vertex 36.1696 14.324 0.8
      vertex 36.1696 14.324 2.5
    endloop
  endfacet
  facet normal 0.760351 0.649513 0
    outer loop
      vertex 36.1696 14.324 0.8
      vertex 36.2868 14.1868 2.5
      vertex 36.2868 14.1868 0.8
    endloop
  endfacet
  facet normal -0.078688 -0.996899 0
    outer loop
      vertex 37.1 16.15 0.8
      vertex 37.2799 16.1358 2.5
      vertex 37.1 16.15 2.5
    endloop
  endfacet
  facet normal -0.078688 -0.996899 -0
    outer loop
      vertex 37.2799 16.1358 2.5
      vertex 37.1 16.15 0.8
      vertex 37.2799 16.1358 0.8
    endloop
  endfacet
  facet normal 0.649513 0.760351 -0
    outer loop
      vertex 36.424 14.0696 0.8
      vertex 36.2868 14.1868 2.5
      vertex 36.424 14.0696 2.5
    endloop
  endfacet
  facet normal 0.649513 0.760351 0
    outer loop
      vertex 36.2868 14.1868 2.5
      vertex 36.424 14.0696 0.8
      vertex 36.2868 14.1868 0.8
    endloop
  endfacet
  facet normal -0.38245 0.923976 0
    outer loop
      vertex 37.6221 13.9753 0.8
      vertex 37.4554 13.9063 2.5
      vertex 37.6221 13.9753 2.5
    endloop
  endfacet
  facet normal -0.38245 0.923976 0
    outer loop
      vertex 37.4554 13.9063 2.5
      vertex 37.6221 13.9753 0.8
      vertex 37.4554 13.9063 0.8
    endloop
  endfacet
  facet normal 0.522458 -0.852665 0
    outer loop
      vertex 36.424 15.9304 0.8
      vertex 36.5779 16.0247 2.5
      vertex 36.424 15.9304 2.5
    endloop
  endfacet
  facet normal 0.522458 -0.852665 0
    outer loop
      vertex 36.5779 16.0247 2.5
      vertex 36.424 15.9304 0.8
      vertex 36.5779 16.0247 0.8
    endloop
  endfacet
  facet normal -0.38245 -0.923976 0
    outer loop
      vertex 37.4554 16.0937 0.8
      vertex 37.6221 16.0247 2.5
      vertex 37.4554 16.0937 2.5
    endloop
  endfacet
  facet normal -0.38245 -0.923976 -0
    outer loop
      vertex 37.6221 16.0247 2.5
      vertex 37.4554 16.0937 0.8
      vertex 37.6221 16.0247 0.8
    endloop
  endfacet
  facet normal 0.923976 0.38245 0
    outer loop
      vertex 36.0753 14.4779 2.5
      vertex 36.0063 14.6446 0.8
      vertex 36.0063 14.6446 2.5
    endloop
  endfacet
  facet normal 0.923976 0.38245 0
    outer loop
      vertex 36.0063 14.6446 0.8
      vertex 36.0753 14.4779 2.5
      vertex 36.0753 14.4779 0.8
    endloop
  endfacet
  facet normal 0.972412 0.233268 0
    outer loop
      vertex 36.0063 14.6446 2.5
      vertex 35.9642 14.8201 0.8
      vertex 35.9642 14.8201 2.5
    endloop
  endfacet
  facet normal 0.972412 0.233268 0
    outer loop
      vertex 35.9642 14.8201 0.8
      vertex 36.0063 14.6446 2.5
      vertex 36.0063 14.6446 0.8
    endloop
  endfacet
  facet normal 0.996899 0.078688 0
    outer loop
      vertex 35.9642 14.8201 2.5
      vertex 35.95 15 0.8
      vertex 35.95 15 2.5
    endloop
  endfacet
  facet normal 0.996899 0.078688 0
    outer loop
      vertex 35.95 15 0.8
      vertex 35.9642 14.8201 2.5
      vertex 35.9642 14.8201 0.8
    endloop
  endfacet
  facet normal 0.38245 0.923976 -0
    outer loop
      vertex 36.7446 13.9063 0.8
      vertex 36.5779 13.9753 2.5
      vertex 36.7446 13.9063 2.5
    endloop
  endfacet
  facet normal 0.38245 0.923976 0
    outer loop
      vertex 36.5779 13.9753 2.5
      vertex 36.7446 13.9063 0.8
      vertex 36.5779 13.9753 0.8
    endloop
  endfacet
  facet normal 0.522458 0.852665 -0
    outer loop
      vertex 36.5779 13.9753 0.8
      vertex 36.424 14.0696 2.5
      vertex 36.5779 13.9753 2.5
    endloop
  endfacet
  facet normal 0.522458 0.852665 0
    outer loop
      vertex 36.424 14.0696 2.5
      vertex 36.5779 13.9753 0.8
      vertex 36.424 14.0696 0.8
    endloop
  endfacet
  facet normal -0.710384 -0.0558782 -0.701593
    outer loop
      vertex 39.0164 15.3013 0
      vertex 39.0401 15 0
      vertex 38.25 15 0.8
    endloop
  endfacet
  facet normal 0.0560729 -0.710388 -0.701573
    outer loop
      vertex 37.0978 16.9399 0
      vertex 37.1 16.15 0.8
      vertex 36.9201 16.1358 0.8
    endloop
  endfacet
  facet normal 0.0645465 -0.710012 -0.701225
    outer loop
      vertex 37.1 16.15 0.8
      vertex 37.0978 16.9399 0
      vertex 37.1 16.9401 0
    endloop
  endfacet
  facet normal -0.0645465 -0.710012 -0.701225
    outer loop
      vertex 37.1022 16.9399 0
      vertex 37.1 16.15 0.8
      vertex 37.1 16.9401 0
    endloop
  endfacet
  facet normal -0.0560729 -0.710388 -0.701573
    outer loop
      vertex 37.1 16.15 0.8
      vertex 37.1022 16.9399 0
      vertex 37.2799 16.1358 0.8
    endloop
  endfacet
  facet normal -0.165054 -0.693228 -0.701564
    outer loop
      vertex 37.4554 16.0937 0.8
      vertex 37.6974 16.8457 0
      vertex 37.6995 16.8452 0
    endloop
  endfacet
  facet normal -0.166218 -0.692903 -0.70161
    outer loop
      vertex 37.6974 16.8457 0
      vertex 37.4554 16.0937 0.8
      vertex 37.2799 16.1358 0.8
    endloop
  endfacet
  facet normal 0.462833 0.541815 -0.701586
    outer loop
      vertex 35.7298 13.6267 0
      vertex 36.2868 14.1868 0.8
      vertex 36.424 14.0696 0.8
    endloop
  endfacet
  facet normal 0.453337 0.55048 -0.70104
    outer loop
      vertex 36.2868 14.1868 0.8
      vertex 35.7298 13.6267 0
      vertex 35.7281 13.6281 0
    endloop
  endfacet
  facet normal 0.55048 0.453337 -0.70104
    outer loop
      vertex 35.7267 13.6298 0
      vertex 36.2868 14.1868 0.8
      vertex 35.7281 13.6281 0
    endloop
  endfacet
  facet normal 0.541815 0.462833 -0.701586
    outer loop
      vertex 36.2868 14.1868 0.8
      vertex 35.7267 13.6298 0
      vertex 36.1696 14.324 0.8
    endloop
  endfacet
  facet normal -0.541925 -0.462688 -0.701596
    outer loop
      vertex 38.4719 16.3719 0
      vertex 38.6681 16.1421 0
      vertex 37.9132 15.8132 0.8
    endloop
  endfacet
  facet normal -0.453337 0.55048 -0.70104
    outer loop
      vertex 38.4702 13.6267 0
      vertex 37.9132 14.1868 0.8
      vertex 38.4719 13.6281 0
    endloop
  endfacet
  facet normal -0.462833 0.541815 -0.701586
    outer loop
      vertex 37.9132 14.1868 0.8
      vertex 38.4702 13.6267 0
      vertex 37.776 14.0696 0.8
    endloop
  endfacet
  facet normal -0.541925 0.462688 -0.701596
    outer loop
      vertex 38.6681 13.8579 0
      vertex 38.4719 13.6281 0
      vertex 37.9132 14.1868 0.8
    endloop
  endfacet
  facet normal -0.0560729 0.710388 -0.701573
    outer loop
      vertex 37.1022 13.0601 0
      vertex 37.1 13.85 0.8
      vertex 37.2799 13.8642 0.8
    endloop
  endfacet
  facet normal -0.0645465 0.710012 -0.701225
    outer loop
      vertex 37.1 13.85 0.8
      vertex 37.1022 13.0601 0
      vertex 37.1 13.0599 0
    endloop
  endfacet
  facet normal 0.372292 0.607598 -0.701586
    outer loop
      vertex 36.424 14.0696 0.8
      vertex 36.2173 13.2725 0
      vertex 35.9596 13.4304 0
    endloop
  endfacet
  facet normal -0.166212 -0.692906 -0.701609
    outer loop
      vertex 37.4035 16.9162 0
      vertex 37.6974 16.8457 0
      vertex 37.2799 16.1358 0.8
    endloop
  endfacet
  facet normal -0.372296 -0.607596 -0.701586
    outer loop
      vertex 37.6221 16.0247 0.8
      vertex 37.9827 16.7275 0
      vertex 37.776 15.9304 0.8
    endloop
  endfacet
  facet normal -0.380726 -0.602816 -0.701186
    outer loop
      vertex 37.9827 16.7275 0
      vertex 37.6221 16.0247 0.8
      vertex 37.9808 16.7287 0
    endloop
  endfacet
  facet normal -0.372292 -0.607598 -0.701586
    outer loop
      vertex 37.9827 16.7275 0
      vertex 38.2404 16.5696 0
      vertex 37.776 15.9304 0.8
    endloop
  endfacet
  facet normal 0.602192 0.380332 -0.701934
    outer loop
      vertex 35.5292 13.8615 0
      vertex 36.1696 14.324 0.8
      vertex 35.5304 13.8596 0
    endloop
  endfacet
  facet normal 0.607584 0.372288 -0.7016
    outer loop
      vertex 36.1696 14.324 0.8
      vertex 35.5292 13.8615 0
      vertex 36.0753 14.4779 0.8
    endloop
  endfacet
  facet normal 0.710346 0.056111 -0.701612
    outer loop
      vertex 35.9642 14.8201 0.8
      vertex 35.1838 14.6965 0
      vertex 35.16 14.9978 0
    endloop
  endfacet
  facet normal -0.272594 -0.658375 -0.701594
    outer loop
      vertex 37.7016 16.8443 0
      vertex 37.9808 16.7287 0
      vertex 37.6221 16.0247 0.8
    endloop
  endfacet
  facet normal -0.658375 -0.272594 -0.701594
    outer loop
      vertex 38.8287 15.8808 0
      vertex 38.9443 15.6016 0
      vertex 38.1247 15.5221 0.8
    endloop
  endfacet
  facet normal 0.541817 -0.462831 -0.701585
    outer loop
      vertex 35.7267 16.3702 0
      vertex 36.1696 15.676 0.8
      vertex 35.5304 16.1404 0
    endloop
  endfacet
  facet normal -0.655279 0.280834 -0.701243
    outer loop
      vertex 38.9443 14.3984 0
      vertex 38.1937 14.6446 0.8
      vertex 38.9452 14.4005 0
    endloop
  endfacet
  facet normal -0.658393 0.27252 -0.701606
    outer loop
      vertex 38.1937 14.6446 0.8
      vertex 38.9443 14.3984 0
      vertex 38.1247 14.4779 0.8
    endloop
  endfacet
  facet normal -0.53469 0.471785 -0.701089
    outer loop
      vertex 38.6681 13.8579 0
      vertex 38.0304 14.324 0.8
      vertex 38.6696 13.8596 0
    endloop
  endfacet
  facet normal -0.541827 0.462844 -0.701569
    outer loop
      vertex 38.0304 14.324 0.8
      vertex 38.6681 13.8579 0
      vertex 37.9132 14.1868 0.8
    endloop
  endfacet
  facet normal -0.710384 0.0558782 -0.701593
    outer loop
      vertex 39.0401 15 0
      vertex 39.0164 14.6987 0
      vertex 38.25 15 0.8
    endloop
  endfacet
  facet normal 0.0558774 -0.710374 -0.701603
    outer loop
      vertex 37.0978 16.9399 0
      vertex 36.9201 16.1358 0.8
      vertex 36.7965 16.9162 0
    endloop
  endfacet
  facet normal -0.607587 -0.372285 -0.7016
    outer loop
      vertex 38.6708 16.1385 0
      vertex 38.8287 15.8808 0
      vertex 38.1247 15.5221 0.8
    endloop
  endfacet
  facet normal 0.272594 0.658375 -0.701594
    outer loop
      vertex 36.5779 13.9753 0.8
      vertex 36.4984 13.1557 0
      vertex 36.2192 13.2713 0
    endloop
  endfacet
  facet normal -0.607584 -0.372288 -0.7016
    outer loop
      vertex 38.0304 15.676 0.8
      vertex 38.6708 16.1385 0
      vertex 38.1247 15.5221 0.8
    endloop
  endfacet
  facet normal -0.602192 -0.380332 -0.701934
    outer loop
      vertex 38.6708 16.1385 0
      vertex 38.0304 15.676 0.8
      vertex 38.6696 16.1404 0
    endloop
  endfacet
  facet normal -0.453337 -0.55048 -0.70104
    outer loop
      vertex 37.9132 15.8132 0.8
      vertex 38.4702 16.3733 0
      vertex 38.4719 16.3719 0
    endloop
  endfacet
  facet normal -0.462833 -0.541815 -0.701586
    outer loop
      vertex 38.4702 16.3733 0
      vertex 37.9132 15.8132 0.8
      vertex 37.776 15.9304 0.8
    endloop
  endfacet
  facet normal 0.658375 -0.272594 -0.701594
    outer loop
      vertex 35.3713 15.8808 0
      vertex 36.0753 15.5221 0.8
      vertex 35.2557 15.6016 0
    endloop
  endfacet
  facet normal -0.0558774 0.710374 -0.701603
    outer loop
      vertex 37.2799 13.8642 0.8
      vertex 37.4035 13.0838 0
      vertex 37.1022 13.0601 0
    endloop
  endfacet
  facet normal 0.710346 -0.056111 -0.701612
    outer loop
      vertex 35.1838 15.3035 0
      vertex 35.9642 15.1799 0.8
      vertex 35.16 15.0022 0
    endloop
  endfacet
  facet normal 0.166265 0.692888 -0.701614
    outer loop
      vertex 36.7446 13.9063 0.8
      vertex 36.7943 13.0843 0
      vertex 36.5005 13.1548 0
    endloop
  endfacet
  facet normal 0.280834 0.655279 -0.701243
    outer loop
      vertex 36.4984 13.1557 0
      vertex 36.7446 13.9063 0.8
      vertex 36.5005 13.1548 0
    endloop
  endfacet
  facet normal 0.27252 0.658393 -0.701606
    outer loop
      vertex 36.7446 13.9063 0.8
      vertex 36.4984 13.1557 0
      vertex 36.5779 13.9753 0.8
    endloop
  endfacet
  facet normal 0.166265 -0.692888 -0.701614
    outer loop
      vertex 36.7943 16.9157 0
      vertex 36.7446 16.0937 0.8
      vertex 36.5005 16.8452 0
    endloop
  endfacet
  facet normal 0.658375 0.272594 -0.701594
    outer loop
      vertex 36.0753 14.4779 0.8
      vertex 35.3713 14.1192 0
      vertex 35.2557 14.3984 0
    endloop
  endfacet
  facet normal -0.462831 -0.541817 -0.701585
    outer loop
      vertex 38.2404 16.5696 0
      vertex 38.4702 16.3733 0
      vertex 37.776 15.9304 0.8
    endloop
  endfacet
  facet normal -0.607587 0.372285 -0.7016
    outer loop
      vertex 38.8287 14.1192 0
      vertex 38.6708 13.8615 0
      vertex 38.1247 14.4779 0.8
    endloop
  endfacet
  facet normal 0.692906 -0.166212 -0.701609
    outer loop
      vertex 35.2543 15.5974 0
      vertex 35.9642 15.1799 0.8
      vertex 35.1838 15.3035 0
    endloop
  endfacet
  facet normal 0.157851 -0.694546 -0.701918
    outer loop
      vertex 36.9201 16.1358 0.8
      vertex 36.7943 16.9157 0
      vertex 36.7965 16.9162 0
    endloop
  endfacet
  facet normal 0.166215 -0.692893 -0.701621
    outer loop
      vertex 36.7943 16.9157 0
      vertex 36.9201 16.1358 0.8
      vertex 36.7446 16.0937 0.8
    endloop
  endfacet
  facet normal 0.380726 0.602816 -0.701186
    outer loop
      vertex 36.2173 13.2725 0
      vertex 36.5779 13.9753 0.8
      vertex 36.2192 13.2713 0
    endloop
  endfacet
  facet normal 0.372296 0.607596 -0.701586
    outer loop
      vertex 36.5779 13.9753 0.8
      vertex 36.2173 13.2725 0
      vertex 36.424 14.0696 0.8
    endloop
  endfacet
  facet normal 0.607584 -0.372288 -0.7016
    outer loop
      vertex 35.5292 16.1385 0
      vertex 36.1696 15.676 0.8
      vertex 36.0753 15.5221 0.8
    endloop
  endfacet
  facet normal 0.602192 -0.380332 -0.701934
    outer loop
      vertex 36.1696 15.676 0.8
      vertex 35.5292 16.1385 0
      vertex 35.5304 16.1404 0
    endloop
  endfacet
  facet normal 0.607587 -0.372285 -0.7016
    outer loop
      vertex 35.5292 16.1385 0
      vertex 36.0753 15.5221 0.8
      vertex 35.3713 15.8808 0
    endloop
  endfacet
  facet normal -0.658375 0.272594 -0.701594
    outer loop
      vertex 38.9443 14.3984 0
      vertex 38.8287 14.1192 0
      vertex 38.1247 14.4779 0.8
    endloop
  endfacet
  facet normal 0.658393 0.27252 -0.701606
    outer loop
      vertex 35.2557 14.3984 0
      vertex 36.0063 14.6446 0.8
      vertex 36.0753 14.4779 0.8
    endloop
  endfacet
  facet normal 0.655279 0.280834 -0.701243
    outer loop
      vertex 36.0063 14.6446 0.8
      vertex 35.2557 14.3984 0
      vertex 35.2548 14.4005 0
    endloop
  endfacet
  facet normal 0.272594 -0.658375 -0.701594
    outer loop
      vertex 36.4984 16.8443 0
      vertex 36.5779 16.0247 0.8
      vertex 36.2192 16.7287 0
    endloop
  endfacet
  facet normal -0.380726 0.602816 -0.701186
    outer loop
      vertex 37.6221 13.9753 0.8
      vertex 37.9827 13.2725 0
      vertex 37.9808 13.2713 0
    endloop
  endfacet
  facet normal -0.372296 0.607596 -0.701586
    outer loop
      vertex 37.9827 13.2725 0
      vertex 37.6221 13.9753 0.8
      vertex 37.776 14.0696 0.8
    endloop
  endfacet
  facet normal -0.272594 0.658375 -0.701594
    outer loop
      vertex 37.9808 13.2713 0
      vertex 37.7016 13.1557 0
      vertex 37.6221 13.9753 0.8
    endloop
  endfacet
  facet normal 0.0558774 0.710374 -0.701603
    outer loop
      vertex 36.9201 13.8642 0.8
      vertex 37.0978 13.0601 0
      vertex 36.7965 13.0838 0
    endloop
  endfacet
  facet normal 0.157851 0.694546 -0.701918
    outer loop
      vertex 36.7943 13.0843 0
      vertex 36.9201 13.8642 0.8
      vertex 36.7965 13.0838 0
    endloop
  endfacet
  facet normal 0.166215 0.692893 -0.701621
    outer loop
      vertex 36.9201 13.8642 0.8
      vertex 36.7943 13.0843 0
      vertex 36.7446 13.9063 0.8
    endloop
  endfacet
  facet normal 0.692906 0.166212 -0.701609
    outer loop
      vertex 35.9642 14.8201 0.8
      vertex 35.2543 14.4026 0
      vertex 35.1838 14.6965 0
    endloop
  endfacet
  facet normal 0.541817 0.462831 -0.701585
    outer loop
      vertex 36.1696 14.324 0.8
      vertex 35.7267 13.6298 0
      vertex 35.5304 13.8596 0
    endloop
  endfacet
  facet normal -0.0558774 -0.710374 -0.701603
    outer loop
      vertex 37.4035 16.9162 0
      vertex 37.2799 16.1358 0.8
      vertex 37.1022 16.9399 0
    endloop
  endfacet
  facet normal -0.27252 -0.658393 -0.701606
    outer loop
      vertex 37.4554 16.0937 0.8
      vertex 37.7016 16.8443 0
      vertex 37.6221 16.0247 0.8
    endloop
  endfacet
  facet normal -0.280834 -0.655279 -0.701243
    outer loop
      vertex 37.7016 16.8443 0
      vertex 37.4554 16.0937 0.8
      vertex 37.6995 16.8452 0
    endloop
  endfacet
  facet normal 0.607587 0.372285 -0.7016
    outer loop
      vertex 36.0753 14.4779 0.8
      vertex 35.5292 13.8615 0
      vertex 35.3713 14.1192 0
    endloop
  endfacet
  facet normal 0.27252 -0.658393 -0.701606
    outer loop
      vertex 36.4984 16.8443 0
      vertex 36.7446 16.0937 0.8
      vertex 36.5779 16.0247 0.8
    endloop
  endfacet
  facet normal 0.280834 -0.655279 -0.701243
    outer loop
      vertex 36.7446 16.0937 0.8
      vertex 36.4984 16.8443 0
      vertex 36.5005 16.8452 0
    endloop
  endfacet
  facet normal -0.166212 0.692906 -0.701609
    outer loop
      vertex 37.6974 13.1543 0
      vertex 37.4035 13.0838 0
      vertex 37.2799 13.8642 0.8
    endloop
  endfacet
  facet normal 0.710343 -0.0560694 -0.701618
    outer loop
      vertex 35.95 15 0.8
      vertex 35.16 15.0022 0
      vertex 35.9642 15.1799 0.8
    endloop
  endfacet
  facet normal 0.711124 -0.0323238 -0.702324
    outer loop
      vertex 35.16 15.0022 0
      vertex 35.95 15 0.8
      vertex 35.1599 15 0
    endloop
  endfacet
  facet normal 0.462831 -0.541817 -0.701585
    outer loop
      vertex 35.9596 16.5696 0
      vertex 36.424 15.9304 0.8
      vertex 35.7298 16.3733 0
    endloop
  endfacet
  facet normal 0.372296 -0.607596 -0.701586
    outer loop
      vertex 36.2173 16.7275 0
      vertex 36.5779 16.0247 0.8
      vertex 36.424 15.9304 0.8
    endloop
  endfacet
  facet normal 0.380726 -0.602816 -0.701186
    outer loop
      vertex 36.5779 16.0247 0.8
      vertex 36.2173 16.7275 0
      vertex 36.2192 16.7287 0
    endloop
  endfacet
  facet normal 0.462831 0.541817 -0.701585
    outer loop
      vertex 36.424 14.0696 0.8
      vertex 35.9596 13.4304 0
      vertex 35.7298 13.6267 0
    endloop
  endfacet
  facet normal -0.602192 0.380332 -0.701934
    outer loop
      vertex 38.0304 14.324 0.8
      vertex 38.6708 13.8615 0
      vertex 38.6696 13.8596 0
    endloop
  endfacet
  facet normal -0.607584 0.372288 -0.7016
    outer loop
      vertex 38.6708 13.8615 0
      vertex 38.0304 14.324 0.8
      vertex 38.1247 14.4779 0.8
    endloop
  endfacet
  facet normal -0.53469 -0.471785 -0.701089
    outer loop
      vertex 38.0304 15.676 0.8
      vertex 38.6681 16.1421 0
      vertex 38.6696 16.1404 0
    endloop
  endfacet
  facet normal -0.541827 -0.462844 -0.701569
    outer loop
      vertex 38.6681 16.1421 0
      vertex 38.0304 15.676 0.8
      vertex 37.9132 15.8132 0.8
    endloop
  endfacet
  facet normal 0.462833 -0.541815 -0.701586
    outer loop
      vertex 36.2868 15.8132 0.8
      vertex 35.7298 16.3733 0
      vertex 36.424 15.9304 0.8
    endloop
  endfacet
  facet normal 0.453337 -0.55048 -0.70104
    outer loop
      vertex 35.7298 16.3733 0
      vertex 36.2868 15.8132 0.8
      vertex 35.7281 16.3719 0
    endloop
  endfacet
  facet normal 0.541815 -0.462833 -0.701586
    outer loop
      vertex 35.7267 16.3702 0
      vertex 36.2868 15.8132 0.8
      vertex 36.1696 15.676 0.8
    endloop
  endfacet
  facet normal 0.55048 -0.453337 -0.70104
    outer loop
      vertex 36.2868 15.8132 0.8
      vertex 35.7267 16.3702 0
      vertex 35.7281 16.3719 0
    endloop
  endfacet
  facet normal 0.711124 0.0323238 -0.702324
    outer loop
      vertex 35.95 15 0.8
      vertex 35.16 14.9978 0
      vertex 35.1599 15 0
    endloop
  endfacet
  facet normal 0.710343 0.0560694 -0.701618
    outer loop
      vertex 35.16 14.9978 0
      vertex 35.95 15 0.8
      vertex 35.9642 14.8201 0.8
    endloop
  endfacet
  facet normal -0.693228 0.165054 -0.701564
    outer loop
      vertex 38.1937 14.6446 0.8
      vertex 38.9457 14.4026 0
      vertex 38.9452 14.4005 0
    endloop
  endfacet
  facet normal -0.692903 0.166218 -0.70161
    outer loop
      vertex 38.9457 14.4026 0
      vertex 38.1937 14.6446 0.8
      vertex 38.2358 14.8201 0.8
    endloop
  endfacet
  facet normal -0.692906 -0.166212 -0.701609
    outer loop
      vertex 38.9457 15.5974 0
      vertex 39.0162 15.3035 0
      vertex 38.2358 15.1799 0.8
    endloop
  endfacet
  facet normal -0.655279 -0.280834 -0.701243
    outer loop
      vertex 38.1937 15.3554 0.8
      vertex 38.9443 15.6016 0
      vertex 38.9452 15.5995 0
    endloop
  endfacet
  facet normal -0.658393 -0.27252 -0.701606
    outer loop
      vertex 38.9443 15.6016 0
      vertex 38.1937 15.3554 0.8
      vertex 38.1247 15.5221 0.8
    endloop
  endfacet
  facet normal 0.658393 -0.27252 -0.701606
    outer loop
      vertex 36.0063 15.3554 0.8
      vertex 35.2557 15.6016 0
      vertex 36.0753 15.5221 0.8
    endloop
  endfacet
  facet normal 0.655279 -0.280834 -0.701243
    outer loop
      vertex 35.2557 15.6016 0
      vertex 36.0063 15.3554 0.8
      vertex 35.2548 15.5995 0
    endloop
  endfacet
  facet normal 0.0645465 0.710012 -0.701225
    outer loop
      vertex 37.0978 13.0601 0
      vertex 37.1 13.85 0.8
      vertex 37.1 13.0599 0
    endloop
  endfacet
  facet normal 0.0560729 0.710388 -0.701573
    outer loop
      vertex 37.1 13.85 0.8
      vertex 37.0978 13.0601 0
      vertex 36.9201 13.8642 0.8
    endloop
  endfacet
  facet normal 0.372292 -0.607598 -0.701586
    outer loop
      vertex 36.2173 16.7275 0
      vertex 36.424 15.9304 0.8
      vertex 35.9596 16.5696 0
    endloop
  endfacet
  facet normal -0.692906 0.166212 -0.701609
    outer loop
      vertex 39.0162 14.6965 0
      vertex 38.9457 14.4026 0
      vertex 38.2358 14.8201 0.8
    endloop
  endfacet
  facet normal -0.71034 0.0560691 -0.701622
    outer loop
      vertex 39.0164 14.6987 0
      vertex 38.2358 14.8201 0.8
      vertex 38.25 15 0.8
    endloop
  endfacet
  facet normal -0.709333 0.0644848 -0.701917
    outer loop
      vertex 38.2358 14.8201 0.8
      vertex 39.0164 14.6987 0
      vertex 39.0162 14.6965 0
    endloop
  endfacet
  facet normal 0.692903 -0.166218 -0.70161
    outer loop
      vertex 35.2543 15.5974 0
      vertex 36.0063 15.3554 0.8
      vertex 35.9642 15.1799 0.8
    endloop
  endfacet
  facet normal 0.693228 -0.165054 -0.701564
    outer loop
      vertex 36.0063 15.3554 0.8
      vertex 35.2543 15.5974 0
      vertex 35.2548 15.5995 0
    endloop
  endfacet
  facet normal 0.693228 0.165054 -0.701564
    outer loop
      vertex 35.2543 14.4026 0
      vertex 36.0063 14.6446 0.8
      vertex 35.2548 14.4005 0
    endloop
  endfacet
  facet normal 0.692903 0.166218 -0.70161
    outer loop
      vertex 36.0063 14.6446 0.8
      vertex 35.2543 14.4026 0
      vertex 35.9642 14.8201 0.8
    endloop
  endfacet
  facet normal -0.165054 0.693228 -0.701564
    outer loop
      vertex 37.6974 13.1543 0
      vertex 37.4554 13.9063 0.8
      vertex 37.6995 13.1548 0
    endloop
  endfacet
  facet normal -0.166218 0.692903 -0.70161
    outer loop
      vertex 37.4554 13.9063 0.8
      vertex 37.6974 13.1543 0
      vertex 37.2799 13.8642 0.8
    endloop
  endfacet
  facet normal -0.280834 0.655279 -0.701243
    outer loop
      vertex 37.4554 13.9063 0.8
      vertex 37.7016 13.1557 0
      vertex 37.6995 13.1548 0
    endloop
  endfacet
  facet normal -0.27252 0.658393 -0.701606
    outer loop
      vertex 37.7016 13.1557 0
      vertex 37.4554 13.9063 0.8
      vertex 37.6221 13.9753 0.8
    endloop
  endfacet
  facet normal -0.462831 0.541817 -0.701585
    outer loop
      vertex 38.4702 13.6267 0
      vertex 38.2404 13.4304 0
      vertex 37.776 14.0696 0.8
    endloop
  endfacet
  facet normal -0.372292 0.607598 -0.701586
    outer loop
      vertex 38.2404 13.4304 0
      vertex 37.9827 13.2725 0
      vertex 37.776 14.0696 0.8
    endloop
  endfacet
  facet normal -0.692903 -0.166218 -0.70161
    outer loop
      vertex 38.1937 15.3554 0.8
      vertex 38.9457 15.5974 0
      vertex 38.2358 15.1799 0.8
    endloop
  endfacet
  facet normal -0.693228 -0.165054 -0.701564
    outer loop
      vertex 38.9457 15.5974 0
      vertex 38.1937 15.3554 0.8
      vertex 38.9452 15.5995 0
    endloop
  endfacet
  facet normal -0.709333 -0.0644848 -0.701917
    outer loop
      vertex 39.0164 15.3013 0
      vertex 38.2358 15.1799 0.8
      vertex 39.0162 15.3035 0
    endloop
  endfacet
  facet normal -0.71034 -0.0560691 -0.701622
    outer loop
      vertex 38.2358 15.1799 0.8
      vertex 39.0164 15.3013 0
      vertex 38.25 15 0.8
    endloop
  endfacet
  facet normal -0.972412 -0.233268 0
    outer loop
      vertex 30.1358 31.6281 0.8
      vertex 30.0937 31.8036 2.5
      vertex 30.0937 31.8036 0.8
    endloop
  endfacet
  facet normal -0.972412 -0.233268 0
    outer loop
      vertex 30.0937 31.8036 2.5
      vertex 30.1358 31.6281 0.8
      vertex 30.1358 31.6281 2.5
    endloop
  endfacet
  facet normal -0.996899 -0.078688 0
    outer loop
      vertex 30.15 31.4482 0.8
      vertex 30.1358 31.6281 2.5
      vertex 30.1358 31.6281 0.8
    endloop
  endfacet
  facet normal -0.996899 -0.078688 0
    outer loop
      vertex 30.1358 31.6281 2.5
      vertex 30.15 31.4482 0.8
      vertex 30.15 31.4482 2.5
    endloop
  endfacet
  facet normal -0.972412 0.233268 0
    outer loop
      vertex 30.0937 31.0928 0.8
      vertex 30.1358 31.2683 2.5
      vertex 30.1358 31.2683 0.8
    endloop
  endfacet
  facet normal -0.972412 0.233268 0
    outer loop
      vertex 30.1358 31.2683 2.5
      vertex 30.0937 31.0928 0.8
      vertex 30.0937 31.0928 2.5
    endloop
  endfacet
  facet normal -0.996899 0.078688 0
    outer loop
      vertex 30.1358 31.2683 0.8
      vertex 30.15 31.4482 2.5
      vertex 30.15 31.4482 0.8
    endloop
  endfacet
  facet normal -0.996899 0.078688 0
    outer loop
      vertex 30.15 31.4482 2.5
      vertex 30.1358 31.2683 0.8
      vertex 30.1358 31.2683 2.5
    endloop
  endfacet
  facet normal -0.233268 -0.972412 0
    outer loop
      vertex 29.1799 32.584 0.8
      vertex 29.3554 32.5419 2.5
      vertex 29.1799 32.584 2.5
    endloop
  endfacet
  facet normal -0.233268 -0.972412 -0
    outer loop
      vertex 29.3554 32.5419 2.5
      vertex 29.1799 32.584 0.8
      vertex 29.3554 32.5419 0.8
    endloop
  endfacet
  facet normal -0.760585 -0.649239 0
    outer loop
      vertex 29.9304 32.1241 0.8
      vertex 29.8132 32.2614 2.5
      vertex 29.8132 32.2614 0.8
    endloop
  endfacet
  facet normal -0.760585 -0.649239 0
    outer loop
      vertex 29.8132 32.2614 2.5
      vertex 29.9304 32.1241 0.8
      vertex 29.9304 32.1241 2.5
    endloop
  endfacet
  facet normal 0.760585 -0.649239 0
    outer loop
      vertex 28.0696 32.1241 2.5
      vertex 28.1868 32.2614 0.8
      vertex 28.1868 32.2614 2.5
    endloop
  endfacet
  facet normal 0.760585 -0.649239 0
    outer loop
      vertex 28.1868 32.2614 0.8
      vertex 28.0696 32.1241 2.5
      vertex 28.0696 32.1241 0.8
    endloop
  endfacet
  facet normal 0.078688 -0.996899 0
    outer loop
      vertex 28.8201 32.584 0.8
      vertex 29 32.5982 2.5
      vertex 28.8201 32.584 2.5
    endloop
  endfacet
  facet normal 0.078688 -0.996899 0
    outer loop
      vertex 29 32.5982 2.5
      vertex 28.8201 32.584 0.8
      vertex 29 32.5982 0.8
    endloop
  endfacet
  facet normal 0.760351 0.649513 0
    outer loop
      vertex 28.1868 30.635 2.5
      vertex 28.0696 30.7722 0.8
      vertex 28.0696 30.7722 2.5
    endloop
  endfacet
  facet normal 0.760351 0.649513 0
    outer loop
      vertex 28.0696 30.7722 0.8
      vertex 28.1868 30.635 2.5
      vertex 28.1868 30.635 0.8
    endloop
  endfacet
  facet normal 0.923976 -0.38245 0
    outer loop
      vertex 27.9063 31.8036 2.5
      vertex 27.9753 31.9703 0.8
      vertex 27.9753 31.9703 2.5
    endloop
  endfacet
  facet normal 0.923976 -0.38245 0
    outer loop
      vertex 27.9753 31.9703 0.8
      vertex 27.9063 31.8036 2.5
      vertex 27.9063 31.8036 0.8
    endloop
  endfacet
  facet normal 0.0781372 0.996943 -0
    outer loop
      vertex 29 30.2982 0.8
      vertex 28.8201 30.3123 2.5
      vertex 29 30.2982 2.5
    endloop
  endfacet
  facet normal 0.0781372 0.996943 0
    outer loop
      vertex 28.8201 30.3123 2.5
      vertex 29 30.2982 0.8
      vertex 28.8201 30.3123 0.8
    endloop
  endfacet
  facet normal 0.382923 -0.92378 0
    outer loop
      vertex 28.4779 32.4728 0.8
      vertex 28.6446 32.5419 2.5
      vertex 28.4779 32.4728 2.5
    endloop
  endfacet
  facet normal 0.382923 -0.92378 0
    outer loop
      vertex 28.6446 32.5419 2.5
      vertex 28.4779 32.4728 0.8
      vertex 28.6446 32.5419 0.8
    endloop
  endfacet
  facet normal 0.522055 -0.852912 0
    outer loop
      vertex 28.324 32.3786 0.8
      vertex 28.4779 32.4728 2.5
      vertex 28.324 32.3786 2.5
    endloop
  endfacet
  facet normal 0.522055 -0.852912 0
    outer loop
      vertex 28.4779 32.4728 2.5
      vertex 28.324 32.3786 0.8
      vertex 28.4779 32.4728 0.8
    endloop
  endfacet
  facet normal -0.649513 0.760351 0
    outer loop
      vertex 29.8132 30.635 0.8
      vertex 29.676 30.5178 2.5
      vertex 29.8132 30.635 2.5
    endloop
  endfacet
  facet normal -0.649513 0.760351 0
    outer loop
      vertex 29.676 30.5178 2.5
      vertex 29.8132 30.635 0.8
      vertex 29.676 30.5178 0.8
    endloop
  endfacet
  facet normal -0.923976 0.38245 0
    outer loop
      vertex 30.0247 30.9261 0.8
      vertex 30.0937 31.0928 2.5
      vertex 30.0937 31.0928 0.8
    endloop
  endfacet
  facet normal -0.923976 0.38245 0
    outer loop
      vertex 30.0937 31.0928 2.5
      vertex 30.0247 30.9261 0.8
      vertex 30.0247 30.9261 2.5
    endloop
  endfacet
  facet normal -0.760351 0.649513 0
    outer loop
      vertex 29.8132 30.635 0.8
      vertex 29.9304 30.7722 2.5
      vertex 29.9304 30.7722 0.8
    endloop
  endfacet
  facet normal -0.760351 0.649513 0
    outer loop
      vertex 29.9304 30.7722 2.5
      vertex 29.8132 30.635 0.8
      vertex 29.8132 30.635 2.5
    endloop
  endfacet
  facet normal 0.852514 -0.522705 0
    outer loop
      vertex 27.9753 31.9703 2.5
      vertex 28.0696 32.1241 0.8
      vertex 28.0696 32.1241 2.5
    endloop
  endfacet
  facet normal 0.852514 -0.522705 0
    outer loop
      vertex 28.0696 32.1241 0.8
      vertex 27.9753 31.9703 2.5
      vertex 27.9753 31.9703 0.8
    endloop
  endfacet
  facet normal 0.233792 0.972287 -0
    outer loop
      vertex 28.8201 30.3123 0.8
      vertex 28.6446 30.3545 2.5
      vertex 28.8201 30.3123 2.5
    endloop
  endfacet
  facet normal 0.233792 0.972287 0
    outer loop
      vertex 28.6446 30.3545 2.5
      vertex 28.8201 30.3123 0.8
      vertex 28.6446 30.3545 0.8
    endloop
  endfacet
  facet normal 0.649513 -0.760351 0
    outer loop
      vertex 28.1868 32.2614 0.8
      vertex 28.324 32.3786 2.5
      vertex 28.1868 32.2614 2.5
    endloop
  endfacet
  facet normal 0.649513 -0.760351 0
    outer loop
      vertex 28.324 32.3786 2.5
      vertex 28.1868 32.2614 0.8
      vertex 28.324 32.3786 0.8
    endloop
  endfacet
  facet normal -0.923976 -0.38245 0
    outer loop
      vertex 30.0937 31.8036 0.8
      vertex 30.0247 31.9703 2.5
      vertex 30.0247 31.9703 0.8
    endloop
  endfacet
  facet normal -0.923976 -0.38245 0
    outer loop
      vertex 30.0247 31.9703 2.5
      vertex 30.0937 31.8036 0.8
      vertex 30.0937 31.8036 2.5
    endloop
  endfacet
  facet normal 0.996899 0.078688 0
    outer loop
      vertex 27.8642 31.2683 2.5
      vertex 27.85 31.4482 0.8
      vertex 27.85 31.4482 2.5
    endloop
  endfacet
  facet normal 0.996899 0.078688 0
    outer loop
      vertex 27.85 31.4482 0.8
      vertex 27.8642 31.2683 2.5
      vertex 27.8642 31.2683 0.8
    endloop
  endfacet
  facet normal -0.38245 0.923976 0
    outer loop
      vertex 29.5221 30.4235 0.8
      vertex 29.3554 30.3545 2.5
      vertex 29.5221 30.4235 2.5
    endloop
  endfacet
  facet normal -0.38245 0.923976 0
    outer loop
      vertex 29.3554 30.3545 2.5
      vertex 29.5221 30.4235 0.8
      vertex 29.3554 30.3545 0.8
    endloop
  endfacet
  facet normal 0.923976 0.38245 0
    outer loop
      vertex 27.9753 30.9261 2.5
      vertex 27.9063 31.0928 0.8
      vertex 27.9063 31.0928 2.5
    endloop
  endfacet
  facet normal 0.923976 0.38245 0
    outer loop
      vertex 27.9063 31.0928 0.8
      vertex 27.9753 30.9261 2.5
      vertex 27.9753 30.9261 0.8
    endloop
  endfacet
  facet normal 0.996899 -0.078688 0
    outer loop
      vertex 27.85 31.4482 2.5
      vertex 27.8642 31.6281 0.8
      vertex 27.8642 31.6281 2.5
    endloop
  endfacet
  facet normal 0.996899 -0.078688 0
    outer loop
      vertex 27.8642 31.6281 0.8
      vertex 27.85 31.4482 2.5
      vertex 27.85 31.4482 0.8
    endloop
  endfacet
  facet normal -0.649513 -0.760351 0
    outer loop
      vertex 29.676 32.3786 0.8
      vertex 29.8132 32.2614 2.5
      vertex 29.676 32.3786 2.5
    endloop
  endfacet
  facet normal -0.649513 -0.760351 -0
    outer loop
      vertex 29.8132 32.2614 2.5
      vertex 29.676 32.3786 0.8
      vertex 29.8132 32.2614 0.8
    endloop
  endfacet
  facet normal -0.522055 -0.852912 0
    outer loop
      vertex 29.5221 32.4728 0.8
      vertex 29.676 32.3786 2.5
      vertex 29.5221 32.4728 2.5
    endloop
  endfacet
  facet normal -0.522055 -0.852912 -0
    outer loop
      vertex 29.676 32.3786 2.5
      vertex 29.5221 32.4728 0.8
      vertex 29.676 32.3786 0.8
    endloop
  endfacet
  facet normal 0.649513 0.760351 -0
    outer loop
      vertex 28.324 30.5178 0.8
      vertex 28.1868 30.635 2.5
      vertex 28.324 30.5178 2.5
    endloop
  endfacet
  facet normal 0.649513 0.760351 0
    outer loop
      vertex 28.1868 30.635 2.5
      vertex 28.324 30.5178 0.8
      vertex 28.1868 30.635 0.8
    endloop
  endfacet
  facet normal -0.852665 0.522458 0
    outer loop
      vertex 29.9304 30.7722 0.8
      vertex 30.0247 30.9261 2.5
      vertex 30.0247 30.9261 0.8
    endloop
  endfacet
  facet normal -0.852665 0.522458 0
    outer loop
      vertex 30.0247 30.9261 2.5
      vertex 29.9304 30.7722 0.8
      vertex 29.9304 30.7722 2.5
    endloop
  endfacet
  facet normal -0.852514 -0.522705 0
    outer loop
      vertex 30.0247 31.9703 0.8
      vertex 29.9304 32.1241 2.5
      vertex 29.9304 32.1241 0.8
    endloop
  endfacet
  facet normal -0.852514 -0.522705 0
    outer loop
      vertex 29.9304 32.1241 2.5
      vertex 30.0247 31.9703 0.8
      vertex 30.0247 31.9703 2.5
    endloop
  endfacet
  facet normal 0.522458 0.852665 -0
    outer loop
      vertex 28.4779 30.4235 0.8
      vertex 28.324 30.5178 2.5
      vertex 28.4779 30.4235 2.5
    endloop
  endfacet
  facet normal 0.522458 0.852665 0
    outer loop
      vertex 28.324 30.5178 2.5
      vertex 28.4779 30.4235 0.8
      vertex 28.324 30.5178 0.8
    endloop
  endfacet
  facet normal -0.078688 -0.996899 0
    outer loop
      vertex 29 32.5982 0.8
      vertex 29.1799 32.584 2.5
      vertex 29 32.5982 2.5
    endloop
  endfacet
  facet normal -0.078688 -0.996899 -0
    outer loop
      vertex 29.1799 32.584 2.5
      vertex 29 32.5982 0.8
      vertex 29.1799 32.584 0.8
    endloop
  endfacet
  facet normal 0.972412 0.233268 0
    outer loop
      vertex 27.9063 31.0928 2.5
      vertex 27.8642 31.2683 0.8
      vertex 27.8642 31.2683 2.5
    endloop
  endfacet
  facet normal 0.972412 0.233268 0
    outer loop
      vertex 27.8642 31.2683 0.8
      vertex 27.9063 31.0928 2.5
      vertex 27.9063 31.0928 0.8
    endloop
  endfacet
  facet normal 0.972412 -0.233268 0
    outer loop
      vertex 27.8642 31.6281 2.5
      vertex 27.9063 31.8036 0.8
      vertex 27.9063 31.8036 2.5
    endloop
  endfacet
  facet normal 0.972412 -0.233268 0
    outer loop
      vertex 27.9063 31.8036 0.8
      vertex 27.8642 31.6281 2.5
      vertex 27.8642 31.6281 0.8
    endloop
  endfacet
  facet normal -0.233792 0.972287 0
    outer loop
      vertex 29.3554 30.3545 0.8
      vertex 29.1799 30.3123 2.5
      vertex 29.3554 30.3545 2.5
    endloop
  endfacet
  facet normal -0.233792 0.972287 0
    outer loop
      vertex 29.1799 30.3123 2.5
      vertex 29.3554 30.3545 0.8
      vertex 29.1799 30.3123 0.8
    endloop
  endfacet
  facet normal -0.0781372 0.996943 0
    outer loop
      vertex 29.1799 30.3123 0.8
      vertex 29 30.2982 2.5
      vertex 29.1799 30.3123 2.5
    endloop
  endfacet
  facet normal -0.0781372 0.996943 0
    outer loop
      vertex 29 30.2982 2.5
      vertex 29.1799 30.3123 0.8
      vertex 29 30.2982 0.8
    endloop
  endfacet
  facet normal 0.38245 0.923976 -0
    outer loop
      vertex 28.6446 30.3545 0.8
      vertex 28.4779 30.4235 2.5
      vertex 28.6446 30.3545 2.5
    endloop
  endfacet
  facet normal 0.38245 0.923976 0
    outer loop
      vertex 28.4779 30.4235 2.5
      vertex 28.6446 30.3545 0.8
      vertex 28.4779 30.4235 0.8
    endloop
  endfacet
  facet normal -0.522458 0.852665 0
    outer loop
      vertex 29.676 30.5178 0.8
      vertex 29.5221 30.4235 2.5
      vertex 29.676 30.5178 2.5
    endloop
  endfacet
  facet normal -0.522458 0.852665 0
    outer loop
      vertex 29.5221 30.4235 2.5
      vertex 29.676 30.5178 0.8
      vertex 29.5221 30.4235 0.8
    endloop
  endfacet
  facet normal 0.233268 -0.972412 0
    outer loop
      vertex 28.6446 32.5419 0.8
      vertex 28.8201 32.584 2.5
      vertex 28.6446 32.5419 2.5
    endloop
  endfacet
  facet normal 0.233268 -0.972412 0
    outer loop
      vertex 28.8201 32.584 2.5
      vertex 28.6446 32.5419 0.8
      vertex 28.8201 32.584 0.8
    endloop
  endfacet
  facet normal -0.382923 -0.92378 0
    outer loop
      vertex 29.3554 32.5419 0.8
      vertex 29.5221 32.4728 2.5
      vertex 29.3554 32.5419 2.5
    endloop
  endfacet
  facet normal -0.382923 -0.92378 -0
    outer loop
      vertex 29.5221 32.4728 2.5
      vertex 29.3554 32.5419 0.8
      vertex 29.5221 32.4728 0.8
    endloop
  endfacet
  facet normal 0.852665 0.522458 0
    outer loop
      vertex 28.0696 30.7722 2.5
      vertex 27.9753 30.9261 0.8
      vertex 27.9753 30.9261 2.5
    endloop
  endfacet
  facet normal 0.852665 0.522458 0
    outer loop
      vertex 27.9753 30.9261 0.8
      vertex 28.0696 30.7722 2.5
      vertex 28.0696 30.7722 0.8
    endloop
  endfacet
  facet normal -0.607598 0.372292 -0.701586
    outer loop
      vertex 30.7275 30.5655 0
      vertex 30.5696 30.3078 0
      vertex 29.9304 30.7722 0.8
    endloop
  endfacet
  facet normal 0.0558774 -0.710374 -0.701603
    outer loop
      vertex 28.9978 33.3881 0
      vertex 28.8201 32.584 0.8
      vertex 28.6965 33.3644 0
    endloop
  endfacet
  facet normal -0.0645465 -0.710012 -0.701225
    outer loop
      vertex 29.0022 33.3881 0
      vertex 29 32.5982 0.8
      vertex 29 33.3883 0
    endloop
  endfacet
  facet normal -0.0560729 -0.710388 -0.701573
    outer loop
      vertex 29 32.5982 0.8
      vertex 29.0022 33.3881 0
      vertex 29.1799 32.584 0.8
    endloop
  endfacet
  facet normal -0.655279 0.280834 -0.701243
    outer loop
      vertex 30.8443 30.8466 0
      vertex 30.0937 31.0928 0.8
      vertex 30.8452 30.8487 0
    endloop
  endfacet
  facet normal -0.658393 0.27252 -0.701606
    outer loop
      vertex 30.0937 31.0928 0.8
      vertex 30.8443 30.8466 0
      vertex 30.0247 30.9261 0.8
    endloop
  endfacet
  facet normal -0.710012 -0.0645465 -0.701225
    outer loop
      vertex 30.15 31.4482 0.8
      vertex 30.9399 31.4504 0
      vertex 30.9401 31.4482 0
    endloop
  endfacet
  facet normal -0.710388 -0.0560729 -0.701573
    outer loop
      vertex 30.9399 31.4504 0
      vertex 30.15 31.4482 0.8
      vertex 30.1358 31.6281 0.8
    endloop
  endfacet
  facet normal -0.710374 -0.0558774 -0.701603
    outer loop
      vertex 30.9162 31.7517 0
      vertex 30.9399 31.4504 0
      vertex 30.1358 31.6281 0.8
    endloop
  endfacet
  facet normal -0.541817 0.462831 -0.701585
    outer loop
      vertex 30.5696 30.3078 0
      vertex 30.3733 30.078 0
      vertex 29.9304 30.7722 0.8
    endloop
  endfacet
  facet normal -0.166212 -0.692906 -0.701609
    outer loop
      vertex 29.3035 33.3644 0
      vertex 29.5974 33.2939 0
      vertex 29.1799 32.584 0.8
    endloop
  endfacet
  facet normal 0.710346 0.056111 -0.701612
    outer loop
      vertex 27.8642 31.2683 0.8
      vertex 27.0838 31.1447 0
      vertex 27.06 31.446 0
    endloop
  endfacet
  facet normal 0.541795 -0.462813 -0.701615
    outer loop
      vertex 27.6267 32.8184 0
      vertex 28.0696 32.1241 0.8
      vertex 27.4304 32.5886 0
    endloop
  endfacet
  facet normal 0.372288 0.607584 -0.7016
    outer loop
      vertex 27.8615 29.8774 0
      vertex 28.324 30.5178 0.8
      vertex 28.4779 30.4235 0.8
    endloop
  endfacet
  facet normal 0.380332 0.602192 -0.701934
    outer loop
      vertex 28.324 30.5178 0.8
      vertex 27.8615 29.8774 0
      vertex 27.8596 29.8786 0
    endloop
  endfacet
  facet normal -0.692888 -0.166265 -0.701614
    outer loop
      vertex 30.8452 32.0477 0
      vertex 30.9157 31.7539 0
      vertex 30.0937 31.8036 0.8
    endloop
  endfacet
  facet normal -0.380332 0.602192 -0.701934
    outer loop
      vertex 30.1385 29.8774 0
      vertex 29.676 30.5178 0.8
      vertex 30.1404 29.8786 0
    endloop
  endfacet
  facet normal -0.372288 0.607584 -0.7016
    outer loop
      vertex 29.676 30.5178 0.8
      vertex 30.1385 29.8774 0
      vertex 29.5221 30.4235 0.8
    endloop
  endfacet
  facet normal -0.46282 0.541803 -0.701603
    outer loop
      vertex 30.3719 30.0763 0
      vertex 30.1421 29.88 0
      vertex 29.8132 30.635 0.8
    endloop
  endfacet
  facet normal 0.272792 -0.658284 -0.701603
    outer loop
      vertex 28.3984 33.2925 0
      vertex 28.4779 32.4728 0.8
      vertex 28.1192 33.1768 0
    endloop
  endfacet
  facet normal -0.272792 -0.658284 -0.701603
    outer loop
      vertex 29.6016 33.2925 0
      vertex 29.8808 33.1768 0
      vertex 29.5221 32.4728 0.8
    endloop
  endfacet
  facet normal 0.541989 -0.462644 -0.701576
    outer loop
      vertex 27.6267 32.8184 0
      vertex 28.1868 32.2614 0.8
      vertex 28.0696 32.1241 0.8
    endloop
  endfacet
  facet normal 0.55048 -0.453337 -0.70104
    outer loop
      vertex 28.1868 32.2614 0.8
      vertex 27.6267 32.8184 0
      vertex 27.6281 32.8201 0
    endloop
  endfacet
  facet normal 0.0558782 0.710384 -0.701593
    outer loop
      vertex 29 30.2982 0.8
      vertex 29 29.5081 0
      vertex 28.6987 29.5318 0
    endloop
  endfacet
  facet normal -0.372285 0.607587 -0.7016
    outer loop
      vertex 30.1385 29.8774 0
      vertex 29.8808 29.7195 0
      vertex 29.5221 30.4235 0.8
    endloop
  endfacet
  facet normal 0.46282 0.541803 -0.701603
    outer loop
      vertex 28.1868 30.635 0.8
      vertex 27.8579 29.88 0
      vertex 27.6281 30.0763 0
    endloop
  endfacet
  facet normal -0.166437 0.692861 -0.7016
    outer loop
      vertex 29.5974 29.6025 0
      vertex 29.3035 29.5319 0
      vertex 29.1799 30.3123 0.8
    endloop
  endfacet
  facet normal -0.602816 0.380726 -0.701186
    outer loop
      vertex 30.7275 30.5655 0
      vertex 30.0247 30.9261 0.8
      vertex 30.7287 30.5674 0
    endloop
  endfacet
  facet normal -0.607596 0.372296 -0.701586
    outer loop
      vertex 30.0247 30.9261 0.8
      vertex 30.7275 30.5655 0
      vertex 29.9304 30.7722 0.8
    endloop
  endfacet
  facet normal -0.692906 0.166212 -0.701609
    outer loop
      vertex 30.9162 31.1447 0
      vertex 30.8457 30.8508 0
      vertex 30.1358 31.2683 0.8
    endloop
  endfacet
  facet normal 0.372285 -0.607587 -0.7016
    outer loop
      vertex 28.1192 33.1768 0
      vertex 28.4779 32.4728 0.8
      vertex 27.8615 33.0189 0
    endloop
  endfacet
  facet normal -0.0558782 0.710384 -0.701593
    outer loop
      vertex 29 30.2982 0.8
      vertex 29.3013 29.5318 0
      vertex 29 29.5081 0
    endloop
  endfacet
  facet normal -0.0558774 -0.710374 -0.701603
    outer loop
      vertex 29.3035 33.3644 0
      vertex 29.1799 32.584 0.8
      vertex 29.0022 33.3881 0
    endloop
  endfacet
  facet normal 0.0556812 0.710429 -0.701562
    outer loop
      vertex 28.6987 29.5318 0
      vertex 28.8201 30.3123 0.8
      vertex 29 30.2982 0.8
    endloop
  endfacet
  facet normal 0.0324063 0.712938 -0.700478
    outer loop
      vertex 28.8201 30.3123 0.8
      vertex 28.6987 29.5318 0
      vertex 28.6965 29.5319 0
    endloop
  endfacet
  facet normal -0.372285 -0.607587 -0.7016
    outer loop
      vertex 29.8808 33.1768 0
      vertex 30.1385 33.0189 0
      vertex 29.5221 32.4728 0.8
    endloop
  endfacet
  facet normal -0.710374 0.0558774 -0.701603
    outer loop
      vertex 30.9399 31.446 0
      vertex 30.9162 31.1447 0
      vertex 30.1358 31.2683 0.8
    endloop
  endfacet
  facet normal -0.710012 0.0645465 -0.701225
    outer loop
      vertex 30.9399 31.446 0
      vertex 30.15 31.4482 0.8
      vertex 30.9401 31.4482 0
    endloop
  endfacet
  facet normal -0.710388 0.0560729 -0.701573
    outer loop
      vertex 30.15 31.4482 0.8
      vertex 30.9399 31.446 0
      vertex 30.1358 31.2683 0.8
    endloop
  endfacet
  facet normal -0.658375 0.272594 -0.701594
    outer loop
      vertex 30.8443 30.8466 0
      vertex 30.7287 30.5674 0
      vertex 30.0247 30.9261 0.8
    endloop
  endfacet
  facet normal -0.462688 -0.541925 -0.701596
    outer loop
      vertex 30.1421 33.0163 0
      vertex 30.3719 32.8201 0
      vertex 29.8132 32.2614 0.8
    endloop
  endfacet
  facet normal 0.658375 0.272594 -0.701594
    outer loop
      vertex 27.9753 30.9261 0.8
      vertex 27.2713 30.5674 0
      vertex 27.1557 30.8466 0
    endloop
  endfacet
  facet normal 0.372285 0.607587 -0.7016
    outer loop
      vertex 28.4779 30.4235 0.8
      vertex 28.1192 29.7195 0
      vertex 27.8615 29.8774 0
    endloop
  endfacet
  facet normal -0.541989 -0.462644 -0.701576
    outer loop
      vertex 29.8132 32.2614 0.8
      vertex 30.3733 32.8184 0
      vertex 29.9304 32.1241 0.8
    endloop
  endfacet
  facet normal -0.55048 -0.453337 -0.70104
    outer loop
      vertex 30.3733 32.8184 0
      vertex 29.8132 32.2614 0.8
      vertex 30.3719 32.8201 0
    endloop
  endfacet
  facet normal 0.658393 0.27252 -0.701606
    outer loop
      vertex 27.1557 30.8466 0
      vertex 27.9063 31.0928 0.8
      vertex 27.9753 30.9261 0.8
    endloop
  endfacet
  facet normal 0.655279 0.280834 -0.701243
    outer loop
      vertex 27.9063 31.0928 0.8
      vertex 27.1557 30.8466 0
      vertex 27.1548 30.8487 0
    endloop
  endfacet
  facet normal 0.55048 0.453337 -0.70104
    outer loop
      vertex 27.6267 30.078 0
      vertex 28.1868 30.635 0.8
      vertex 27.6281 30.0763 0
    endloop
  endfacet
  facet normal 0.541815 0.462833 -0.701586
    outer loop
      vertex 28.1868 30.635 0.8
      vertex 27.6267 30.078 0
      vertex 28.0696 30.7722 0.8
    endloop
  endfacet
  facet normal 0.372028 -0.607803 -0.701549
    outer loop
      vertex 28.324 32.3786 0.8
      vertex 27.8615 33.0189 0
      vertex 28.4779 32.4728 0.8
    endloop
  endfacet
  facet normal 0.35743 -0.61738 -0.700775
    outer loop
      vertex 27.8615 33.0189 0
      vertex 28.324 32.3786 0.8
      vertex 27.8596 33.0178 0
    endloop
  endfacet
  facet normal -0.541795 -0.462813 -0.701615
    outer loop
      vertex 30.3733 32.8184 0
      vertex 30.5696 32.5886 0
      vertex 29.9304 32.1241 0.8
    endloop
  endfacet
  facet normal 0.607495 -0.372476 -0.701578
    outer loop
      vertex 27.9753 31.9703 0.8
      vertex 27.2725 32.3309 0
      vertex 28.0696 32.1241 0.8
    endloop
  endfacet
  facet normal 0.602816 -0.380726 -0.701186
    outer loop
      vertex 27.2725 32.3309 0
      vertex 27.9753 31.9703 0.8
      vertex 27.2713 32.329 0
    endloop
  endfacet
  facet normal 0.452716 0.549726 -0.702033
    outer loop
      vertex 27.8579 29.88 0
      vertex 28.324 30.5178 0.8
      vertex 27.8596 29.8786 0
    endloop
  endfacet
  facet normal 0.462822 0.541802 -0.701603
    outer loop
      vertex 28.324 30.5178 0.8
      vertex 27.8579 29.88 0
      vertex 28.1868 30.635 0.8
    endloop
  endfacet
  facet normal -0.0324063 0.712938 -0.700478
    outer loop
      vertex 29.3013 29.5318 0
      vertex 29.1799 30.3123 0.8
      vertex 29.3035 29.5319 0
    endloop
  endfacet
  facet normal -0.0556812 0.710429 -0.701562
    outer loop
      vertex 29.1799 30.3123 0.8
      vertex 29.3013 29.5318 0
      vertex 29 30.2982 0.8
    endloop
  endfacet
  facet normal -0.35743 -0.61738 -0.700775
    outer loop
      vertex 29.676 32.3786 0.8
      vertex 30.1385 33.0189 0
      vertex 30.1404 33.0178 0
    endloop
  endfacet
  facet normal -0.372028 -0.607803 -0.701549
    outer loop
      vertex 30.1385 33.0189 0
      vertex 29.676 32.3786 0.8
      vertex 29.5221 32.4728 0.8
    endloop
  endfacet
  facet normal -0.280834 0.655279 -0.701243
    outer loop
      vertex 29.3554 30.3545 0.8
      vertex 29.6016 29.6039 0
      vertex 29.5995 29.603 0
    endloop
  endfacet
  facet normal -0.27252 0.658393 -0.701606
    outer loop
      vertex 29.6016 29.6039 0
      vertex 29.3554 30.3545 0.8
      vertex 29.5221 30.4235 0.8
    endloop
  endfacet
  facet normal -0.607578 -0.37228 -0.70161
    outer loop
      vertex 30.5696 32.5886 0
      vertex 30.7275 32.3309 0
      vertex 29.9304 32.1241 0.8
    endloop
  endfacet
  facet normal 0.692906 0.166212 -0.701609
    outer loop
      vertex 27.8642 31.2683 0.8
      vertex 27.1543 30.8508 0
      vertex 27.0838 31.1447 0
    endloop
  endfacet
  facet normal 0.541817 0.462831 -0.701585
    outer loop
      vertex 28.0696 30.7722 0.8
      vertex 27.6267 30.078 0
      vertex 27.4304 30.3078 0
    endloop
  endfacet
  facet normal -0.462844 -0.541827 -0.701569
    outer loop
      vertex 29.676 32.3786 0.8
      vertex 30.1421 33.0163 0
      vertex 29.8132 32.2614 0.8
    endloop
  endfacet
  facet normal -0.471785 -0.53469 -0.701089
    outer loop
      vertex 30.1421 33.0163 0
      vertex 29.676 32.3786 0.8
      vertex 30.1404 33.0178 0
    endloop
  endfacet
  facet normal 0.0560729 -0.710388 -0.701573
    outer loop
      vertex 28.9978 33.3881 0
      vertex 29 32.5982 0.8
      vertex 28.8201 32.584 0.8
    endloop
  endfacet
  facet normal 0.0645465 -0.710012 -0.701225
    outer loop
      vertex 29 32.5982 0.8
      vertex 28.9978 33.3881 0
      vertex 29 33.3883 0
    endloop
  endfacet
  facet normal -0.694546 -0.157851 -0.701918
    outer loop
      vertex 30.1358 31.6281 0.8
      vertex 30.9157 31.7539 0
      vertex 30.9162 31.7517 0
    endloop
  endfacet
  facet normal -0.692893 -0.166215 -0.701621
    outer loop
      vertex 30.9157 31.7539 0
      vertex 30.1358 31.6281 0.8
      vertex 30.0937 31.8036 0.8
    endloop
  endfacet
  facet normal 0.607578 -0.37228 -0.70161
    outer loop
      vertex 27.4304 32.5886 0
      vertex 28.0696 32.1241 0.8
      vertex 27.2725 32.3309 0
    endloop
  endfacet
  facet normal 0.166588 0.6928 -0.701625
    outer loop
      vertex 28.4026 29.6025 0
      vertex 28.6446 30.3545 0.8
      vertex 28.8201 30.3123 0.8
    endloop
  endfacet
  facet normal 0.165054 0.693228 -0.701564
    outer loop
      vertex 28.6446 30.3545 0.8
      vertex 28.4026 29.6025 0
      vertex 28.4005 29.603 0
    endloop
  endfacet
  facet normal 0.710343 -0.0560694 -0.701618
    outer loop
      vertex 27.85 31.4482 0.8
      vertex 27.06 31.4504 0
      vertex 27.8642 31.6281 0.8
    endloop
  endfacet
  facet normal 0.711124 -0.0323238 -0.702324
    outer loop
      vertex 27.06 31.4504 0
      vertex 27.85 31.4482 0.8
      vertex 27.0599 31.4482 0
    endloop
  endfacet
  facet normal -0.272863 -0.658266 -0.701592
    outer loop
      vertex 29.3554 32.5419 0.8
      vertex 29.6016 33.2925 0
      vertex 29.5221 32.4728 0.8
    endloop
  endfacet
  facet normal -0.280834 -0.655279 -0.701243
    outer loop
      vertex 29.6016 33.2925 0
      vertex 29.3554 32.5419 0.8
      vertex 29.5995 33.2934 0
    endloop
  endfacet
  facet normal 0.693228 0.165054 -0.701564
    outer loop
      vertex 27.1543 30.8508 0
      vertex 27.9063 31.0928 0.8
      vertex 27.1548 30.8487 0
    endloop
  endfacet
  facet normal 0.692903 0.166218 -0.70161
    outer loop
      vertex 27.9063 31.0928 0.8
      vertex 27.1543 30.8508 0
      vertex 27.8642 31.2683 0.8
    endloop
  endfacet
  facet normal -0.55048 0.453337 -0.70104
    outer loop
      vertex 29.8132 30.635 0.8
      vertex 30.3733 30.078 0
      vertex 30.3719 30.0763 0
    endloop
  endfacet
  facet normal -0.541815 0.462833 -0.701586
    outer loop
      vertex 30.3733 30.078 0
      vertex 29.8132 30.635 0.8
      vertex 29.9304 30.7722 0.8
    endloop
  endfacet
  facet normal -0.658375 -0.272594 -0.701594
    outer loop
      vertex 30.7287 32.329 0
      vertex 30.8443 32.0498 0
      vertex 30.0247 31.9703 0.8
    endloop
  endfacet
  facet normal 0.692893 -0.166215 -0.701621
    outer loop
      vertex 27.8642 31.6281 0.8
      vertex 27.0843 31.7539 0
      vertex 27.9063 31.8036 0.8
    endloop
  endfacet
  facet normal 0.694546 -0.157851 -0.701918
    outer loop
      vertex 27.0843 31.7539 0
      vertex 27.8642 31.6281 0.8
      vertex 27.0838 31.7517 0
    endloop
  endfacet
  facet normal 0.272863 -0.658266 -0.701592
    outer loop
      vertex 28.3984 33.2925 0
      vertex 28.6446 32.5419 0.8
      vertex 28.4779 32.4728 0.8
    endloop
  endfacet
  facet normal 0.280834 -0.655279 -0.701243
    outer loop
      vertex 28.6446 32.5419 0.8
      vertex 28.3984 33.2925 0
      vertex 28.4005 33.2934 0
    endloop
  endfacet
  facet normal 0.658375 -0.272594 -0.701594
    outer loop
      vertex 27.2713 32.329 0
      vertex 27.9753 31.9703 0.8
      vertex 27.1557 32.0498 0
    endloop
  endfacet
  facet normal -0.452716 0.549726 -0.702033
    outer loop
      vertex 29.676 30.5178 0.8
      vertex 30.1421 29.88 0
      vertex 30.1404 29.8786 0
    endloop
  endfacet
  facet normal -0.462822 0.541802 -0.701603
    outer loop
      vertex 30.1421 29.88 0
      vertex 29.676 30.5178 0.8
      vertex 29.8132 30.635 0.8
    endloop
  endfacet
  facet normal -0.165054 -0.693228 -0.701564
    outer loop
      vertex 29.3554 32.5419 0.8
      vertex 29.5974 33.2939 0
      vertex 29.5995 33.2934 0
    endloop
  endfacet
  facet normal -0.166218 -0.692903 -0.70161
    outer loop
      vertex 29.5974 33.2939 0
      vertex 29.3554 32.5419 0.8
      vertex 29.1799 32.584 0.8
    endloop
  endfacet
  facet normal 0.692888 -0.166265 -0.701614
    outer loop
      vertex 27.1548 32.0477 0
      vertex 27.9063 31.8036 0.8
      vertex 27.0843 31.7539 0
    endloop
  endfacet
  facet normal -0.602816 -0.380726 -0.701186
    outer loop
      vertex 30.0247 31.9703 0.8
      vertex 30.7275 32.3309 0
      vertex 30.7287 32.329 0
    endloop
  endfacet
  facet normal -0.607495 -0.372476 -0.701578
    outer loop
      vertex 30.7275 32.3309 0
      vertex 30.0247 31.9703 0.8
      vertex 29.9304 32.1241 0.8
    endloop
  endfacet
  facet normal -0.655279 -0.280834 -0.701243
    outer loop
      vertex 30.0937 31.8036 0.8
      vertex 30.8443 32.0498 0
      vertex 30.8452 32.0477 0
    endloop
  endfacet
  facet normal -0.658393 -0.27252 -0.701606
    outer loop
      vertex 30.8443 32.0498 0
      vertex 30.0937 31.8036 0.8
      vertex 30.0247 31.9703 0.8
    endloop
  endfacet
  facet normal 0.166218 -0.692903 -0.70161
    outer loop
      vertex 28.6446 32.5419 0.8
      vertex 28.4026 33.2939 0
      vertex 28.8201 32.584 0.8
    endloop
  endfacet
  facet normal 0.165054 -0.693228 -0.701564
    outer loop
      vertex 28.4026 33.2939 0
      vertex 28.6446 32.5419 0.8
      vertex 28.4005 33.2934 0
    endloop
  endfacet
  facet normal 0.710346 -0.056111 -0.701612
    outer loop
      vertex 27.0838 31.7517 0
      vertex 27.8642 31.6281 0.8
      vertex 27.06 31.4504 0
    endloop
  endfacet
  facet normal -0.693228 0.165054 -0.701564
    outer loop
      vertex 30.0937 31.0928 0.8
      vertex 30.8457 30.8508 0
      vertex 30.8452 30.8487 0
    endloop
  endfacet
  facet normal -0.692903 0.166218 -0.70161
    outer loop
      vertex 30.8457 30.8508 0
      vertex 30.0937 31.0928 0.8
      vertex 30.1358 31.2683 0.8
    endloop
  endfacet
  facet normal 0.462844 -0.541827 -0.701569
    outer loop
      vertex 27.8579 33.0163 0
      vertex 28.324 32.3786 0.8
      vertex 28.1868 32.2614 0.8
    endloop
  endfacet
  facet normal 0.471785 -0.53469 -0.701089
    outer loop
      vertex 28.324 32.3786 0.8
      vertex 27.8579 33.0163 0
      vertex 27.8596 33.0178 0
    endloop
  endfacet
  facet normal -0.272594 0.658375 -0.701594
    outer loop
      vertex 29.8808 29.7195 0
      vertex 29.6016 29.6039 0
      vertex 29.5221 30.4235 0.8
    endloop
  endfacet
  facet normal -0.165054 0.693228 -0.701564
    outer loop
      vertex 29.5974 29.6025 0
      vertex 29.3554 30.3545 0.8
      vertex 29.5995 29.603 0
    endloop
  endfacet
  facet normal -0.166588 0.6928 -0.701625
    outer loop
      vertex 29.3554 30.3545 0.8
      vertex 29.5974 29.6025 0
      vertex 29.1799 30.3123 0.8
    endloop
  endfacet
  facet normal 0.462688 -0.541925 -0.701596
    outer loop
      vertex 27.8579 33.0163 0
      vertex 28.1868 32.2614 0.8
      vertex 27.6281 32.8201 0
    endloop
  endfacet
  facet normal 0.166437 0.692861 -0.7016
    outer loop
      vertex 28.8201 30.3123 0.8
      vertex 28.6965 29.5319 0
      vertex 28.4026 29.6025 0
    endloop
  endfacet
  facet normal 0.166212 -0.692906 -0.701609
    outer loop
      vertex 28.6965 33.3644 0
      vertex 28.8201 32.584 0.8
      vertex 28.4026 33.2939 0
    endloop
  endfacet
  facet normal 0.711124 0.0323238 -0.702324
    outer loop
      vertex 27.85 31.4482 0.8
      vertex 27.06 31.446 0
      vertex 27.0599 31.4482 0
    endloop
  endfacet
  facet normal 0.710343 0.0560694 -0.701618
    outer loop
      vertex 27.06 31.446 0
      vertex 27.85 31.4482 0.8
      vertex 27.8642 31.2683 0.8
    endloop
  endfacet
  facet normal 0.280834 0.655279 -0.701243
    outer loop
      vertex 28.3984 29.6039 0
      vertex 28.6446 30.3545 0.8
      vertex 28.4005 29.603 0
    endloop
  endfacet
  facet normal 0.27252 0.658393 -0.701606
    outer loop
      vertex 28.6446 30.3545 0.8
      vertex 28.3984 29.6039 0
      vertex 28.4779 30.4235 0.8
    endloop
  endfacet
  facet normal 0.272594 0.658375 -0.701594
    outer loop
      vertex 28.4779 30.4235 0.8
      vertex 28.3984 29.6039 0
      vertex 28.1192 29.7195 0
    endloop
  endfacet
  facet normal 0.607596 0.372296 -0.701586
    outer loop
      vertex 27.2725 30.5655 0
      vertex 27.9753 30.9261 0.8
      vertex 28.0696 30.7722 0.8
    endloop
  endfacet
  facet normal 0.602816 0.380726 -0.701186
    outer loop
      vertex 27.9753 30.9261 0.8
      vertex 27.2725 30.5655 0
      vertex 27.2713 30.5674 0
    endloop
  endfacet
  facet normal 0.607598 0.372292 -0.701586
    outer loop
      vertex 28.0696 30.7722 0.8
      vertex 27.4304 30.3078 0
      vertex 27.2725 30.5655 0
    endloop
  endfacet
  facet normal 0.658393 -0.27252 -0.701606
    outer loop
      vertex 27.9063 31.8036 0.8
      vertex 27.1557 32.0498 0
      vertex 27.9753 31.9703 0.8
    endloop
  endfacet
  facet normal 0.655279 -0.280834 -0.701243
    outer loop
      vertex 27.1557 32.0498 0
      vertex 27.9063 31.8036 0.8
      vertex 27.1548 32.0477 0
    endloop
  endfacet
  facet normal -0 0 1
    outer loop
      vertex -39.85 5.45 2.2
      vertex 39.85 3.95 2.2
      vertex 39.85 5.45 2.2
    endloop
  endfacet
  facet normal 0 0 1
    outer loop
      vertex 39.85 3.95 2.2
      vertex -39.85 5.45 2.2
      vertex -39.85 3.95 2.2
    endloop
  endfacet
endsolid OpenSCAD_Model
