solid OpenSCAD_Model
  facet normal -0.97237 -0.233447 0
    outer loop
      vertex -2.37764 -0.772542 0
      vertex -2.46922 -0.391086 3
      vertex -2.46922 -0.391086 0
    endloop
  endfacet
  facet normal -0.97237 -0.233447 0
    outer loop
      vertex -2.46922 -0.391086 3
      vertex -2.37764 -0.772542 0
      vertex -2.37764 -0.772542 3
    endloop
  endfacet
  facet normal 0.97237 0.233447 0
    outer loop
      vertex 2.46922 0.391086 3
      vertex 2.37764 0.772542 0
      vertex 2.37764 0.772542 3
    endloop
  endfacet
  facet normal 0.97237 0.233447 0
    outer loop
      vertex 2.37764 0.772542 0
      vertex 2.46922 0.391086 3
      vertex 2.46922 0.391086 0
    endloop
  endfacet
  facet normal 0.996917 0.0784613 0
    outer loop
      vertex 2.5 0 3
      vertex 2.46922 0.391086 0
      vertex 2.46922 0.391086 3
    endloop
  endfacet
  facet normal 0.996917 0.0784613 0
    outer loop
      vertex 2.46922 0.391086 0
      vertex 2.5 0 3
      vertex 2.5 0 0
    endloop
  endfacet
  facet normal 0.923886 0.382669 0
    outer loop
      vertex 2.37764 0.772542 3
      vertex 2.22752 1.13498 0
      vertex 2.22752 1.13498 3
    endloop
  endfacet
  facet normal 0.923886 0.382669 0
    outer loop
      vertex 2.22752 1.13498 0
      vertex 2.37764 0.772542 3
      vertex 2.37764 0.772542 0
    endloop
  endfacet
  facet normal 0.382669 -0.923886 0
    outer loop
      vertex 0.772542 -2.37764 0
      vertex 1.13498 -2.22752 3
      vertex 0.772542 -2.37764 3
    endloop
  endfacet
  facet normal 0.382669 -0.923886 0
    outer loop
      vertex 1.13498 -2.22752 3
      vertex 0.772542 -2.37764 0
      vertex 1.13498 -2.22752 0
    endloop
  endfacet
  facet normal 0.852628 -0.522518 0
    outer loop
      vertex 2.02254 -1.46946 3
      vertex 2.22752 -1.13498 0
      vertex 2.22752 -1.13498 3
    endloop
  endfacet
  facet normal 0.852628 -0.522518 0
    outer loop
      vertex 2.22752 -1.13498 0
      vertex 2.02254 -1.46946 3
      vertex 2.02254 -1.46946 0
    endloop
  endfacet
  facet normal -0.649432 0.76042 0
    outer loop
      vertex -1.46946 2.02254 0
      vertex -1.76777 1.76777 3
      vertex -1.46946 2.02254 3
    endloop
  endfacet
  facet normal -0.649432 0.76042 0
    outer loop
      vertex -1.76777 1.76777 3
      vertex -1.46946 2.02254 0
      vertex -1.76777 1.76777 0
    endloop
  endfacet
  facet normal -0.382669 0.923886 0
    outer loop
      vertex -0.772542 2.37764 0
      vertex -1.13498 2.22752 3
      vertex -0.772542 2.37764 3
    endloop
  endfacet
  facet normal -0.382669 0.923886 0
    outer loop
      vertex -1.13498 2.22752 3
      vertex -0.772542 2.37764 0
      vertex -1.13498 2.22752 0
    endloop
  endfacet
  facet normal 0.76042 -0.649432 0
    outer loop
      vertex 1.76777 -1.76777 3
      vertex 2.02254 -1.46946 0
      vertex 2.02254 -1.46946 3
    endloop
  endfacet
  facet normal 0.76042 -0.649432 0
    outer loop
      vertex 2.02254 -1.46946 0
      vertex 1.76777 -1.76777 3
      vertex 1.76777 -1.76777 0
    endloop
  endfacet
  facet normal 0.996917 -0.0784613 0
    outer loop
      vertex 2.46922 -0.391086 3
      vertex 2.5 0 0
      vertex 2.5 0 3
    endloop
  endfacet
  facet normal 0.996917 -0.0784613 0
    outer loop
      vertex 2.5 0 0
      vertex 2.46922 -0.391086 3
      vertex 2.46922 -0.391086 0
    endloop
  endfacet
  facet normal 0.923886 -0.382669 0
    outer loop
      vertex 2.22752 -1.13498 3
      vertex 2.37764 -0.772542 0
      vertex 2.37764 -0.772542 3
    endloop
  endfacet
  facet normal 0.923886 -0.382669 0
    outer loop
      vertex 2.37764 -0.772542 0
      vertex 2.22752 -1.13498 3
      vertex 2.22752 -1.13498 0
    endloop
  endfacet
  facet normal -0.923886 -0.382669 0
    outer loop
      vertex -2.22752 -1.13498 0
      vertex -2.37764 -0.772542 3
      vertex -2.37764 -0.772542 0
    endloop
  endfacet
  facet normal -0.923886 -0.382669 0
    outer loop
      vertex -2.37764 -0.772542 3
      vertex -2.22752 -1.13498 0
      vertex -2.22752 -1.13498 3
    endloop
  endfacet
  facet normal -0.996917 0.0784613 0
    outer loop
      vertex -2.5 0 0
      vertex -2.46922 0.391086 3
      vertex -2.46922 0.391086 0
    endloop
  endfacet
  facet normal -0.996917 0.0784613 0
    outer loop
      vertex -2.46922 0.391086 3
      vertex -2.5 0 0
      vertex -2.5 0 3
    endloop
  endfacet
  facet normal -0.97237 0.233447 0
    outer loop
      vertex -2.46922 0.391086 0
      vertex -2.37764 0.772542 3
      vertex -2.37764 0.772542 0
    endloop
  endfacet
  facet normal -0.97237 0.233447 0
    outer loop
      vertex -2.37764 0.772542 3
      vertex -2.46922 0.391086 0
      vertex -2.46922 0.391086 3
    endloop
  endfacet
  facet normal 0.233447 0.97237 -0
    outer loop
      vertex 0.772542 2.37764 0
      vertex 0.391086 2.46922 3
      vertex 0.772542 2.37764 3
    endloop
  endfacet
  facet normal 0.233447 0.97237 0
    outer loop
      vertex 0.391086 2.46922 3
      vertex 0.772542 2.37764 0
      vertex 0.391086 2.46922 0
    endloop
  endfacet
  facet normal -0.0784613 0.996917 0
    outer loop
      vertex 0 2.5 0
      vertex -0.391086 2.46922 3
      vertex 0 2.5 3
    endloop
  endfacet
  facet normal -0.0784613 0.996917 0
    outer loop
      vertex -0.391086 2.46922 3
      vertex 0 2.5 0
      vertex -0.391086 2.46922 0
    endloop
  endfacet
  facet normal -0.76042 -0.649432 0
    outer loop
      vertex -1.76777 -1.76777 0
      vertex -2.02254 -1.46946 3
      vertex -2.02254 -1.46946 0
    endloop
  endfacet
  facet normal -0.76042 -0.649432 0
    outer loop
      vertex -2.02254 -1.46946 3
      vertex -1.76777 -1.76777 0
      vertex -1.76777 -1.76777 3
    endloop
  endfacet
  facet normal -0.233447 -0.97237 0
    outer loop
      vertex -0.772542 -2.37764 0
      vertex -0.391086 -2.46922 3
      vertex -0.772542 -2.37764 3
    endloop
  endfacet
  facet normal -0.233447 -0.97237 -0
    outer loop
      vertex -0.391086 -2.46922 3
      vertex -0.772542 -2.37764 0
      vertex -0.391086 -2.46922 0
    endloop
  endfacet
  facet normal -0.649432 -0.76042 0
    outer loop
      vertex -1.76777 -1.76777 0
      vertex -1.46946 -2.02254 3
      vertex -1.76777 -1.76777 3
    endloop
  endfacet
  facet normal -0.649432 -0.76042 -0
    outer loop
      vertex -1.46946 -2.02254 3
      vertex -1.76777 -1.76777 0
      vertex -1.46946 -2.02254 0
    endloop
  endfacet
  facet normal 0.852628 0.522518 0
    outer loop
      vertex 2.22752 1.13498 3
      vertex 2.02254 1.46946 0
      vertex 2.02254 1.46946 3
    endloop
  endfacet
  facet normal 0.852628 0.522518 0
    outer loop
      vertex 2.02254 1.46946 0
      vertex 2.22752 1.13498 3
      vertex 2.22752 1.13498 0
    endloop
  endfacet
  facet normal -0.923886 0.382669 0
    outer loop
      vertex -2.37764 0.772542 0
      vertex -2.22752 1.13498 3
      vertex -2.22752 1.13498 0
    endloop
  endfacet
  facet normal -0.923886 0.382669 0
    outer loop
      vertex -2.22752 1.13498 3
      vertex -2.37764 0.772542 0
      vertex -2.37764 0.772542 3
    endloop
  endfacet
  facet normal -0.522518 0.852628 0
    outer loop
      vertex -1.13498 2.22752 0
      vertex -1.46946 2.02254 3
      vertex -1.13498 2.22752 3
    endloop
  endfacet
  facet normal -0.522518 0.852628 0
    outer loop
      vertex -1.46946 2.02254 3
      vertex -1.13498 2.22752 0
      vertex -1.46946 2.02254 0
    endloop
  endfacet
  facet normal -0.0784613 -0.996917 0
    outer loop
      vertex -0.391086 -2.46922 0
      vertex 0 -2.5 3
      vertex -0.391086 -2.46922 3
    endloop
  endfacet
  facet normal -0.0784613 -0.996917 -0
    outer loop
      vertex 0 -2.5 3
      vertex -0.391086 -2.46922 0
      vertex 0 -2.5 0
    endloop
  endfacet
  facet normal 0.522518 0.852628 -0
    outer loop
      vertex 1.46946 2.02254 0
      vertex 1.13498 2.22752 3
      vertex 1.46946 2.02254 3
    endloop
  endfacet
  facet normal 0.522518 0.852628 0
    outer loop
      vertex 1.13498 2.22752 3
      vertex 1.46946 2.02254 0
      vertex 1.13498 2.22752 0
    endloop
  endfacet
  facet normal 0.522518 -0.852628 0
    outer loop
      vertex 1.13498 -2.22752 0
      vertex 1.46946 -2.02254 3
      vertex 1.13498 -2.22752 3
    endloop
  endfacet
  facet normal 0.522518 -0.852628 0
    outer loop
      vertex 1.46946 -2.02254 3
      vertex 1.13498 -2.22752 0
      vertex 1.46946 -2.02254 0
    endloop
  endfacet
  facet normal -0.76042 0.649432 0
    outer loop
      vertex -2.02254 1.46946 0
      vertex -1.76777 1.76777 3
      vertex -1.76777 1.76777 0
    endloop
  endfacet
  facet normal -0.76042 0.649432 0
    outer loop
      vertex -1.76777 1.76777 3
      vertex -2.02254 1.46946 0
      vertex -2.02254 1.46946 3
    endloop
  endfacet
  facet normal -0.233447 0.97237 0
    outer loop
      vertex -0.391086 2.46922 0
      vertex -0.772542 2.37764 3
      vertex -0.391086 2.46922 3
    endloop
  endfacet
  facet normal -0.233447 0.97237 0
    outer loop
      vertex -0.772542 2.37764 3
      vertex -0.391086 2.46922 0
      vertex -0.772542 2.37764 0
    endloop
  endfacet
  facet normal 0 0 -1
    outer loop
      vertex 1.8 0 0
      vertex 2.5 0 0
      vertex 2.46922 -0.391086 0
    endloop
  endfacet
  facet normal 0 0 -1
    outer loop
      vertex 1.77784 -0.281582 0
      vertex 2.46922 -0.391086 0
      vertex 2.37764 -0.772542 0
    endloop
  endfacet
  facet normal 0 0 -1
    outer loop
      vertex 2.5 0 0
      vertex 1.8 0 0
      vertex 2.46922 0.391086 0
    endloop
  endfacet
  facet normal 0 0 -1
    outer loop
      vertex 1.7119 -0.556231 0
      vertex 2.37764 -0.772542 0
      vertex 2.22752 -1.13498 0
    endloop
  endfacet
  facet normal 0 0 -1
    outer loop
      vertex 1.77784 0.281582 0
      vertex 2.46922 0.391086 0
      vertex 1.8 0 0
    endloop
  endfacet
  facet normal 0 0 -1
    outer loop
      vertex 1.60381 -0.817183 0
      vertex 2.22752 -1.13498 0
      vertex 2.02254 -1.46946 0
    endloop
  endfacet
  facet normal -0 0 -1
    outer loop
      vertex 2.46922 0.391086 0
      vertex 1.77784 0.281582 0
      vertex 2.37764 0.772542 0
    endloop
  endfacet
  facet normal 0 0 -1
    outer loop
      vertex 1.7119 0.556231 0
      vertex 2.37764 0.772542 0
      vertex 1.77784 0.281582 0
    endloop
  endfacet
  facet normal 0 0 -1
    outer loop
      vertex 2.46922 -0.391086 0
      vertex 1.77784 -0.281582 0
      vertex 1.8 0 0
    endloop
  endfacet
  facet normal 0 0 -1
    outer loop
      vertex 1.45623 -1.05801 0
      vertex 2.02254 -1.46946 0
      vertex 1.76777 -1.76777 0
    endloop
  endfacet
  facet normal 0 0 -1
    outer loop
      vertex 2.37764 -0.772542 0
      vertex 1.7119 -0.556231 0
      vertex 1.77784 -0.281582 0
    endloop
  endfacet
  facet normal 0 0 -1
    outer loop
      vertex 2.22752 -1.13498 0
      vertex 1.60381 -0.817183 0
      vertex 1.7119 -0.556231 0
    endloop
  endfacet
  facet normal 0 0 -1
    outer loop
      vertex 1.27279 -1.27279 0
      vertex 1.76777 -1.76777 0
      vertex 1.46946 -2.02254 0
    endloop
  endfacet
  facet normal 0 0 -1
    outer loop
      vertex 2.02254 -1.46946 0
      vertex 1.45623 -1.05801 0
      vertex 1.60381 -0.817183 0
    endloop
  endfacet
  facet normal 0 0 -1
    outer loop
      vertex 1.76777 -1.76777 0
      vertex 1.27279 -1.27279 0
      vertex 1.45623 -1.05801 0
    endloop
  endfacet
  facet normal 0 0 -1
    outer loop
      vertex 1.05801 -1.45623 0
      vertex 1.46946 -2.02254 0
      vertex 1.13498 -2.22752 0
    endloop
  endfacet
  facet normal 0 0 -1
    outer loop
      vertex 1.46946 -2.02254 0
      vertex 1.05801 -1.45623 0
      vertex 1.27279 -1.27279 0
    endloop
  endfacet
  facet normal 0 0 -1
    outer loop
      vertex 1.13498 -2.22752 0
      vertex 0.817183 -1.60381 0
      vertex 1.05801 -1.45623 0
    endloop
  endfacet
  facet normal 0 0 -1
    outer loop
      vertex 0.772542 -2.37764 0
      vertex 0.817183 -1.60381 0
      vertex 1.13498 -2.22752 0
    endloop
  endfacet
  facet normal 0 0 -1
    outer loop
      vertex 0.772542 -2.37764 0
      vertex 0.556231 -1.7119 0
      vertex 0.817183 -1.60381 0
    endloop
  endfacet
  facet normal 0 0 -1
    outer loop
      vertex 0.391086 -2.46922 0
      vertex 0.556231 -1.7119 0
      vertex 0.772542 -2.37764 0
    endloop
  endfacet
  facet normal 0 0 -1
    outer loop
      vertex 0.391086 -2.46922 0
      vertex 0.281582 -1.77784 0
      vertex 0.556231 -1.7119 0
    endloop
  endfacet
  facet normal 0 0 -1
    outer loop
      vertex 0 -2.5 0
      vertex 0.281582 -1.77784 0
      vertex 0.391086 -2.46922 0
    endloop
  endfacet
  facet normal 0 0 -1
    outer loop
      vertex 0 -2.5 0
      vertex 0 -1.8 0
      vertex 0.281582 -1.77784 0
    endloop
  endfacet
  facet normal 0 0 -1
    outer loop
      vertex 0 -2.5 0
      vertex -0.281582 -1.77784 0
      vertex 0 -1.8 0
    endloop
  endfacet
  facet normal 0 0 -1
    outer loop
      vertex -0.391086 -2.46922 0
      vertex -0.281582 -1.77784 0
      vertex 0 -2.5 0
    endloop
  endfacet
  facet normal 0 0 -1
    outer loop
      vertex -0.391086 -2.46922 0
      vertex -0.556231 -1.7119 0
      vertex -0.281582 -1.77784 0
    endloop
  endfacet
  facet normal 0 0 -1
    outer loop
      vertex -0.772542 -2.37764 0
      vertex -0.556231 -1.7119 0
      vertex -0.391086 -2.46922 0
    endloop
  endfacet
  facet normal 0 0 -1
    outer loop
      vertex -0.772542 -2.37764 0
      vertex -0.817183 -1.60381 0
      vertex -0.556231 -1.7119 0
    endloop
  endfacet
  facet normal 0 0 -1
    outer loop
      vertex -1.13498 -2.22752 0
      vertex -0.817183 -1.60381 0
      vertex -0.772542 -2.37764 0
    endloop
  endfacet
  facet normal -0 0 -1
    outer loop
      vertex -0.817183 -1.60381 0
      vertex -1.13498 -2.22752 0
      vertex -1.05801 -1.45623 0
    endloop
  endfacet
  facet normal 0 0 -1
    outer loop
      vertex -1.46946 -2.02254 0
      vertex -1.05801 -1.45623 0
      vertex -1.13498 -2.22752 0
    endloop
  endfacet
  facet normal -0 0 -1
    outer loop
      vertex -1.05801 -1.45623 0
      vertex -1.46946 -2.02254 0
      vertex -1.27279 -1.27279 0
    endloop
  endfacet
  facet normal 0 0 -1
    outer loop
      vertex -1.76777 -1.76777 0
      vertex -1.27279 -1.27279 0
      vertex -1.46946 -2.02254 0
    endloop
  endfacet
  facet normal -0 0 -1
    outer loop
      vertex -1.27279 -1.27279 0
      vertex -1.76777 -1.76777 0
      vertex -1.45623 -1.05801 0
    endloop
  endfacet
  facet normal 0 0 -1
    outer loop
      vertex -2.02254 -1.46946 0
      vertex -1.45623 -1.05801 0
      vertex -1.76777 -1.76777 0
    endloop
  endfacet
  facet normal -0 0 -1
    outer loop
      vertex -1.45623 -1.05801 0
      vertex -2.02254 -1.46946 0
      vertex -1.60381 -0.817183 0
    endloop
  endfacet
  facet normal 0 0 -1
    outer loop
      vertex -2.22752 -1.13498 0
      vertex -1.60381 -0.817183 0
      vertex -2.02254 -1.46946 0
    endloop
  endfacet
  facet normal -0 0 -1
    outer loop
      vertex -1.60381 -0.817183 0
      vertex -2.22752 -1.13498 0
      vertex -1.7119 -0.556231 0
    endloop
  endfacet
  facet normal 0 0 -1
    outer loop
      vertex -2.37764 -0.772542 0
      vertex -1.7119 -0.556231 0
      vertex -2.22752 -1.13498 0
    endloop
  endfacet
  facet normal -0 0 -1
    outer loop
      vertex 2.37764 0.772542 0
      vertex 1.7119 0.556231 0
      vertex 2.22752 1.13498 0
    endloop
  endfacet
  facet normal 0 0 -1
    outer loop
      vertex 1.60381 0.817183 0
      vertex 2.22752 1.13498 0
      vertex 1.7119 0.556231 0
    endloop
  endfacet
  facet normal -0 0 -1
    outer loop
      vertex 2.22752 1.13498 0
      vertex 1.60381 0.817183 0
      vertex 2.02254 1.46946 0
    endloop
  endfacet
  facet normal 0 0 -1
    outer loop
      vertex 1.45623 1.05801 0
      vertex 2.02254 1.46946 0
      vertex 1.60381 0.817183 0
    endloop
  endfacet
  facet normal -0 0 -1
    outer loop
      vertex 2.02254 1.46946 0
      vertex 1.45623 1.05801 0
      vertex 1.76777 1.76777 0
    endloop
  endfacet
  facet normal 0 0 -1
    outer loop
      vertex 1.27279 1.27279 0
      vertex 1.76777 1.76777 0
      vertex 1.45623 1.05801 0
    endloop
  endfacet
  facet normal -0 0 -1
    outer loop
      vertex 1.76777 1.76777 0
      vertex 1.27279 1.27279 0
      vertex 1.46946 2.02254 0
    endloop
  endfacet
  facet normal 0 0 -1
    outer loop
      vertex 1.05801 1.45623 0
      vertex 1.46946 2.02254 0
      vertex 1.27279 1.27279 0
    endloop
  endfacet
  facet normal -0 0 -1
    outer loop
      vertex 1.46946 2.02254 0
      vertex 1.05801 1.45623 0
      vertex 1.13498 2.22752 0
    endloop
  endfacet
  facet normal 0 0 -1
    outer loop
      vertex 0.817183 1.60381 0
      vertex 1.13498 2.22752 0
      vertex 1.05801 1.45623 0
    endloop
  endfacet
  facet normal 0 0 -1
    outer loop
      vertex 0.817183 1.60381 0
      vertex 0.772542 2.37764 0
      vertex 1.13498 2.22752 0
    endloop
  endfacet
  facet normal 0 0 -1
    outer loop
      vertex 0.556231 1.7119 0
      vertex 0.772542 2.37764 0
      vertex 0.817183 1.60381 0
    endloop
  endfacet
  facet normal 0 0 -1
    outer loop
      vertex 0.556231 1.7119 0
      vertex 0.391086 2.46922 0
      vertex 0.772542 2.37764 0
    endloop
  endfacet
  facet normal 0 0 -1
    outer loop
      vertex 0.281582 1.77784 0
      vertex 0.391086 2.46922 0
      vertex 0.556231 1.7119 0
    endloop
  endfacet
  facet normal 0 0 -1
    outer loop
      vertex 0 1.8 0
      vertex 0.391086 2.46922 0
      vertex 0.281582 1.77784 0
    endloop
  endfacet
  facet normal 0 0 -1
    outer loop
      vertex 0 1.8 0
      vertex 0 2.5 0
      vertex 0.391086 2.46922 0
    endloop
  endfacet
  facet normal 0 0 -1
    outer loop
      vertex -0.281582 1.77784 0
      vertex 0 2.5 0
      vertex 0 1.8 0
    endloop
  endfacet
  facet normal 0 0 -1
    outer loop
      vertex -0.281582 1.77784 0
      vertex -0.391086 2.46922 0
      vertex 0 2.5 0
    endloop
  endfacet
  facet normal 0 0 -1
    outer loop
      vertex -0.556231 1.7119 0
      vertex -0.391086 2.46922 0
      vertex -0.281582 1.77784 0
    endloop
  endfacet
  facet normal 0 0 -1
    outer loop
      vertex -0.556231 1.7119 0
      vertex -0.772542 2.37764 0
      vertex -0.391086 2.46922 0
    endloop
  endfacet
  facet normal 0 0 -1
    outer loop
      vertex -0.817183 1.60381 0
      vertex -0.772542 2.37764 0
      vertex -0.556231 1.7119 0
    endloop
  endfacet
  facet normal 0 0 -1
    outer loop
      vertex -1.13498 2.22752 0
      vertex -0.817183 1.60381 0
      vertex -1.05801 1.45623 0
    endloop
  endfacet
  facet normal 0 0 -1
    outer loop
      vertex -0.817183 1.60381 0
      vertex -1.13498 2.22752 0
      vertex -0.772542 2.37764 0
    endloop
  endfacet
  facet normal 0 0 -1
    outer loop
      vertex -1.46946 2.02254 0
      vertex -1.05801 1.45623 0
      vertex -1.27279 1.27279 0
    endloop
  endfacet
  facet normal 0 0 -1
    outer loop
      vertex -1.76777 1.76777 0
      vertex -1.27279 1.27279 0
      vertex -1.45623 1.05801 0
    endloop
  endfacet
  facet normal 0 0 -1
    outer loop
      vertex -1.05801 1.45623 0
      vertex -1.46946 2.02254 0
      vertex -1.13498 2.22752 0
    endloop
  endfacet
  facet normal 0 0 -1
    outer loop
      vertex -2.02254 1.46946 0
      vertex -1.45623 1.05801 0
      vertex -1.60381 0.817183 0
    endloop
  endfacet
  facet normal 0 0 -1
    outer loop
      vertex -2.22752 1.13498 0
      vertex -1.60381 0.817183 0
      vertex -1.7119 0.556231 0
    endloop
  endfacet
  facet normal 0 0 -1
    outer loop
      vertex -1.27279 1.27279 0
      vertex -1.76777 1.76777 0
      vertex -1.46946 2.02254 0
    endloop
  endfacet
  facet normal 0 0 -1
    outer loop
      vertex -2.37764 0.772542 0
      vertex -1.7119 0.556231 0
      vertex -1.77784 0.281582 0
    endloop
  endfacet
  facet normal 0 0 -1
    outer loop
      vertex -2.46922 0.391086 0
      vertex -1.77784 0.281582 0
      vertex -1.8 0 0
    endloop
  endfacet
  facet normal -0 0 -1
    outer loop
      vertex -1.7119 -0.556231 0
      vertex -2.37764 -0.772542 0
      vertex -1.77784 -0.281582 0
    endloop
  endfacet
  facet normal 0 0 -1
    outer loop
      vertex -1.45623 1.05801 0
      vertex -2.02254 1.46946 0
      vertex -1.76777 1.76777 0
    endloop
  endfacet
  facet normal 0 0 -1
    outer loop
      vertex -2.46922 -0.391086 0
      vertex -1.77784 -0.281582 0
      vertex -2.37764 -0.772542 0
    endloop
  endfacet
  facet normal 0 0 -1
    outer loop
      vertex -1.60381 0.817183 0
      vertex -2.22752 1.13498 0
      vertex -2.02254 1.46946 0
    endloop
  endfacet
  facet normal -0 0 -1
    outer loop
      vertex -1.77784 -0.281582 0
      vertex -2.46922 -0.391086 0
      vertex -1.8 0 0
    endloop
  endfacet
  facet normal 0 0 -1
    outer loop
      vertex -1.7119 0.556231 0
      vertex -2.37764 0.772542 0
      vertex -2.22752 1.13498 0
    endloop
  endfacet
  facet normal 0 0 -1
    outer loop
      vertex -2.5 0 0
      vertex -1.8 0 0
      vertex -2.46922 -0.391086 0
    endloop
  endfacet
  facet normal 0 0 -1
    outer loop
      vertex -1.77784 0.281582 0
      vertex -2.46922 0.391086 0
      vertex -2.37764 0.772542 0
    endloop
  endfacet
  facet normal 0 0 -1
    outer loop
      vertex -1.8 0 0
      vertex -2.5 0 0
      vertex -2.46922 0.391086 0
    endloop
  endfacet
  facet normal -0.522518 -0.852628 0
    outer loop
      vertex -1.46946 -2.02254 0
      vertex -1.13498 -2.22752 3
      vertex -1.46946 -2.02254 3
    endloop
  endfacet
  facet normal -0.522518 -0.852628 -0
    outer loop
      vertex -1.13498 -2.22752 3
      vertex -1.46946 -2.02254 0
      vertex -1.13498 -2.22752 0
    endloop
  endfacet
  facet normal 0.76042 0.649432 0
    outer loop
      vertex 2.02254 1.46946 3
      vertex 1.76777 1.76777 0
      vertex 1.76777 1.76777 3
    endloop
  endfacet
  facet normal 0.76042 0.649432 0
    outer loop
      vertex 1.76777 1.76777 0
      vertex 2.02254 1.46946 3
      vertex 2.02254 1.46946 0
    endloop
  endfacet
  facet normal 0.649432 0.76042 -0
    outer loop
      vertex 1.76777 1.76777 0
      vertex 1.46946 2.02254 3
      vertex 1.76777 1.76777 3
    endloop
  endfacet
  facet normal 0.649432 0.76042 0
    outer loop
      vertex 1.46946 2.02254 3
      vertex 1.76777 1.76777 0
      vertex 1.46946 2.02254 0
    endloop
  endfacet
  facet normal 0 0 1
    outer loop
      vertex 2.46922 0.391086 3
      vertex 2.46922 -0.391086 3
      vertex 2.5 0 3
    endloop
  endfacet
  facet normal 0 0 1
    outer loop
      vertex 2.37764 0.772542 3
      vertex 2.46922 -0.391086 3
      vertex 2.46922 0.391086 3
    endloop
  endfacet
  facet normal 0 0 1
    outer loop
      vertex 2.37764 0.772542 3
      vertex 2.37764 -0.772542 3
      vertex 2.46922 -0.391086 3
    endloop
  endfacet
  facet normal 0 0 1
    outer loop
      vertex 2.22752 1.13498 3
      vertex 2.37764 -0.772542 3
      vertex 2.37764 0.772542 3
    endloop
  endfacet
  facet normal 0 0 1
    outer loop
      vertex 2.22752 1.13498 3
      vertex 2.22752 -1.13498 3
      vertex 2.37764 -0.772542 3
    endloop
  endfacet
  facet normal 0 0 1
    outer loop
      vertex 2.02254 1.46946 3
      vertex 2.22752 -1.13498 3
      vertex 2.22752 1.13498 3
    endloop
  endfacet
  facet normal 0 0 1
    outer loop
      vertex 2.02254 1.46946 3
      vertex 2.02254 -1.46946 3
      vertex 2.22752 -1.13498 3
    endloop
  endfacet
  facet normal 0 0 1
    outer loop
      vertex 1.76777 1.76777 3
      vertex 2.02254 -1.46946 3
      vertex 2.02254 1.46946 3
    endloop
  endfacet
  facet normal 0 0 1
    outer loop
      vertex 1.76777 1.76777 3
      vertex 1.76777 -1.76777 3
      vertex 2.02254 -1.46946 3
    endloop
  endfacet
  facet normal 0 0 1
    outer loop
      vertex 1.46946 2.02254 3
      vertex 1.76777 -1.76777 3
      vertex 1.76777 1.76777 3
    endloop
  endfacet
  facet normal 0 0 1
    outer loop
      vertex 1.46946 2.02254 3
      vertex 1.46946 -2.02254 3
      vertex 1.76777 -1.76777 3
    endloop
  endfacet
  facet normal 0 0 1
    outer loop
      vertex 1.13498 2.22752 3
      vertex 1.46946 -2.02254 3
      vertex 1.46946 2.02254 3
    endloop
  endfacet
  facet normal 0 0 1
    outer loop
      vertex 1.13498 2.22752 3
      vertex 1.13498 -2.22752 3
      vertex 1.46946 -2.02254 3
    endloop
  endfacet
  facet normal 0 0 1
    outer loop
      vertex 0.772542 2.37764 3
      vertex 1.13498 -2.22752 3
      vertex 1.13498 2.22752 3
    endloop
  endfacet
  facet normal 0 0 1
    outer loop
      vertex 0.772542 2.37764 3
      vertex 0.772542 -2.37764 3
      vertex 1.13498 -2.22752 3
    endloop
  endfacet
  facet normal 0 0 1
    outer loop
      vertex 0.391086 2.46922 3
      vertex 0.772542 -2.37764 3
      vertex 0.772542 2.37764 3
    endloop
  endfacet
  facet normal 0 0 1
    outer loop
      vertex 0.391086 2.46922 3
      vertex 0.391086 -2.46922 3
      vertex 0.772542 -2.37764 3
    endloop
  endfacet
  facet normal 0 0 1
    outer loop
      vertex 0 2.5 3
      vertex 0.391086 -2.46922 3
      vertex 0.391086 2.46922 3
    endloop
  endfacet
  facet normal 0 0 1
    outer loop
      vertex 0 2.5 3
      vertex 0 -2.5 3
      vertex 0.391086 -2.46922 3
    endloop
  endfacet
  facet normal -0 0 1
    outer loop
      vertex -0.391086 2.46922 3
      vertex 0 -2.5 3
      vertex 0 2.5 3
    endloop
  endfacet
  facet normal 0 0 1
    outer loop
      vertex -0.391086 2.46922 3
      vertex -0.391086 -2.46922 3
      vertex 0 -2.5 3
    endloop
  endfacet
  facet normal -0 0 1
    outer loop
      vertex -0.772542 2.37764 3
      vertex -0.391086 -2.46922 3
      vertex -0.391086 2.46922 3
    endloop
  endfacet
  facet normal 0 0 1
    outer loop
      vertex -0.772542 2.37764 3
      vertex -0.772542 -2.37764 3
      vertex -0.391086 -2.46922 3
    endloop
  endfacet
  facet normal -0 0 1
    outer loop
      vertex -1.13498 2.22752 3
      vertex -0.772542 -2.37764 3
      vertex -0.772542 2.37764 3
    endloop
  endfacet
  facet normal 0 0 1
    outer loop
      vertex -1.13498 2.22752 3
      vertex -1.13498 -2.22752 3
      vertex -0.772542 -2.37764 3
    endloop
  endfacet
  facet normal -0 0 1
    outer loop
      vertex -1.46946 2.02254 3
      vertex -1.13498 -2.22752 3
      vertex -1.13498 2.22752 3
    endloop
  endfacet
  facet normal 0 0 1
    outer loop
      vertex -1.46946 2.02254 3
      vertex -1.46946 -2.02254 3
      vertex -1.13498 -2.22752 3
    endloop
  endfacet
  facet normal -0 0 1
    outer loop
      vertex -1.76777 1.76777 3
      vertex -1.46946 -2.02254 3
      vertex -1.46946 2.02254 3
    endloop
  endfacet
  facet normal 0 0 1
    outer loop
      vertex -1.76777 1.76777 3
      vertex -1.76777 -1.76777 3
      vertex -1.46946 -2.02254 3
    endloop
  endfacet
  facet normal -0 0 1
    outer loop
      vertex -2.02254 1.46946 3
      vertex -1.76777 -1.76777 3
      vertex -1.76777 1.76777 3
    endloop
  endfacet
  facet normal 0 0 1
    outer loop
      vertex -2.02254 1.46946 3
      vertex -2.02254 -1.46946 3
      vertex -1.76777 -1.76777 3
    endloop
  endfacet
  facet normal -0 0 1
    outer loop
      vertex -2.22752 1.13498 3
      vertex -2.02254 -1.46946 3
      vertex -2.02254 1.46946 3
    endloop
  endfacet
  facet normal 0 0 1
    outer loop
      vertex -2.22752 1.13498 3
      vertex -2.22752 -1.13498 3
      vertex -2.02254 -1.46946 3
    endloop
  endfacet
  facet normal -0 0 1
    outer loop
      vertex -2.37764 0.772542 3
      vertex -2.22752 -1.13498 3
      vertex -2.22752 1.13498 3
    endloop
  endfacet
  facet normal 0 0 1
    outer loop
      vertex -2.37764 0.772542 3
      vertex -2.37764 -0.772542 3
      vertex -2.22752 -1.13498 3
    endloop
  endfacet
  facet normal -0 0 1
    outer loop
      vertex -2.46922 0.391086 3
      vertex -2.37764 -0.772542 3
      vertex -2.37764 0.772542 3
    endloop
  endfacet
  facet normal 0 0 1
    outer loop
      vertex -2.46922 0.391086 3
      vertex -2.46922 -0.391086 3
      vertex -2.37764 -0.772542 3
    endloop
  endfacet
  facet normal 0 -0 1
    outer loop
      vertex -2.46922 -0.391086 3
      vertex -2.46922 0.391086 3
      vertex -2.5 0 3
    endloop
  endfacet
  facet normal 0.0784613 -0.996917 0
    outer loop
      vertex 0 -2.5 0
      vertex 0.391086 -2.46922 3
      vertex 0 -2.5 3
    endloop
  endfacet
  facet normal 0.0784613 -0.996917 0
    outer loop
      vertex 0.391086 -2.46922 3
      vertex 0 -2.5 0
      vertex 0.391086 -2.46922 0
    endloop
  endfacet
  facet normal -0.382669 -0.923886 0
    outer loop
      vertex -1.13498 -2.22752 0
      vertex -0.772542 -2.37764 3
      vertex -1.13498 -2.22752 3
    endloop
  endfacet
  facet normal -0.382669 -0.923886 -0
    outer loop
      vertex -0.772542 -2.37764 3
      vertex -1.13498 -2.22752 0
      vertex -0.772542 -2.37764 0
    endloop
  endfacet
  facet normal -0.852628 -0.522518 0
    outer loop
      vertex -2.02254 -1.46946 0
      vertex -2.22752 -1.13498 3
      vertex -2.22752 -1.13498 0
    endloop
  endfacet
  facet normal -0.852628 -0.522518 0
    outer loop
      vertex -2.22752 -1.13498 3
      vertex -2.02254 -1.46946 0
      vertex -2.02254 -1.46946 3
    endloop
  endfacet
  facet normal 0.233447 -0.97237 0
    outer loop
      vertex 0.391086 -2.46922 0
      vertex 0.772542 -2.37764 3
      vertex 0.391086 -2.46922 3
    endloop
  endfacet
  facet normal 0.233447 -0.97237 0
    outer loop
      vertex 0.772542 -2.37764 3
      vertex 0.391086 -2.46922 0
      vertex 0.772542 -2.37764 0
    endloop
  endfacet
  facet normal 0.649432 -0.76042 0
    outer loop
      vertex 1.46946 -2.02254 0
      vertex 1.76777 -1.76777 3
      vertex 1.46946 -2.02254 3
    endloop
  endfacet
  facet normal 0.649432 -0.76042 0
    outer loop
      vertex 1.76777 -1.76777 3
      vertex 1.46946 -2.02254 0
      vertex 1.76777 -1.76777 0
    endloop
  endfacet
  facet normal -0.996917 -0.0784613 0
    outer loop
      vertex -2.46922 -0.391086 0
      vertex -2.5 0 3
      vertex -2.5 0 0
    endloop
  endfacet
  facet normal -0.996917 -0.0784613 0
    outer loop
      vertex -2.5 0 3
      vertex -2.46922 -0.391086 0
      vertex -2.46922 -0.391086 3
    endloop
  endfacet
  facet normal 0.97237 -0.233447 0
    outer loop
      vertex 2.37764 -0.772542 3
      vertex 2.46922 -0.391086 0
      vertex 2.46922 -0.391086 3
    endloop
  endfacet
  facet normal 0.97237 -0.233447 0
    outer loop
      vertex 2.46922 -0.391086 0
      vertex 2.37764 -0.772542 3
      vertex 2.37764 -0.772542 0
    endloop
  endfacet
  facet normal 0.382669 0.923886 -0
    outer loop
      vertex 1.13498 2.22752 0
      vertex 0.772542 2.37764 3
      vertex 1.13498 2.22752 3
    endloop
  endfacet
  facet normal 0.382669 0.923886 0
    outer loop
      vertex 0.772542 2.37764 3
      vertex 1.13498 2.22752 0
      vertex 0.772542 2.37764 0
    endloop
  endfacet
  facet normal 0.0784613 0.996917 -0
    outer loop
      vertex 0.391086 2.46922 0
      vertex 0 2.5 3
      vertex 0.391086 2.46922 3
    endloop
  endfacet
  facet normal 0.0784613 0.996917 0
    outer loop
      vertex 0 2.5 3
      vertex 0.391086 2.46922 0
      vertex 0 2.5 0
    endloop
  endfacet
  facet normal -0.852628 0.522518 0
    outer loop
      vertex -2.22752 1.13498 0
      vertex -2.02254 1.46946 3
      vertex -2.02254 1.46946 0
    endloop
  endfacet
  facet normal -0.852628 0.522518 0
    outer loop
      vertex -2.02254 1.46946 3
      vertex -2.22752 1.13498 0
      vertex -2.22752 1.13498 3
    endloop
  endfacet
  facet normal -0.972368 -0.233454 0
    outer loop
      vertex 1.77784 0.281582 0
      vertex 1.7119 0.556231 0.589999
      vertex 1.7119 0.556231 0
    endloop
  endfacet
  facet normal -0.972368 -0.233454 0
    outer loop
      vertex 1.7119 0.556231 0.589999
      vertex 1.77784 0.281582 0
      vertex 1.77784 0.281582 0.589999
    endloop
  endfacet
  facet normal -0.996918 -0.0784556 0
    outer loop
      vertex 1.8 0 0
      vertex 1.77784 0.281582 0.589999
      vertex 1.77784 0.281582 0
    endloop
  endfacet
  facet normal -0.996918 -0.0784556 0
    outer loop
      vertex 1.77784 0.281582 0.589999
      vertex 1.8 0 0
      vertex 1.8 0 0.589999
    endloop
  endfacet
  facet normal -0.760405 -0.649449 0
    outer loop
      vertex 1.45623 1.05801 0
      vertex 1.27279 1.27279 0.589999
      vertex 1.27279 1.27279 0
    endloop
  endfacet
  facet normal -0.760405 -0.649449 0
    outer loop
      vertex 1.27279 1.27279 0.589999
      vertex 1.45623 1.05801 0
      vertex 1.45623 1.05801 0.589999
    endloop
  endfacet
  facet normal 0.923879 0.382684 0
    outer loop
      vertex -1.60381 -0.817183 0.589999
      vertex -1.7119 -0.556231 0
      vertex -1.7119 -0.556231 0.589999
    endloop
  endfacet
  facet normal 0.923879 0.382684 0
    outer loop
      vertex -1.7119 -0.556231 0
      vertex -1.60381 -0.817183 0.589999
      vertex -1.60381 -0.817183 0
    endloop
  endfacet
  facet normal 0.760405 0.649449 0
    outer loop
      vertex -1.27279 -1.27279 0.589999
      vertex -1.45623 -1.05801 0
      vertex -1.45623 -1.05801 0.589999
    endloop
  endfacet
  facet normal 0.760405 0.649449 0
    outer loop
      vertex -1.45623 -1.05801 0
      vertex -1.27279 -1.27279 0.589999
      vertex -1.27279 -1.27279 0
    endloop
  endfacet
  facet normal -0.996918 0.0784556 0
    outer loop
      vertex 1.77784 -0.281582 0
      vertex 1.8 0 0.589999
      vertex 1.8 0 0
    endloop
  endfacet
  facet normal -0.996918 0.0784556 0
    outer loop
      vertex 1.8 0 0.589999
      vertex 1.77784 -0.281582 0
      vertex 1.77784 -0.281582 0.589999
    endloop
  endfacet
  facet normal 0.760405 -0.649449 0
    outer loop
      vertex -1.45623 1.05801 0.589999
      vertex -1.27279 1.27279 0
      vertex -1.27279 1.27279 0.589999
    endloop
  endfacet
  facet normal 0.760405 -0.649449 0
    outer loop
      vertex -1.27279 1.27279 0
      vertex -1.45623 1.05801 0.589999
      vertex -1.45623 1.05801 0
    endloop
  endfacet
  facet normal 0.972368 0.233454 0
    outer loop
      vertex -1.7119 -0.556231 0.589999
      vertex -1.77784 -0.281582 0
      vertex -1.77784 -0.281582 0.589999
    endloop
  endfacet
  facet normal 0.972368 0.233454 0
    outer loop
      vertex -1.77784 -0.281582 0
      vertex -1.7119 -0.556231 0.589999
      vertex -1.7119 -0.556231 0
    endloop
  endfacet
  facet normal 0.972368 -0.233454 0
    outer loop
      vertex -1.77784 0.281582 0.589999
      vertex -1.7119 0.556231 0
      vertex -1.7119 0.556231 0.589999
    endloop
  endfacet
  facet normal 0.972368 -0.233454 0
    outer loop
      vertex -1.7119 0.556231 0
      vertex -1.77784 0.281582 0.589999
      vertex -1.77784 0.281582 0
    endloop
  endfacet
  facet normal -0.233454 -0.972368 0
    outer loop
      vertex 0.281582 1.77784 0
      vertex 0.556231 1.7119 0.589999
      vertex 0.281582 1.77784 0.589999
    endloop
  endfacet
  facet normal -0.233454 -0.972368 -0
    outer loop
      vertex 0.556231 1.7119 0.589999
      vertex 0.281582 1.77784 0
      vertex 0.556231 1.7119 0
    endloop
  endfacet
  facet normal 0.382684 -0.923879 0
    outer loop
      vertex -0.817183 1.60381 0
      vertex -0.556231 1.7119 0.589999
      vertex -0.817183 1.60381 0.589999
    endloop
  endfacet
  facet normal 0.382684 -0.923879 0
    outer loop
      vertex -0.556231 1.7119 0.589999
      vertex -0.817183 1.60381 0
      vertex -0.556231 1.7119 0
    endloop
  endfacet
  facet normal -0.522501 0.852639 0
    outer loop
      vertex 1.05801 -1.45623 0
      vertex 0.817183 -1.60381 0.589999
      vertex 1.05801 -1.45623 0.589999
    endloop
  endfacet
  facet normal -0.522501 0.852639 0
    outer loop
      vertex 0.817183 -1.60381 0.589999
      vertex 1.05801 -1.45623 0
      vertex 0.817183 -1.60381 0
    endloop
  endfacet
  facet normal -0.382684 -0.923879 0
    outer loop
      vertex 0.556231 1.7119 0
      vertex 0.817183 1.60381 0.589999
      vertex 0.556231 1.7119 0.589999
    endloop
  endfacet
  facet normal -0.382684 -0.923879 -0
    outer loop
      vertex 0.817183 1.60381 0.589999
      vertex 0.556231 1.7119 0
      vertex 0.817183 1.60381 0
    endloop
  endfacet
  facet normal -0.760405 0.649449 0
    outer loop
      vertex 1.27279 -1.27279 0
      vertex 1.45623 -1.05801 0.589999
      vertex 1.45623 -1.05801 0
    endloop
  endfacet
  facet normal -0.760405 0.649449 0
    outer loop
      vertex 1.45623 -1.05801 0.589999
      vertex 1.27279 -1.27279 0
      vertex 1.27279 -1.27279 0.589999
    endloop
  endfacet
  facet normal 0.522501 -0.852639 0
    outer loop
      vertex -1.05801 1.45623 0
      vertex -0.817183 1.60381 0.589999
      vertex -1.05801 1.45623 0.589999
    endloop
  endfacet
  facet normal 0.522501 -0.852639 0
    outer loop
      vertex -0.817183 1.60381 0.589999
      vertex -1.05801 1.45623 0
      vertex -0.817183 1.60381 0
    endloop
  endfacet
  facet normal -0.0784556 0.996918 0
    outer loop
      vertex 0.281582 -1.77784 0
      vertex 0 -1.8 0.589999
      vertex 0.281582 -1.77784 0.589999
    endloop
  endfacet
  facet normal -0.0784556 0.996918 0
    outer loop
      vertex 0 -1.8 0.589999
      vertex 0.281582 -1.77784 0
      vertex 0 -1.8 0
    endloop
  endfacet
  facet normal -0.233454 0.972368 0
    outer loop
      vertex 0.556231 -1.7119 0
      vertex 0.281582 -1.77784 0.589999
      vertex 0.556231 -1.7119 0.589999
    endloop
  endfacet
  facet normal -0.233454 0.972368 0
    outer loop
      vertex 0.281582 -1.77784 0.589999
      vertex 0.556231 -1.7119 0
      vertex 0.281582 -1.77784 0
    endloop
  endfacet
  facet normal 0.382684 0.923879 -0
    outer loop
      vertex -0.556231 -1.7119 0
      vertex -0.817183 -1.60381 0.589999
      vertex -0.556231 -1.7119 0.589999
    endloop
  endfacet
  facet normal 0.382684 0.923879 0
    outer loop
      vertex -0.817183 -1.60381 0.589999
      vertex -0.556231 -1.7119 0
      vertex -0.817183 -1.60381 0
    endloop
  endfacet
  facet normal -0.923879 0.382684 0
    outer loop
      vertex 1.60381 -0.817183 0
      vertex 1.7119 -0.556231 0.589999
      vertex 1.7119 -0.556231 0
    endloop
  endfacet
  facet normal -0.923879 0.382684 0
    outer loop
      vertex 1.7119 -0.556231 0.589999
      vertex 1.60381 -0.817183 0
      vertex 1.60381 -0.817183 0.589999
    endloop
  endfacet
  facet normal -0.852639 0.522501 0
    outer loop
      vertex 1.45623 -1.05801 0
      vertex 1.60381 -0.817183 0.589999
      vertex 1.60381 -0.817183 0
    endloop
  endfacet
  facet normal -0.852639 0.522501 0
    outer loop
      vertex 1.60381 -0.817183 0.589999
      vertex 1.45623 -1.05801 0
      vertex 1.45623 -1.05801 0.589999
    endloop
  endfacet
  facet normal -0.972368 0.233454 0
    outer loop
      vertex 1.7119 -0.556231 0
      vertex 1.77784 -0.281582 0.589999
      vertex 1.77784 -0.281582 0
    endloop
  endfacet
  facet normal -0.972368 0.233454 0
    outer loop
      vertex 1.77784 -0.281582 0.589999
      vertex 1.7119 -0.556231 0
      vertex 1.7119 -0.556231 0.589999
    endloop
  endfacet
  facet normal 0.0784556 0.996918 -0
    outer loop
      vertex 0 -1.8 0
      vertex -0.281582 -1.77784 0.589999
      vertex 0 -1.8 0.589999
    endloop
  endfacet
  facet normal 0.0784556 0.996918 0
    outer loop
      vertex -0.281582 -1.77784 0.589999
      vertex 0 -1.8 0
      vertex -0.281582 -1.77784 0
    endloop
  endfacet
  facet normal -0.852639 -0.522501 0
    outer loop
      vertex 1.60381 0.817183 0
      vertex 1.45623 1.05801 0.589999
      vertex 1.45623 1.05801 0
    endloop
  endfacet
  facet normal -0.852639 -0.522501 0
    outer loop
      vertex 1.45623 1.05801 0.589999
      vertex 1.60381 0.817183 0
      vertex 1.60381 0.817183 0.589999
    endloop
  endfacet
  facet normal -0.649449 0.760405 0
    outer loop
      vertex 1.27279 -1.27279 0
      vertex 1.05801 -1.45623 0.589999
      vertex 1.27279 -1.27279 0.589999
    endloop
  endfacet
  facet normal -0.649449 0.760405 0
    outer loop
      vertex 1.05801 -1.45623 0.589999
      vertex 1.27279 -1.27279 0
      vertex 1.05801 -1.45623 0
    endloop
  endfacet
  facet normal 0.996918 -0.0784556 0
    outer loop
      vertex -1.8 0 0.589999
      vertex -1.77784 0.281582 0
      vertex -1.77784 0.281582 0.589999
    endloop
  endfacet
  facet normal 0.996918 -0.0784556 0
    outer loop
      vertex -1.77784 0.281582 0
      vertex -1.8 0 0.589999
      vertex -1.8 0 0
    endloop
  endfacet
  facet normal 0.649449 -0.760405 0
    outer loop
      vertex -1.27279 1.27279 0
      vertex -1.05801 1.45623 0.589999
      vertex -1.27279 1.27279 0.589999
    endloop
  endfacet
  facet normal 0.649449 -0.760405 0
    outer loop
      vertex -1.05801 1.45623 0.589999
      vertex -1.27279 1.27279 0
      vertex -1.05801 1.45623 0
    endloop
  endfacet
  facet normal -0.649449 -0.760405 0
    outer loop
      vertex 1.05801 1.45623 0
      vertex 1.27279 1.27279 0.589999
      vertex 1.05801 1.45623 0.589999
    endloop
  endfacet
  facet normal -0.649449 -0.760405 -0
    outer loop
      vertex 1.27279 1.27279 0.589999
      vertex 1.05801 1.45623 0
      vertex 1.27279 1.27279 0
    endloop
  endfacet
  facet normal -0.382684 0.923879 0
    outer loop
      vertex 0.817183 -1.60381 0
      vertex 0.556231 -1.7119 0.589999
      vertex 0.817183 -1.60381 0.589999
    endloop
  endfacet
  facet normal -0.382684 0.923879 0
    outer loop
      vertex 0.556231 -1.7119 0.589999
      vertex 0.817183 -1.60381 0
      vertex 0.556231 -1.7119 0
    endloop
  endfacet
  facet normal -0.522501 -0.852639 0
    outer loop
      vertex 0.817183 1.60381 0
      vertex 1.05801 1.45623 0.589999
      vertex 0.817183 1.60381 0.589999
    endloop
  endfacet
  facet normal -0.522501 -0.852639 -0
    outer loop
      vertex 1.05801 1.45623 0.589999
      vertex 0.817183 1.60381 0
      vertex 1.05801 1.45623 0
    endloop
  endfacet
  facet normal 0.233454 -0.972368 0
    outer loop
      vertex -0.556231 1.7119 0
      vertex -0.281582 1.77784 0.589999
      vertex -0.556231 1.7119 0.589999
    endloop
  endfacet
  facet normal 0.233454 -0.972368 0
    outer loop
      vertex -0.281582 1.77784 0.589999
      vertex -0.556231 1.7119 0
      vertex -0.281582 1.77784 0
    endloop
  endfacet
  facet normal 0.0784556 -0.996918 0
    outer loop
      vertex -0.281582 1.77784 0
      vertex 0 1.8 0.589999
      vertex -0.281582 1.77784 0.589999
    endloop
  endfacet
  facet normal 0.0784556 -0.996918 0
    outer loop
      vertex 0 1.8 0.589999
      vertex -0.281582 1.77784 0
      vertex 0 1.8 0
    endloop
  endfacet
  facet normal 0 0 -1
    outer loop
      vertex 1.77784 -0.281582 0.589999
      vertex 1.77784 0.281582 0.589999
      vertex 1.8 0 0.589999
    endloop
  endfacet
  facet normal 0 0 -1
    outer loop
      vertex 1.7119 -0.556231 0.589999
      vertex 1.77784 0.281582 0.589999
      vertex 1.77784 -0.281582 0.589999
    endloop
  endfacet
  facet normal 0 0 -1
    outer loop
      vertex 1.7119 -0.556231 0.589999
      vertex 1.7119 0.556231 0.589999
      vertex 1.77784 0.281582 0.589999
    endloop
  endfacet
  facet normal 0 0 -1
    outer loop
      vertex 1.60381 -0.817183 0.589999
      vertex 1.7119 0.556231 0.589999
      vertex 1.7119 -0.556231 0.589999
    endloop
  endfacet
  facet normal 0 0 -1
    outer loop
      vertex 1.60381 -0.817183 0.589999
      vertex 1.60381 0.817183 0.589999
      vertex 1.7119 0.556231 0.589999
    endloop
  endfacet
  facet normal 0 0 -1
    outer loop
      vertex 1.45623 -1.05801 0.589999
      vertex 1.60381 0.817183 0.589999
      vertex 1.60381 -0.817183 0.589999
    endloop
  endfacet
  facet normal 0 0 -1
    outer loop
      vertex 1.45623 -1.05801 0.589999
      vertex 1.45623 1.05801 0.589999
      vertex 1.60381 0.817183 0.589999
    endloop
  endfacet
  facet normal 0 0 -1
    outer loop
      vertex 1.27279 -1.27279 0.589999
      vertex 1.45623 1.05801 0.589999
      vertex 1.45623 -1.05801 0.589999
    endloop
  endfacet
  facet normal 0 0 -1
    outer loop
      vertex 1.27279 -1.27279 0.589999
      vertex 1.27279 1.27279 0.589999
      vertex 1.45623 1.05801 0.589999
    endloop
  endfacet
  facet normal 0 0 -1
    outer loop
      vertex 1.05801 -1.45623 0.589999
      vertex 1.27279 1.27279 0.589999
      vertex 1.27279 -1.27279 0.589999
    endloop
  endfacet
  facet normal 0 0 -1
    outer loop
      vertex 1.05801 -1.45623 0.589999
      vertex 1.05801 1.45623 0.589999
      vertex 1.27279 1.27279 0.589999
    endloop
  endfacet
  facet normal 0 0 -1
    outer loop
      vertex 0.817183 -1.60381 0.589999
      vertex 1.05801 1.45623 0.589999
      vertex 1.05801 -1.45623 0.589999
    endloop
  endfacet
  facet normal 0 0 -1
    outer loop
      vertex 0.817183 -1.60381 0.589999
      vertex 0.817183 1.60381 0.589999
      vertex 1.05801 1.45623 0.589999
    endloop
  endfacet
  facet normal 0 0 -1
    outer loop
      vertex 0.556231 -1.7119 0.589999
      vertex 0.817183 1.60381 0.589999
      vertex 0.817183 -1.60381 0.589999
    endloop
  endfacet
  facet normal 0 0 -1
    outer loop
      vertex 0.556231 -1.7119 0.589999
      vertex 0.556231 1.7119 0.589999
      vertex 0.817183 1.60381 0.589999
    endloop
  endfacet
  facet normal 0 0 -1
    outer loop
      vertex 0.281582 -1.77784 0.589999
      vertex 0.556231 1.7119 0.589999
      vertex 0.556231 -1.7119 0.589999
    endloop
  endfacet
  facet normal 0 0 -1
    outer loop
      vertex 0.281582 -1.77784 0.589999
      vertex 0.281582 1.77784 0.589999
      vertex 0.556231 1.7119 0.589999
    endloop
  endfacet
  facet normal 0 0 -1
    outer loop
      vertex 0 -1.8 0.589999
      vertex 0.281582 1.77784 0.589999
      vertex 0.281582 -1.77784 0.589999
    endloop
  endfacet
  facet normal 0 0 -1
    outer loop
      vertex 0 -1.8 0.589999
      vertex 0 1.8 0.589999
      vertex 0.281582 1.77784 0.589999
    endloop
  endfacet
  facet normal 0 0 -1
    outer loop
      vertex -0.281582 -1.77784 0.589999
      vertex 0 1.8 0.589999
      vertex 0 -1.8 0.589999
    endloop
  endfacet
  facet normal 0 0 -1
    outer loop
      vertex -0.281582 -1.77784 0.589999
      vertex -0.281582 1.77784 0.589999
      vertex 0 1.8 0.589999
    endloop
  endfacet
  facet normal 0 0 -1
    outer loop
      vertex -0.556231 -1.7119 0.589999
      vertex -0.281582 1.77784 0.589999
      vertex -0.281582 -1.77784 0.589999
    endloop
  endfacet
  facet normal 0 0 -1
    outer loop
      vertex -0.556231 -1.7119 0.589999
      vertex -0.556231 1.7119 0.589999
      vertex -0.281582 1.77784 0.589999
    endloop
  endfacet
  facet normal 0 0 -1
    outer loop
      vertex -0.817183 -1.60381 0.589999
      vertex -0.556231 1.7119 0.589999
      vertex -0.556231 -1.7119 0.589999
    endloop
  endfacet
  facet normal 0 0 -1
    outer loop
      vertex -0.817183 -1.60381 0.589999
      vertex -0.817183 1.60381 0.589999
      vertex -0.556231 1.7119 0.589999
    endloop
  endfacet
  facet normal 0 0 -1
    outer loop
      vertex -1.05801 -1.45623 0.589999
      vertex -0.817183 1.60381 0.589999
      vertex -0.817183 -1.60381 0.589999
    endloop
  endfacet
  facet normal 0 0 -1
    outer loop
      vertex -1.05801 -1.45623 0.589999
      vertex -1.05801 1.45623 0.589999
      vertex -0.817183 1.60381 0.589999
    endloop
  endfacet
  facet normal 0 0 -1
    outer loop
      vertex -1.27279 -1.27279 0.589999
      vertex -1.05801 1.45623 0.589999
      vertex -1.05801 -1.45623 0.589999
    endloop
  endfacet
  facet normal 0 0 -1
    outer loop
      vertex -1.27279 -1.27279 0.589999
      vertex -1.27279 1.27279 0.589999
      vertex -1.05801 1.45623 0.589999
    endloop
  endfacet
  facet normal 0 0 -1
    outer loop
      vertex -1.45623 -1.05801 0.589999
      vertex -1.27279 1.27279 0.589999
      vertex -1.27279 -1.27279 0.589999
    endloop
  endfacet
  facet normal 0 0 -1
    outer loop
      vertex -1.45623 -1.05801 0.589999
      vertex -1.45623 1.05801 0.589999
      vertex -1.27279 1.27279 0.589999
    endloop
  endfacet
  facet normal 0 0 -1
    outer loop
      vertex -1.60381 -0.817183 0.589999
      vertex -1.45623 1.05801 0.589999
      vertex -1.45623 -1.05801 0.589999
    endloop
  endfacet
  facet normal 0 0 -1
    outer loop
      vertex -1.60381 -0.817183 0.589999
      vertex -1.60381 0.817183 0.589999
      vertex -1.45623 1.05801 0.589999
    endloop
  endfacet
  facet normal 0 0 -1
    outer loop
      vertex -1.7119 -0.556231 0.589999
      vertex -1.60381 0.817183 0.589999
      vertex -1.60381 -0.817183 0.589999
    endloop
  endfacet
  facet normal 0 0 -1
    outer loop
      vertex -1.7119 -0.556231 0.589999
      vertex -1.7119 0.556231 0.589999
      vertex -1.60381 0.817183 0.589999
    endloop
  endfacet
  facet normal 0 0 -1
    outer loop
      vertex -1.77784 -0.281582 0.589999
      vertex -1.7119 0.556231 0.589999
      vertex -1.7119 -0.556231 0.589999
    endloop
  endfacet
  facet normal 0 0 -1
    outer loop
      vertex -1.77784 -0.281582 0.589999
      vertex -1.77784 0.281582 0.589999
      vertex -1.7119 0.556231 0.589999
    endloop
  endfacet
  facet normal 0 -0 -1
    outer loop
      vertex -1.77784 0.281582 0.589999
      vertex -1.77784 -0.281582 0.589999
      vertex -1.8 0 0.589999
    endloop
  endfacet
  facet normal 0.996918 0.0784556 0
    outer loop
      vertex -1.77784 -0.281582 0.589999
      vertex -1.8 0 0
      vertex -1.8 0 0.589999
    endloop
  endfacet
  facet normal 0.996918 0.0784556 0
    outer loop
      vertex -1.8 0 0
      vertex -1.77784 -0.281582 0.589999
      vertex -1.77784 -0.281582 0
    endloop
  endfacet
  facet normal -0.923879 -0.382684 0
    outer loop
      vertex 1.7119 0.556231 0
      vertex 1.60381 0.817183 0.589999
      vertex 1.60381 0.817183 0
    endloop
  endfacet
  facet normal -0.923879 -0.382684 0
    outer loop
      vertex 1.60381 0.817183 0.589999
      vertex 1.7119 0.556231 0
      vertex 1.7119 0.556231 0.589999
    endloop
  endfacet
  facet normal 0.852639 -0.522501 0
    outer loop
      vertex -1.60381 0.817183 0.589999
      vertex -1.45623 1.05801 0
      vertex -1.45623 1.05801 0.589999
    endloop
  endfacet
  facet normal 0.852639 -0.522501 0
    outer loop
      vertex -1.45623 1.05801 0
      vertex -1.60381 0.817183 0.589999
      vertex -1.60381 0.817183 0
    endloop
  endfacet
  facet normal 0.233454 0.972368 -0
    outer loop
      vertex -0.281582 -1.77784 0
      vertex -0.556231 -1.7119 0.589999
      vertex -0.281582 -1.77784 0.589999
    endloop
  endfacet
  facet normal 0.233454 0.972368 0
    outer loop
      vertex -0.556231 -1.7119 0.589999
      vertex -0.281582 -1.77784 0
      vertex -0.556231 -1.7119 0
    endloop
  endfacet
  facet normal -0.0784556 -0.996918 0
    outer loop
      vertex 0 1.8 0
      vertex 0.281582 1.77784 0.589999
      vertex 0 1.8 0.589999
    endloop
  endfacet
  facet normal -0.0784556 -0.996918 -0
    outer loop
      vertex 0.281582 1.77784 0.589999
      vertex 0 1.8 0
      vertex 0.281582 1.77784 0
    endloop
  endfacet
  facet normal 0.852639 0.522501 0
    outer loop
      vertex -1.45623 -1.05801 0.589999
      vertex -1.60381 -0.817183 0
      vertex -1.60381 -0.817183 0.589999
    endloop
  endfacet
  facet normal 0.852639 0.522501 0
    outer loop
      vertex -1.60381 -0.817183 0
      vertex -1.45623 -1.05801 0.589999
      vertex -1.45623 -1.05801 0
    endloop
  endfacet
  facet normal 0.649449 0.760405 -0
    outer loop
      vertex -1.05801 -1.45623 0
      vertex -1.27279 -1.27279 0.589999
      vertex -1.05801 -1.45623 0.589999
    endloop
  endfacet
  facet normal 0.649449 0.760405 0
    outer loop
      vertex -1.27279 -1.27279 0.589999
      vertex -1.05801 -1.45623 0
      vertex -1.27279 -1.27279 0
    endloop
  endfacet
  facet normal 0.923879 -0.382684 0
    outer loop
      vertex -1.7119 0.556231 0.589999
      vertex -1.60381 0.817183 0
      vertex -1.60381 0.817183 0.589999
    endloop
  endfacet
  facet normal 0.923879 -0.382684 0
    outer loop
      vertex -1.60381 0.817183 0
      vertex -1.7119 0.556231 0.589999
      vertex -1.7119 0.556231 0
    endloop
  endfacet
  facet normal 0.522501 0.852639 -0
    outer loop
      vertex -0.817183 -1.60381 0
      vertex -1.05801 -1.45623 0.589999
      vertex -0.817183 -1.60381 0.589999
    endloop
  endfacet
  facet normal 0.522501 0.852639 0
    outer loop
      vertex -1.05801 -1.45623 0.589999
      vertex -0.817183 -1.60381 0
      vertex -1.05801 -1.45623 0
    endloop
  endfacet
  facet normal -0.97237 -0.233447 0
    outer loop
      vertex 5.62236 -0.772542 0
      vertex 5.53078 -0.391086 2
      vertex 5.53078 -0.391086 0
    endloop
  endfacet
  facet normal -0.97237 -0.233447 0
    outer loop
      vertex 5.53078 -0.391086 2
      vertex 5.62236 -0.772542 0
      vertex 5.62236 -0.772542 2
    endloop
  endfacet
  facet normal 0.972358 0.233495 0
    outer loop
      vertex 10.4692 0.391086 2
      vertex 10.3776 0.772542 0
      vertex 10.3776 0.772542 2
    endloop
  endfacet
  facet normal 0.972358 0.233495 0
    outer loop
      vertex 10.3776 0.772542 0
      vertex 10.4692 0.391086 2
      vertex 10.4692 0.391086 0
    endloop
  endfacet
  facet normal 0.996913 0.078512 0
    outer loop
      vertex 10.5 0 2
      vertex 10.4692 0.391086 0
      vertex 10.4692 0.391086 2
    endloop
  endfacet
  facet normal 0.996913 0.078512 0
    outer loop
      vertex 10.4692 0.391086 0
      vertex 10.5 0 2
      vertex 10.5 0 0
    endloop
  endfacet
  facet normal 0.923904 0.382625 0
    outer loop
      vertex 10.3776 0.772542 2
      vertex 10.2275 1.13498 0
      vertex 10.2275 1.13498 2
    endloop
  endfacet
  facet normal 0.923904 0.382625 0
    outer loop
      vertex 10.2275 1.13498 0
      vertex 10.3776 0.772542 2
      vertex 10.3776 0.772542 0
    endloop
  endfacet
  facet normal 0.382667 -0.923886 0
    outer loop
      vertex 8.77254 -2.37764 0
      vertex 9.13498 -2.22752 2
      vertex 8.77254 -2.37764 2
    endloop
  endfacet
  facet normal 0.382667 -0.923886 0
    outer loop
      vertex 9.13498 -2.22752 2
      vertex 8.77254 -2.37764 0
      vertex 9.13498 -2.22752 0
    endloop
  endfacet
  facet normal 0.852606 -0.522555 0
    outer loop
      vertex 10.0225 -1.46946 2
      vertex 10.2275 -1.13498 0
      vertex 10.2275 -1.13498 2
    endloop
  endfacet
  facet normal 0.852606 -0.522555 0
    outer loop
      vertex 10.2275 -1.13498 0
      vertex 10.0225 -1.46946 2
      vertex 10.0225 -1.46946 0
    endloop
  endfacet
  facet normal -0.649432 0.76042 0
    outer loop
      vertex 6.53054 2.02254 0
      vertex 6.23223 1.76777 2
      vertex 6.53054 2.02254 2
    endloop
  endfacet
  facet normal -0.649432 0.76042 0
    outer loop
      vertex 6.23223 1.76777 2
      vertex 6.53054 2.02254 0
      vertex 6.23223 1.76777 0
    endloop
  endfacet
  facet normal -0.382667 0.923886 0
    outer loop
      vertex 7.22746 2.37764 0
      vertex 6.86502 2.22752 2
      vertex 7.22746 2.37764 2
    endloop
  endfacet
  facet normal -0.382667 0.923886 0
    outer loop
      vertex 6.86502 2.22752 2
      vertex 7.22746 2.37764 0
      vertex 6.86502 2.22752 0
    endloop
  endfacet
  facet normal 0.76047 -0.649373 0
    outer loop
      vertex 9.76777 -1.76777 2
      vertex 10.0225 -1.46946 0
      vertex 10.0225 -1.46946 2
    endloop
  endfacet
  facet normal 0.76047 -0.649373 0
    outer loop
      vertex 10.0225 -1.46946 0
      vertex 9.76777 -1.76777 2
      vertex 9.76777 -1.76777 0
    endloop
  endfacet
  facet normal 0.996913 -0.078512 0
    outer loop
      vertex 10.4692 -0.391086 2
      vertex 10.5 0 0
      vertex 10.5 0 2
    endloop
  endfacet
  facet normal 0.996913 -0.078512 0
    outer loop
      vertex 10.5 0 0
      vertex 10.4692 -0.391086 2
      vertex 10.4692 -0.391086 0
    endloop
  endfacet
  facet normal 0.923904 -0.382625 0
    outer loop
      vertex 10.2275 -1.13498 2
      vertex 10.3776 -0.772542 0
      vertex 10.3776 -0.772542 2
    endloop
  endfacet
  facet normal 0.923904 -0.382625 0
    outer loop
      vertex 10.3776 -0.772542 0
      vertex 10.2275 -1.13498 2
      vertex 10.2275 -1.13498 0
    endloop
  endfacet
  facet normal -0.923886 -0.382669 0
    outer loop
      vertex 5.77248 -1.13498 0
      vertex 5.62236 -0.772542 2
      vertex 5.62236 -0.772542 0
    endloop
  endfacet
  facet normal -0.923886 -0.382669 0
    outer loop
      vertex 5.62236 -0.772542 2
      vertex 5.77248 -1.13498 0
      vertex 5.77248 -1.13498 2
    endloop
  endfacet
  facet normal -0.996917 0.0784613 0
    outer loop
      vertex 5.5 0 0
      vertex 5.53078 0.391086 2
      vertex 5.53078 0.391086 0
    endloop
  endfacet
  facet normal -0.996917 0.0784613 0
    outer loop
      vertex 5.53078 0.391086 2
      vertex 5.5 0 0
      vertex 5.5 0 2
    endloop
  endfacet
  facet normal -0.97237 0.233447 0
    outer loop
      vertex 5.53078 0.391086 0
      vertex 5.62236 0.772542 2
      vertex 5.62236 0.772542 0
    endloop
  endfacet
  facet normal -0.97237 0.233447 0
    outer loop
      vertex 5.62236 0.772542 2
      vertex 5.53078 0.391086 0
      vertex 5.53078 0.391086 2
    endloop
  endfacet
  facet normal 0.23345 0.972369 -0
    outer loop
      vertex 8.77254 2.37764 0
      vertex 8.39109 2.46922 2
      vertex 8.77254 2.37764 2
    endloop
  endfacet
  facet normal 0.23345 0.972369 0
    outer loop
      vertex 8.39109 2.46922 2
      vertex 8.77254 2.37764 0
      vertex 8.39109 2.46922 0
    endloop
  endfacet
  facet normal -0.0784605 0.996917 0
    outer loop
      vertex 8 2.5 0
      vertex 7.60891 2.46922 2
      vertex 8 2.5 2
    endloop
  endfacet
  facet normal -0.0784605 0.996917 0
    outer loop
      vertex 7.60891 2.46922 2
      vertex 8 2.5 0
      vertex 7.60891 2.46922 0
    endloop
  endfacet
  facet normal -0.76042 -0.649432 0
    outer loop
      vertex 6.23223 -1.76777 0
      vertex 5.97746 -1.46946 2
      vertex 5.97746 -1.46946 0
    endloop
  endfacet
  facet normal -0.76042 -0.649432 0
    outer loop
      vertex 5.97746 -1.46946 2
      vertex 6.23223 -1.76777 0
      vertex 6.23223 -1.76777 2
    endloop
  endfacet
  facet normal -0.23345 -0.972369 0
    outer loop
      vertex 7.22746 -2.37764 0
      vertex 7.60891 -2.46922 2
      vertex 7.22746 -2.37764 2
    endloop
  endfacet
  facet normal -0.23345 -0.972369 -0
    outer loop
      vertex 7.60891 -2.46922 2
      vertex 7.22746 -2.37764 0
      vertex 7.60891 -2.46922 0
    endloop
  endfacet
  facet normal -0.649432 -0.76042 0
    outer loop
      vertex 6.23223 -1.76777 0
      vertex 6.53054 -2.02254 2
      vertex 6.23223 -1.76777 2
    endloop
  endfacet
  facet normal -0.649432 -0.76042 -0
    outer loop
      vertex 6.53054 -2.02254 2
      vertex 6.23223 -1.76777 0
      vertex 6.53054 -2.02254 0
    endloop
  endfacet
  facet normal 0.852606 0.522555 0
    outer loop
      vertex 10.2275 1.13498 2
      vertex 10.0225 1.46946 0
      vertex 10.0225 1.46946 2
    endloop
  endfacet
  facet normal 0.852606 0.522555 0
    outer loop
      vertex 10.0225 1.46946 0
      vertex 10.2275 1.13498 2
      vertex 10.2275 1.13498 0
    endloop
  endfacet
  facet normal -0.923886 0.382669 0
    outer loop
      vertex 5.62236 0.772542 0
      vertex 5.77248 1.13498 2
      vertex 5.77248 1.13498 0
    endloop
  endfacet
  facet normal -0.923886 0.382669 0
    outer loop
      vertex 5.77248 1.13498 2
      vertex 5.62236 0.772542 0
      vertex 5.62236 0.772542 2
    endloop
  endfacet
  facet normal -0.522518 0.852628 0
    outer loop
      vertex 6.86502 2.22752 0
      vertex 6.53054 2.02254 2
      vertex 6.86502 2.22752 2
    endloop
  endfacet
  facet normal -0.522518 0.852628 0
    outer loop
      vertex 6.53054 2.02254 2
      vertex 6.86502 2.22752 0
      vertex 6.53054 2.02254 0
    endloop
  endfacet
  facet normal -0.0784605 -0.996917 0
    outer loop
      vertex 7.60891 -2.46922 0
      vertex 8 -2.5 2
      vertex 7.60891 -2.46922 2
    endloop
  endfacet
  facet normal -0.0784605 -0.996917 -0
    outer loop
      vertex 8 -2.5 2
      vertex 7.60891 -2.46922 0
      vertex 8 -2.5 0
    endloop
  endfacet
  facet normal 0.522518 0.852628 -0
    outer loop
      vertex 9.46946 2.02254 0
      vertex 9.13498 2.22752 2
      vertex 9.46946 2.02254 2
    endloop
  endfacet
  facet normal 0.522518 0.852628 0
    outer loop
      vertex 9.13498 2.22752 2
      vertex 9.46946 2.02254 0
      vertex 9.13498 2.22752 0
    endloop
  endfacet
  facet normal 0.522518 -0.852628 0
    outer loop
      vertex 9.13498 -2.22752 0
      vertex 9.46946 -2.02254 2
      vertex 9.13498 -2.22752 2
    endloop
  endfacet
  facet normal 0.522518 -0.852628 0
    outer loop
      vertex 9.46946 -2.02254 2
      vertex 9.13498 -2.22752 0
      vertex 9.46946 -2.02254 0
    endloop
  endfacet
  facet normal -0.76042 0.649432 0
    outer loop
      vertex 5.97746 1.46946 0
      vertex 6.23223 1.76777 2
      vertex 6.23223 1.76777 0
    endloop
  endfacet
  facet normal -0.76042 0.649432 0
    outer loop
      vertex 6.23223 1.76777 2
      vertex 5.97746 1.46946 0
      vertex 5.97746 1.46946 2
    endloop
  endfacet
  facet normal -0.23345 0.972369 0
    outer loop
      vertex 7.60891 2.46922 0
      vertex 7.22746 2.37764 2
      vertex 7.60891 2.46922 2
    endloop
  endfacet
  facet normal -0.23345 0.972369 0
    outer loop
      vertex 7.22746 2.37764 2
      vertex 7.60891 2.46922 0
      vertex 7.22746 2.37764 0
    endloop
  endfacet
  facet normal 0 0 -1
    outer loop
      vertex 9.8 0 0
      vertex 10.5 0 0
      vertex 10.4692 -0.391086 0
    endloop
  endfacet
  facet normal 0 0 -1
    outer loop
      vertex 9.77784 -0.281582 0
      vertex 10.4692 -0.391086 0
      vertex 10.3776 -0.772542 0
    endloop
  endfacet
  facet normal 0 0 -1
    outer loop
      vertex 10.5 0 0
      vertex 9.8 0 0
      vertex 10.4692 0.391086 0
    endloop
  endfacet
  facet normal 0 0 -1
    outer loop
      vertex 9.7119 -0.556231 0
      vertex 10.3776 -0.772542 0
      vertex 10.2275 -1.13498 0
    endloop
  endfacet
  facet normal 0 0 -1
    outer loop
      vertex 9.77784 0.281582 0
      vertex 10.4692 0.391086 0
      vertex 9.8 0 0
    endloop
  endfacet
  facet normal 0 0 -1
    outer loop
      vertex 9.60381 -0.817183 0
      vertex 10.2275 -1.13498 0
      vertex 10.0225 -1.46946 0
    endloop
  endfacet
  facet normal -0 0 -1
    outer loop
      vertex 10.4692 0.391086 0
      vertex 9.77784 0.281582 0
      vertex 10.3776 0.772542 0
    endloop
  endfacet
  facet normal 0 0 -1
    outer loop
      vertex 9.7119 0.556231 0
      vertex 10.3776 0.772542 0
      vertex 9.77784 0.281582 0
    endloop
  endfacet
  facet normal 0 0 -1
    outer loop
      vertex 10.4692 -0.391086 0
      vertex 9.77784 -0.281582 0
      vertex 9.8 0 0
    endloop
  endfacet
  facet normal 0 0 -1
    outer loop
      vertex 9.45623 -1.05801 0
      vertex 10.0225 -1.46946 0
      vertex 9.76777 -1.76777 0
    endloop
  endfacet
  facet normal 0 0 -1
    outer loop
      vertex 10.3776 -0.772542 0
      vertex 9.7119 -0.556231 0
      vertex 9.77784 -0.281582 0
    endloop
  endfacet
  facet normal 0 0 -1
    outer loop
      vertex 10.2275 -1.13498 0
      vertex 9.60381 -0.817183 0
      vertex 9.7119 -0.556231 0
    endloop
  endfacet
  facet normal 0 0 -1
    outer loop
      vertex 9.27279 -1.27279 0
      vertex 9.76777 -1.76777 0
      vertex 9.46946 -2.02254 0
    endloop
  endfacet
  facet normal 0 0 -1
    outer loop
      vertex 10.0225 -1.46946 0
      vertex 9.45623 -1.05801 0
      vertex 9.60381 -0.817183 0
    endloop
  endfacet
  facet normal 0 0 -1
    outer loop
      vertex 9.76777 -1.76777 0
      vertex 9.27279 -1.27279 0
      vertex 9.45623 -1.05801 0
    endloop
  endfacet
  facet normal 0 0 -1
    outer loop
      vertex 9.05801 -1.45623 0
      vertex 9.46946 -2.02254 0
      vertex 9.13498 -2.22752 0
    endloop
  endfacet
  facet normal 0 0 -1
    outer loop
      vertex 9.46946 -2.02254 0
      vertex 9.05801 -1.45623 0
      vertex 9.27279 -1.27279 0
    endloop
  endfacet
  facet normal 0 0 -1
    outer loop
      vertex 9.13498 -2.22752 0
      vertex 8.81718 -1.60381 0
      vertex 9.05801 -1.45623 0
    endloop
  endfacet
  facet normal 0 0 -1
    outer loop
      vertex 8.77254 -2.37764 0
      vertex 8.81718 -1.60381 0
      vertex 9.13498 -2.22752 0
    endloop
  endfacet
  facet normal 0 0 -1
    outer loop
      vertex 8.77254 -2.37764 0
      vertex 8.55623 -1.7119 0
      vertex 8.81718 -1.60381 0
    endloop
  endfacet
  facet normal 0 0 -1
    outer loop
      vertex 8.39109 -2.46922 0
      vertex 8.55623 -1.7119 0
      vertex 8.77254 -2.37764 0
    endloop
  endfacet
  facet normal 0 0 -1
    outer loop
      vertex 8.39109 -2.46922 0
      vertex 8.28158 -1.77784 0
      vertex 8.55623 -1.7119 0
    endloop
  endfacet
  facet normal 0 0 -1
    outer loop
      vertex 8 -2.5 0
      vertex 8.28158 -1.77784 0
      vertex 8.39109 -2.46922 0
    endloop
  endfacet
  facet normal 0 0 -1
    outer loop
      vertex 8 -2.5 0
      vertex 8 -1.8 0
      vertex 8.28158 -1.77784 0
    endloop
  endfacet
  facet normal 0 0 -1
    outer loop
      vertex 8 -2.5 0
      vertex 7.71842 -1.77784 0
      vertex 8 -1.8 0
    endloop
  endfacet
  facet normal 0 0 -1
    outer loop
      vertex 7.60891 -2.46922 0
      vertex 7.71842 -1.77784 0
      vertex 8 -2.5 0
    endloop
  endfacet
  facet normal 0 0 -1
    outer loop
      vertex 7.60891 -2.46922 0
      vertex 7.44377 -1.7119 0
      vertex 7.71842 -1.77784 0
    endloop
  endfacet
  facet normal 0 0 -1
    outer loop
      vertex 7.22746 -2.37764 0
      vertex 7.44377 -1.7119 0
      vertex 7.60891 -2.46922 0
    endloop
  endfacet
  facet normal 0 0 -1
    outer loop
      vertex 7.22746 -2.37764 0
      vertex 7.18282 -1.60381 0
      vertex 7.44377 -1.7119 0
    endloop
  endfacet
  facet normal 0 0 -1
    outer loop
      vertex 6.86502 -2.22752 0
      vertex 7.18282 -1.60381 0
      vertex 7.22746 -2.37764 0
    endloop
  endfacet
  facet normal -0 0 -1
    outer loop
      vertex 7.18282 -1.60381 0
      vertex 6.86502 -2.22752 0
      vertex 6.94199 -1.45623 0
    endloop
  endfacet
  facet normal 0 0 -1
    outer loop
      vertex 6.53054 -2.02254 0
      vertex 6.94199 -1.45623 0
      vertex 6.86502 -2.22752 0
    endloop
  endfacet
  facet normal -0 0 -1
    outer loop
      vertex 6.94199 -1.45623 0
      vertex 6.53054 -2.02254 0
      vertex 6.72721 -1.27279 0
    endloop
  endfacet
  facet normal 0 0 -1
    outer loop
      vertex 6.23223 -1.76777 0
      vertex 6.72721 -1.27279 0
      vertex 6.53054 -2.02254 0
    endloop
  endfacet
  facet normal -0 0 -1
    outer loop
      vertex 6.72721 -1.27279 0
      vertex 6.23223 -1.76777 0
      vertex 6.54377 -1.05801 0
    endloop
  endfacet
  facet normal 0 0 -1
    outer loop
      vertex 5.97746 -1.46946 0
      vertex 6.54377 -1.05801 0
      vertex 6.23223 -1.76777 0
    endloop
  endfacet
  facet normal -0 0 -1
    outer loop
      vertex 6.54377 -1.05801 0
      vertex 5.97746 -1.46946 0
      vertex 6.39619 -0.817183 0
    endloop
  endfacet
  facet normal 0 0 -1
    outer loop
      vertex 5.77248 -1.13498 0
      vertex 6.39619 -0.817183 0
      vertex 5.97746 -1.46946 0
    endloop
  endfacet
  facet normal -0 0 -1
    outer loop
      vertex 6.39619 -0.817183 0
      vertex 5.77248 -1.13498 0
      vertex 6.2881 -0.556231 0
    endloop
  endfacet
  facet normal 0 0 -1
    outer loop
      vertex 5.62236 -0.772542 0
      vertex 6.2881 -0.556231 0
      vertex 5.77248 -1.13498 0
    endloop
  endfacet
  facet normal -0 0 -1
    outer loop
      vertex 10.3776 0.772542 0
      vertex 9.7119 0.556231 0
      vertex 10.2275 1.13498 0
    endloop
  endfacet
  facet normal 0 0 -1
    outer loop
      vertex 9.60381 0.817183 0
      vertex 10.2275 1.13498 0
      vertex 9.7119 0.556231 0
    endloop
  endfacet
  facet normal -0 0 -1
    outer loop
      vertex 10.2275 1.13498 0
      vertex 9.60381 0.817183 0
      vertex 10.0225 1.46946 0
    endloop
  endfacet
  facet normal 0 0 -1
    outer loop
      vertex 9.45623 1.05801 0
      vertex 10.0225 1.46946 0
      vertex 9.60381 0.817183 0
    endloop
  endfacet
  facet normal -0 0 -1
    outer loop
      vertex 10.0225 1.46946 0
      vertex 9.45623 1.05801 0
      vertex 9.76777 1.76777 0
    endloop
  endfacet
  facet normal 0 0 -1
    outer loop
      vertex 9.27279 1.27279 0
      vertex 9.76777 1.76777 0
      vertex 9.45623 1.05801 0
    endloop
  endfacet
  facet normal -0 0 -1
    outer loop
      vertex 9.76777 1.76777 0
      vertex 9.27279 1.27279 0
      vertex 9.46946 2.02254 0
    endloop
  endfacet
  facet normal 0 0 -1
    outer loop
      vertex 9.05801 1.45623 0
      vertex 9.46946 2.02254 0
      vertex 9.27279 1.27279 0
    endloop
  endfacet
  facet normal -0 0 -1
    outer loop
      vertex 9.46946 2.02254 0
      vertex 9.05801 1.45623 0
      vertex 9.13498 2.22752 0
    endloop
  endfacet
  facet normal 0 0 -1
    outer loop
      vertex 8.81718 1.60381 0
      vertex 9.13498 2.22752 0
      vertex 9.05801 1.45623 0
    endloop
  endfacet
  facet normal 0 0 -1
    outer loop
      vertex 8.81718 1.60381 0
      vertex 8.77254 2.37764 0
      vertex 9.13498 2.22752 0
    endloop
  endfacet
  facet normal 0 0 -1
    outer loop
      vertex 8.55623 1.7119 0
      vertex 8.77254 2.37764 0
      vertex 8.81718 1.60381 0
    endloop
  endfacet
  facet normal 0 0 -1
    outer loop
      vertex 8.55623 1.7119 0
      vertex 8.39109 2.46922 0
      vertex 8.77254 2.37764 0
    endloop
  endfacet
  facet normal 0 0 -1
    outer loop
      vertex 8.28158 1.77784 0
      vertex 8.39109 2.46922 0
      vertex 8.55623 1.7119 0
    endloop
  endfacet
  facet normal 0 0 -1
    outer loop
      vertex 8 1.8 0
      vertex 8.39109 2.46922 0
      vertex 8.28158 1.77784 0
    endloop
  endfacet
  facet normal 0 0 -1
    outer loop
      vertex 8 1.8 0
      vertex 8 2.5 0
      vertex 8.39109 2.46922 0
    endloop
  endfacet
  facet normal 0 0 -1
    outer loop
      vertex 7.71842 1.77784 0
      vertex 8 2.5 0
      vertex 8 1.8 0
    endloop
  endfacet
  facet normal 0 0 -1
    outer loop
      vertex 7.71842 1.77784 0
      vertex 7.60891 2.46922 0
      vertex 8 2.5 0
    endloop
  endfacet
  facet normal 0 0 -1
    outer loop
      vertex 7.44377 1.7119 0
      vertex 7.60891 2.46922 0
      vertex 7.71842 1.77784 0
    endloop
  endfacet
  facet normal 0 0 -1
    outer loop
      vertex 7.44377 1.7119 0
      vertex 7.22746 2.37764 0
      vertex 7.60891 2.46922 0
    endloop
  endfacet
  facet normal 0 0 -1
    outer loop
      vertex 7.18282 1.60381 0
      vertex 7.22746 2.37764 0
      vertex 7.44377 1.7119 0
    endloop
  endfacet
  facet normal 0 0 -1
    outer loop
      vertex 6.86502 2.22752 0
      vertex 7.18282 1.60381 0
      vertex 6.94199 1.45623 0
    endloop
  endfacet
  facet normal 0 0 -1
    outer loop
      vertex 7.18282 1.60381 0
      vertex 6.86502 2.22752 0
      vertex 7.22746 2.37764 0
    endloop
  endfacet
  facet normal 0 0 -1
    outer loop
      vertex 6.53054 2.02254 0
      vertex 6.94199 1.45623 0
      vertex 6.72721 1.27279 0
    endloop
  endfacet
  facet normal 0 0 -1
    outer loop
      vertex 6.23223 1.76777 0
      vertex 6.72721 1.27279 0
      vertex 6.54377 1.05801 0
    endloop
  endfacet
  facet normal 0 0 -1
    outer loop
      vertex 6.94199 1.45623 0
      vertex 6.53054 2.02254 0
      vertex 6.86502 2.22752 0
    endloop
  endfacet
  facet normal 0 0 -1
    outer loop
      vertex 5.97746 1.46946 0
      vertex 6.54377 1.05801 0
      vertex 6.39619 0.817183 0
    endloop
  endfacet
  facet normal 0 0 -1
    outer loop
      vertex 5.77248 1.13498 0
      vertex 6.39619 0.817183 0
      vertex 6.2881 0.556231 0
    endloop
  endfacet
  facet normal 0 0 -1
    outer loop
      vertex 6.72721 1.27279 0
      vertex 6.23223 1.76777 0
      vertex 6.53054 2.02254 0
    endloop
  endfacet
  facet normal 0 0 -1
    outer loop
      vertex 5.62236 0.772542 0
      vertex 6.2881 0.556231 0
      vertex 6.22216 0.281582 0
    endloop
  endfacet
  facet normal 0 0 -1
    outer loop
      vertex 5.53078 0.391086 0
      vertex 6.22216 0.281582 0
      vertex 6.2 0 0
    endloop
  endfacet
  facet normal -0 0 -1
    outer loop
      vertex 6.2881 -0.556231 0
      vertex 5.62236 -0.772542 0
      vertex 6.22216 -0.281582 0
    endloop
  endfacet
  facet normal 0 0 -1
    outer loop
      vertex 6.54377 1.05801 0
      vertex 5.97746 1.46946 0
      vertex 6.23223 1.76777 0
    endloop
  endfacet
  facet normal 0 0 -1
    outer loop
      vertex 5.53078 -0.391086 0
      vertex 6.22216 -0.281582 0
      vertex 5.62236 -0.772542 0
    endloop
  endfacet
  facet normal 0 0 -1
    outer loop
      vertex 6.39619 0.817183 0
      vertex 5.77248 1.13498 0
      vertex 5.97746 1.46946 0
    endloop
  endfacet
  facet normal -0 0 -1
    outer loop
      vertex 6.22216 -0.281582 0
      vertex 5.53078 -0.391086 0
      vertex 6.2 0 0
    endloop
  endfacet
  facet normal 0 0 -1
    outer loop
      vertex 6.2881 0.556231 0
      vertex 5.62236 0.772542 0
      vertex 5.77248 1.13498 0
    endloop
  endfacet
  facet normal 0 0 -1
    outer loop
      vertex 5.5 0 0
      vertex 6.2 0 0
      vertex 5.53078 -0.391086 0
    endloop
  endfacet
  facet normal 0 0 -1
    outer loop
      vertex 6.22216 0.281582 0
      vertex 5.53078 0.391086 0
      vertex 5.62236 0.772542 0
    endloop
  endfacet
  facet normal 0 0 -1
    outer loop
      vertex 6.2 0 0
      vertex 5.5 0 0
      vertex 5.53078 0.391086 0
    endloop
  endfacet
  facet normal -0.522518 -0.852628 0
    outer loop
      vertex 6.53054 -2.02254 0
      vertex 6.86502 -2.22752 2
      vertex 6.53054 -2.02254 2
    endloop
  endfacet
  facet normal -0.522518 -0.852628 -0
    outer loop
      vertex 6.86502 -2.22752 2
      vertex 6.53054 -2.02254 0
      vertex 6.86502 -2.22752 0
    endloop
  endfacet
  facet normal 0.76047 0.649373 0
    outer loop
      vertex 10.0225 1.46946 2
      vertex 9.76777 1.76777 0
      vertex 9.76777 1.76777 2
    endloop
  endfacet
  facet normal 0.76047 0.649373 0
    outer loop
      vertex 9.76777 1.76777 0
      vertex 10.0225 1.46946 2
      vertex 10.0225 1.46946 0
    endloop
  endfacet
  facet normal 0.649432 0.76042 -0
    outer loop
      vertex 9.76777 1.76777 0
      vertex 9.46946 2.02254 2
      vertex 9.76777 1.76777 2
    endloop
  endfacet
  facet normal 0.649432 0.76042 0
    outer loop
      vertex 9.46946 2.02254 2
      vertex 9.76777 1.76777 0
      vertex 9.46946 2.02254 0
    endloop
  endfacet
  facet normal 0 0 1
    outer loop
      vertex 10.4692 0.391086 2
      vertex 10.4692 -0.391086 2
      vertex 10.5 0 2
    endloop
  endfacet
  facet normal 0 0 1
    outer loop
      vertex 10.3776 0.772542 2
      vertex 10.4692 -0.391086 2
      vertex 10.4692 0.391086 2
    endloop
  endfacet
  facet normal 0 0 1
    outer loop
      vertex 10.3776 0.772542 2
      vertex 10.3776 -0.772542 2
      vertex 10.4692 -0.391086 2
    endloop
  endfacet
  facet normal 0 0 1
    outer loop
      vertex 10.2275 1.13498 2
      vertex 10.3776 -0.772542 2
      vertex 10.3776 0.772542 2
    endloop
  endfacet
  facet normal 0 0 1
    outer loop
      vertex 10.2275 1.13498 2
      vertex 10.2275 -1.13498 2
      vertex 10.3776 -0.772542 2
    endloop
  endfacet
  facet normal 0 0 1
    outer loop
      vertex 10.0225 1.46946 2
      vertex 10.2275 -1.13498 2
      vertex 10.2275 1.13498 2
    endloop
  endfacet
  facet normal 0 0 1
    outer loop
      vertex 10.0225 1.46946 2
      vertex 10.0225 -1.46946 2
      vertex 10.2275 -1.13498 2
    endloop
  endfacet
  facet normal 0 0 1
    outer loop
      vertex 9.76777 1.76777 2
      vertex 10.0225 -1.46946 2
      vertex 10.0225 1.46946 2
    endloop
  endfacet
  facet normal 0 0 1
    outer loop
      vertex 9.76777 1.76777 2
      vertex 9.76777 -1.76777 2
      vertex 10.0225 -1.46946 2
    endloop
  endfacet
  facet normal 0 0 1
    outer loop
      vertex 9.46946 2.02254 2
      vertex 9.76777 -1.76777 2
      vertex 9.76777 1.76777 2
    endloop
  endfacet
  facet normal 0 0 1
    outer loop
      vertex 9.46946 2.02254 2
      vertex 9.46946 -2.02254 2
      vertex 9.76777 -1.76777 2
    endloop
  endfacet
  facet normal 0 0 1
    outer loop
      vertex 9.13498 2.22752 2
      vertex 9.46946 -2.02254 2
      vertex 9.46946 2.02254 2
    endloop
  endfacet
  facet normal 0 0 1
    outer loop
      vertex 9.13498 2.22752 2
      vertex 9.13498 -2.22752 2
      vertex 9.46946 -2.02254 2
    endloop
  endfacet
  facet normal 0 0 1
    outer loop
      vertex 8.77254 2.37764 2
      vertex 9.13498 -2.22752 2
      vertex 9.13498 2.22752 2
    endloop
  endfacet
  facet normal 0 0 1
    outer loop
      vertex 8.77254 2.37764 2
      vertex 8.77254 -2.37764 2
      vertex 9.13498 -2.22752 2
    endloop
  endfacet
  facet normal 0 0 1
    outer loop
      vertex 8.39109 2.46922 2
      vertex 8.77254 -2.37764 2
      vertex 8.77254 2.37764 2
    endloop
  endfacet
  facet normal 0 0 1
    outer loop
      vertex 8.39109 2.46922 2
      vertex 8.39109 -2.46922 2
      vertex 8.77254 -2.37764 2
    endloop
  endfacet
  facet normal 0 0 1
    outer loop
      vertex 8 2.5 2
      vertex 8.39109 -2.46922 2
      vertex 8.39109 2.46922 2
    endloop
  endfacet
  facet normal 0 0 1
    outer loop
      vertex 8 2.5 2
      vertex 8 -2.5 2
      vertex 8.39109 -2.46922 2
    endloop
  endfacet
  facet normal -0 0 1
    outer loop
      vertex 7.60891 2.46922 2
      vertex 8 -2.5 2
      vertex 8 2.5 2
    endloop
  endfacet
  facet normal 0 0 1
    outer loop
      vertex 7.60891 2.46922 2
      vertex 7.60891 -2.46922 2
      vertex 8 -2.5 2
    endloop
  endfacet
  facet normal -0 0 1
    outer loop
      vertex 7.22746 2.37764 2
      vertex 7.60891 -2.46922 2
      vertex 7.60891 2.46922 2
    endloop
  endfacet
  facet normal 0 0 1
    outer loop
      vertex 7.22746 2.37764 2
      vertex 7.22746 -2.37764 2
      vertex 7.60891 -2.46922 2
    endloop
  endfacet
  facet normal -0 0 1
    outer loop
      vertex 6.86502 2.22752 2
      vertex 7.22746 -2.37764 2
      vertex 7.22746 2.37764 2
    endloop
  endfacet
  facet normal 0 0 1
    outer loop
      vertex 6.86502 2.22752 2
      vertex 6.86502 -2.22752 2
      vertex 7.22746 -2.37764 2
    endloop
  endfacet
  facet normal -0 0 1
    outer loop
      vertex 6.53054 2.02254 2
      vertex 6.86502 -2.22752 2
      vertex 6.86502 2.22752 2
    endloop
  endfacet
  facet normal 0 0 1
    outer loop
      vertex 6.53054 2.02254 2
      vertex 6.53054 -2.02254 2
      vertex 6.86502 -2.22752 2
    endloop
  endfacet
  facet normal -0 0 1
    outer loop
      vertex 6.23223 1.76777 2
      vertex 6.53054 -2.02254 2
      vertex 6.53054 2.02254 2
    endloop
  endfacet
  facet normal 0 0 1
    outer loop
      vertex 6.23223 1.76777 2
      vertex 6.23223 -1.76777 2
      vertex 6.53054 -2.02254 2
    endloop
  endfacet
  facet normal -0 0 1
    outer loop
      vertex 5.97746 1.46946 2
      vertex 6.23223 -1.76777 2
      vertex 6.23223 1.76777 2
    endloop
  endfacet
  facet normal 0 0 1
    outer loop
      vertex 5.97746 1.46946 2
      vertex 5.97746 -1.46946 2
      vertex 6.23223 -1.76777 2
    endloop
  endfacet
  facet normal -0 0 1
    outer loop
      vertex 5.77248 1.13498 2
      vertex 5.97746 -1.46946 2
      vertex 5.97746 1.46946 2
    endloop
  endfacet
  facet normal 0 0 1
    outer loop
      vertex 5.77248 1.13498 2
      vertex 5.77248 -1.13498 2
      vertex 5.97746 -1.46946 2
    endloop
  endfacet
  facet normal -0 0 1
    outer loop
      vertex 5.62236 0.772542 2
      vertex 5.77248 -1.13498 2
      vertex 5.77248 1.13498 2
    endloop
  endfacet
  facet normal 0 0 1
    outer loop
      vertex 5.62236 0.772542 2
      vertex 5.62236 -0.772542 2
      vertex 5.77248 -1.13498 2
    endloop
  endfacet
  facet normal -0 0 1
    outer loop
      vertex 5.53078 0.391086 2
      vertex 5.62236 -0.772542 2
      vertex 5.62236 0.772542 2
    endloop
  endfacet
  facet normal 0 0 1
    outer loop
      vertex 5.53078 0.391086 2
      vertex 5.53078 -0.391086 2
      vertex 5.62236 -0.772542 2
    endloop
  endfacet
  facet normal 0 -0 1
    outer loop
      vertex 5.53078 -0.391086 2
      vertex 5.53078 0.391086 2
      vertex 5.5 0 2
    endloop
  endfacet
  facet normal 0.0784605 -0.996917 0
    outer loop
      vertex 8 -2.5 0
      vertex 8.39109 -2.46922 2
      vertex 8 -2.5 2
    endloop
  endfacet
  facet normal 0.0784605 -0.996917 0
    outer loop
      vertex 8.39109 -2.46922 2
      vertex 8 -2.5 0
      vertex 8.39109 -2.46922 0
    endloop
  endfacet
  facet normal -0.382667 -0.923886 0
    outer loop
      vertex 6.86502 -2.22752 0
      vertex 7.22746 -2.37764 2
      vertex 6.86502 -2.22752 2
    endloop
  endfacet
  facet normal -0.382667 -0.923886 -0
    outer loop
      vertex 7.22746 -2.37764 2
      vertex 6.86502 -2.22752 0
      vertex 7.22746 -2.37764 0
    endloop
  endfacet
  facet normal -0.852628 -0.522518 0
    outer loop
      vertex 5.97746 -1.46946 0
      vertex 5.77248 -1.13498 2
      vertex 5.77248 -1.13498 0
    endloop
  endfacet
  facet normal -0.852628 -0.522518 0
    outer loop
      vertex 5.77248 -1.13498 2
      vertex 5.97746 -1.46946 0
      vertex 5.97746 -1.46946 2
    endloop
  endfacet
  facet normal 0.23345 -0.972369 0
    outer loop
      vertex 8.39109 -2.46922 0
      vertex 8.77254 -2.37764 2
      vertex 8.39109 -2.46922 2
    endloop
  endfacet
  facet normal 0.23345 -0.972369 0
    outer loop
      vertex 8.77254 -2.37764 2
      vertex 8.39109 -2.46922 0
      vertex 8.77254 -2.37764 0
    endloop
  endfacet
  facet normal 0.649432 -0.76042 0
    outer loop
      vertex 9.46946 -2.02254 0
      vertex 9.76777 -1.76777 2
      vertex 9.46946 -2.02254 2
    endloop
  endfacet
  facet normal 0.649432 -0.76042 0
    outer loop
      vertex 9.76777 -1.76777 2
      vertex 9.46946 -2.02254 0
      vertex 9.76777 -1.76777 0
    endloop
  endfacet
  facet normal -0.996917 -0.0784613 0
    outer loop
      vertex 5.53078 -0.391086 0
      vertex 5.5 0 2
      vertex 5.5 0 0
    endloop
  endfacet
  facet normal -0.996917 -0.0784613 0
    outer loop
      vertex 5.5 0 2
      vertex 5.53078 -0.391086 0
      vertex 5.53078 -0.391086 2
    endloop
  endfacet
  facet normal 0.972358 -0.233495 0
    outer loop
      vertex 10.3776 -0.772542 2
      vertex 10.4692 -0.391086 0
      vertex 10.4692 -0.391086 2
    endloop
  endfacet
  facet normal 0.972358 -0.233495 0
    outer loop
      vertex 10.4692 -0.391086 0
      vertex 10.3776 -0.772542 2
      vertex 10.3776 -0.772542 0
    endloop
  endfacet
  facet normal 0.382667 0.923886 -0
    outer loop
      vertex 9.13498 2.22752 0
      vertex 8.77254 2.37764 2
      vertex 9.13498 2.22752 2
    endloop
  endfacet
  facet normal 0.382667 0.923886 0
    outer loop
      vertex 8.77254 2.37764 2
      vertex 9.13498 2.22752 0
      vertex 8.77254 2.37764 0
    endloop
  endfacet
  facet normal 0.0784605 0.996917 -0
    outer loop
      vertex 8.39109 2.46922 0
      vertex 8 2.5 2
      vertex 8.39109 2.46922 2
    endloop
  endfacet
  facet normal 0.0784605 0.996917 0
    outer loop
      vertex 8 2.5 2
      vertex 8.39109 2.46922 0
      vertex 8 2.5 0
    endloop
  endfacet
  facet normal -0.852628 0.522518 0
    outer loop
      vertex 5.77248 1.13498 0
      vertex 5.97746 1.46946 2
      vertex 5.97746 1.46946 0
    endloop
  endfacet
  facet normal -0.852628 0.522518 0
    outer loop
      vertex 5.97746 1.46946 2
      vertex 5.77248 1.13498 0
      vertex 5.77248 1.13498 2
    endloop
  endfacet
  facet normal -0.972368 -0.233454 0
    outer loop
      vertex 9.77784 0.281582 0
      vertex 9.7119 0.556231 0.589999
      vertex 9.7119 0.556231 0
    endloop
  endfacet
  facet normal -0.972368 -0.233454 0
    outer loop
      vertex 9.7119 0.556231 0.589999
      vertex 9.77784 0.281582 0
      vertex 9.77784 0.281582 0.589999
    endloop
  endfacet
  facet normal -0.996918 -0.0784556 0
    outer loop
      vertex 9.8 0 0
      vertex 9.77784 0.281582 0.589999
      vertex 9.77784 0.281582 0
    endloop
  endfacet
  facet normal -0.996918 -0.0784556 0
    outer loop
      vertex 9.77784 0.281582 0.589999
      vertex 9.8 0 0
      vertex 9.8 0 0.589999
    endloop
  endfacet
  facet normal -0.760405 -0.649449 0
    outer loop
      vertex 9.45623 1.05801 0
      vertex 9.27279 1.27279 0.589999
      vertex 9.27279 1.27279 0
    endloop
  endfacet
  facet normal -0.760405 -0.649449 0
    outer loop
      vertex 9.27279 1.27279 0.589999
      vertex 9.45623 1.05801 0
      vertex 9.45623 1.05801 0.589999
    endloop
  endfacet
  facet normal 0.923879 0.382684 0
    outer loop
      vertex 6.39619 -0.817183 0.589999
      vertex 6.2881 -0.556231 0
      vertex 6.2881 -0.556231 0.589999
    endloop
  endfacet
  facet normal 0.923879 0.382684 0
    outer loop
      vertex 6.2881 -0.556231 0
      vertex 6.39619 -0.817183 0.589999
      vertex 6.39619 -0.817183 0
    endloop
  endfacet
  facet normal 0.760405 0.649449 0
    outer loop
      vertex 6.72721 -1.27279 0.589999
      vertex 6.54377 -1.05801 0
      vertex 6.54377 -1.05801 0.589999
    endloop
  endfacet
  facet normal 0.760405 0.649449 0
    outer loop
      vertex 6.54377 -1.05801 0
      vertex 6.72721 -1.27279 0.589999
      vertex 6.72721 -1.27279 0
    endloop
  endfacet
  facet normal -0.996918 0.0784556 0
    outer loop
      vertex 9.77784 -0.281582 0
      vertex 9.8 0 0.589999
      vertex 9.8 0 0
    endloop
  endfacet
  facet normal -0.996918 0.0784556 0
    outer loop
      vertex 9.8 0 0.589999
      vertex 9.77784 -0.281582 0
      vertex 9.77784 -0.281582 0.589999
    endloop
  endfacet
  facet normal 0.760405 -0.649449 0
    outer loop
      vertex 6.54377 1.05801 0.589999
      vertex 6.72721 1.27279 0
      vertex 6.72721 1.27279 0.589999
    endloop
  endfacet
  facet normal 0.760405 -0.649449 0
    outer loop
      vertex 6.72721 1.27279 0
      vertex 6.54377 1.05801 0.589999
      vertex 6.54377 1.05801 0
    endloop
  endfacet
  facet normal 0.972368 0.233454 0
    outer loop
      vertex 6.2881 -0.556231 0.589999
      vertex 6.22216 -0.281582 0
      vertex 6.22216 -0.281582 0.589999
    endloop
  endfacet
  facet normal 0.972368 0.233454 0
    outer loop
      vertex 6.22216 -0.281582 0
      vertex 6.2881 -0.556231 0.589999
      vertex 6.2881 -0.556231 0
    endloop
  endfacet
  facet normal 0.972368 -0.233454 0
    outer loop
      vertex 6.22216 0.281582 0.589999
      vertex 6.2881 0.556231 0
      vertex 6.2881 0.556231 0.589999
    endloop
  endfacet
  facet normal 0.972368 -0.233454 0
    outer loop
      vertex 6.2881 0.556231 0
      vertex 6.22216 0.281582 0.589999
      vertex 6.22216 0.281582 0
    endloop
  endfacet
  facet normal -0.233453 -0.972368 0
    outer loop
      vertex 8.28158 1.77784 0
      vertex 8.55623 1.7119 0.589999
      vertex 8.28158 1.77784 0.589999
    endloop
  endfacet
  facet normal -0.233453 -0.972368 -0
    outer loop
      vertex 8.55623 1.7119 0.589999
      vertex 8.28158 1.77784 0
      vertex 8.55623 1.7119 0
    endloop
  endfacet
  facet normal 0.382686 -0.923878 0
    outer loop
      vertex 7.18282 1.60381 0
      vertex 7.44377 1.7119 0.589999
      vertex 7.18282 1.60381 0.589999
    endloop
  endfacet
  facet normal 0.382686 -0.923878 0
    outer loop
      vertex 7.44377 1.7119 0.589999
      vertex 7.18282 1.60381 0
      vertex 7.44377 1.7119 0
    endloop
  endfacet
  facet normal -0.522496 0.852641 0
    outer loop
      vertex 9.05801 -1.45623 0
      vertex 8.81718 -1.60381 0.589999
      vertex 9.05801 -1.45623 0.589999
    endloop
  endfacet
  facet normal -0.522496 0.852641 0
    outer loop
      vertex 8.81718 -1.60381 0.589999
      vertex 9.05801 -1.45623 0
      vertex 8.81718 -1.60381 0
    endloop
  endfacet
  facet normal -0.382686 -0.923878 0
    outer loop
      vertex 8.55623 1.7119 0
      vertex 8.81718 1.60381 0.589999
      vertex 8.55623 1.7119 0.589999
    endloop
  endfacet
  facet normal -0.382686 -0.923878 -0
    outer loop
      vertex 8.81718 1.60381 0.589999
      vertex 8.55623 1.7119 0
      vertex 8.81718 1.60381 0
    endloop
  endfacet
  facet normal -0.760405 0.649449 0
    outer loop
      vertex 9.27279 -1.27279 0
      vertex 9.45623 -1.05801 0.589999
      vertex 9.45623 -1.05801 0
    endloop
  endfacet
  facet normal -0.760405 0.649449 0
    outer loop
      vertex 9.45623 -1.05801 0.589999
      vertex 9.27279 -1.27279 0
      vertex 9.27279 -1.27279 0.589999
    endloop
  endfacet
  facet normal 0.522496 -0.852641 0
    outer loop
      vertex 6.94199 1.45623 0
      vertex 7.18282 1.60381 0.589999
      vertex 6.94199 1.45623 0.589999
    endloop
  endfacet
  facet normal 0.522496 -0.852641 0
    outer loop
      vertex 7.18282 1.60381 0.589999
      vertex 6.94199 1.45623 0
      vertex 7.18282 1.60381 0
    endloop
  endfacet
  facet normal -0.0784562 0.996918 0
    outer loop
      vertex 8.28158 -1.77784 0
      vertex 8 -1.8 0.589999
      vertex 8.28158 -1.77784 0.589999
    endloop
  endfacet
  facet normal -0.0784562 0.996918 0
    outer loop
      vertex 8 -1.8 0.589999
      vertex 8.28158 -1.77784 0
      vertex 8 -1.8 0
    endloop
  endfacet
  facet normal -0.233453 0.972368 0
    outer loop
      vertex 8.55623 -1.7119 0
      vertex 8.28158 -1.77784 0.589999
      vertex 8.55623 -1.7119 0.589999
    endloop
  endfacet
  facet normal -0.233453 0.972368 0
    outer loop
      vertex 8.28158 -1.77784 0.589999
      vertex 8.55623 -1.7119 0
      vertex 8.28158 -1.77784 0
    endloop
  endfacet
  facet normal 0.382686 0.923878 -0
    outer loop
      vertex 7.44377 -1.7119 0
      vertex 7.18282 -1.60381 0.589999
      vertex 7.44377 -1.7119 0.589999
    endloop
  endfacet
  facet normal 0.382686 0.923878 0
    outer loop
      vertex 7.18282 -1.60381 0.589999
      vertex 7.44377 -1.7119 0
      vertex 7.18282 -1.60381 0
    endloop
  endfacet
  facet normal -0.852639 0.522501 0
    outer loop
      vertex 9.45623 -1.05801 0
      vertex 9.60381 -0.817183 0.589999
      vertex 9.60381 -0.817183 0
    endloop
  endfacet
  facet normal -0.852639 0.522501 0
    outer loop
      vertex 9.60381 -0.817183 0.589999
      vertex 9.45623 -1.05801 0
      vertex 9.45623 -1.05801 0.589999
    endloop
  endfacet
  facet normal -0.972368 0.233454 0
    outer loop
      vertex 9.7119 -0.556231 0
      vertex 9.77784 -0.281582 0.589999
      vertex 9.77784 -0.281582 0
    endloop
  endfacet
  facet normal -0.972368 0.233454 0
    outer loop
      vertex 9.77784 -0.281582 0.589999
      vertex 9.7119 -0.556231 0
      vertex 9.7119 -0.556231 0.589999
    endloop
  endfacet
  facet normal -0.923879 0.382684 0
    outer loop
      vertex 9.60381 -0.817183 0
      vertex 9.7119 -0.556231 0.589999
      vertex 9.7119 -0.556231 0
    endloop
  endfacet
  facet normal -0.923879 0.382684 0
    outer loop
      vertex 9.7119 -0.556231 0.589999
      vertex 9.60381 -0.817183 0
      vertex 9.60381 -0.817183 0.589999
    endloop
  endfacet
  facet normal 0.0784562 0.996918 -0
    outer loop
      vertex 8 -1.8 0
      vertex 7.71842 -1.77784 0.589999
      vertex 8 -1.8 0.589999
    endloop
  endfacet
  facet normal 0.0784562 0.996918 0
    outer loop
      vertex 7.71842 -1.77784 0.589999
      vertex 8 -1.8 0
      vertex 7.71842 -1.77784 0
    endloop
  endfacet
  facet normal -0.852639 -0.522501 0
    outer loop
      vertex 9.60381 0.817183 0
      vertex 9.45623 1.05801 0.589999
      vertex 9.45623 1.05801 0
    endloop
  endfacet
  facet normal -0.852639 -0.522501 0
    outer loop
      vertex 9.45623 1.05801 0.589999
      vertex 9.60381 0.817183 0
      vertex 9.60381 0.817183 0.589999
    endloop
  endfacet
  facet normal -0.649449 0.760405 0
    outer loop
      vertex 9.27279 -1.27279 0
      vertex 9.05801 -1.45623 0.589999
      vertex 9.27279 -1.27279 0.589999
    endloop
  endfacet
  facet normal -0.649449 0.760405 0
    outer loop
      vertex 9.05801 -1.45623 0.589999
      vertex 9.27279 -1.27279 0
      vertex 9.05801 -1.45623 0
    endloop
  endfacet
  facet normal 0.996918 -0.0784556 0
    outer loop
      vertex 6.2 0 0.589999
      vertex 6.22216 0.281582 0
      vertex 6.22216 0.281582 0.589999
    endloop
  endfacet
  facet normal 0.996918 -0.0784556 0
    outer loop
      vertex 6.22216 0.281582 0
      vertex 6.2 0 0.589999
      vertex 6.2 0 0
    endloop
  endfacet
  facet normal 0.649449 -0.760405 0
    outer loop
      vertex 6.72721 1.27279 0
      vertex 6.94199 1.45623 0.589999
      vertex 6.72721 1.27279 0.589999
    endloop
  endfacet
  facet normal 0.649449 -0.760405 0
    outer loop
      vertex 6.94199 1.45623 0.589999
      vertex 6.72721 1.27279 0
      vertex 6.94199 1.45623 0
    endloop
  endfacet
  facet normal -0.649449 -0.760405 0
    outer loop
      vertex 9.05801 1.45623 0
      vertex 9.27279 1.27279 0.589999
      vertex 9.05801 1.45623 0.589999
    endloop
  endfacet
  facet normal -0.649449 -0.760405 -0
    outer loop
      vertex 9.27279 1.27279 0.589999
      vertex 9.05801 1.45623 0
      vertex 9.27279 1.27279 0
    endloop
  endfacet
  facet normal -0.382686 0.923878 0
    outer loop
      vertex 8.81718 -1.60381 0
      vertex 8.55623 -1.7119 0.589999
      vertex 8.81718 -1.60381 0.589999
    endloop
  endfacet
  facet normal -0.382686 0.923878 0
    outer loop
      vertex 8.55623 -1.7119 0.589999
      vertex 8.81718 -1.60381 0
      vertex 8.55623 -1.7119 0
    endloop
  endfacet
  facet normal -0.522496 -0.852641 0
    outer loop
      vertex 8.81718 1.60381 0
      vertex 9.05801 1.45623 0.589999
      vertex 8.81718 1.60381 0.589999
    endloop
  endfacet
  facet normal -0.522496 -0.852641 -0
    outer loop
      vertex 9.05801 1.45623 0.589999
      vertex 8.81718 1.60381 0
      vertex 9.05801 1.45623 0
    endloop
  endfacet
  facet normal 0.233453 -0.972368 0
    outer loop
      vertex 7.44377 1.7119 0
      vertex 7.71842 1.77784 0.589999
      vertex 7.44377 1.7119 0.589999
    endloop
  endfacet
  facet normal 0.233453 -0.972368 0
    outer loop
      vertex 7.71842 1.77784 0.589999
      vertex 7.44377 1.7119 0
      vertex 7.71842 1.77784 0
    endloop
  endfacet
  facet normal 0.0784562 -0.996918 0
    outer loop
      vertex 7.71842 1.77784 0
      vertex 8 1.8 0.589999
      vertex 7.71842 1.77784 0.589999
    endloop
  endfacet
  facet normal 0.0784562 -0.996918 0
    outer loop
      vertex 8 1.8 0.589999
      vertex 7.71842 1.77784 0
      vertex 8 1.8 0
    endloop
  endfacet
  facet normal 0 0 -1
    outer loop
      vertex 9.77784 -0.281582 0.589999
      vertex 9.77784 0.281582 0.589999
      vertex 9.8 0 0.589999
    endloop
  endfacet
  facet normal 0 0 -1
    outer loop
      vertex 9.7119 -0.556231 0.589999
      vertex 9.77784 0.281582 0.589999
      vertex 9.77784 -0.281582 0.589999
    endloop
  endfacet
  facet normal 0 0 -1
    outer loop
      vertex 9.7119 -0.556231 0.589999
      vertex 9.7119 0.556231 0.589999
      vertex 9.77784 0.281582 0.589999
    endloop
  endfacet
  facet normal 0 0 -1
    outer loop
      vertex 9.60381 -0.817183 0.589999
      vertex 9.7119 0.556231 0.589999
      vertex 9.7119 -0.556231 0.589999
    endloop
  endfacet
  facet normal 0 0 -1
    outer loop
      vertex 9.60381 -0.817183 0.589999
      vertex 9.60381 0.817183 0.589999
      vertex 9.7119 0.556231 0.589999
    endloop
  endfacet
  facet normal 0 0 -1
    outer loop
      vertex 9.45623 -1.05801 0.589999
      vertex 9.60381 0.817183 0.589999
      vertex 9.60381 -0.817183 0.589999
    endloop
  endfacet
  facet normal 0 0 -1
    outer loop
      vertex 9.45623 -1.05801 0.589999
      vertex 9.45623 1.05801 0.589999
      vertex 9.60381 0.817183 0.589999
    endloop
  endfacet
  facet normal 0 0 -1
    outer loop
      vertex 9.27279 -1.27279 0.589999
      vertex 9.45623 1.05801 0.589999
      vertex 9.45623 -1.05801 0.589999
    endloop
  endfacet
  facet normal 0 0 -1
    outer loop
      vertex 9.27279 -1.27279 0.589999
      vertex 9.27279 1.27279 0.589999
      vertex 9.45623 1.05801 0.589999
    endloop
  endfacet
  facet normal 0 0 -1
    outer loop
      vertex 9.05801 -1.45623 0.589999
      vertex 9.27279 1.27279 0.589999
      vertex 9.27279 -1.27279 0.589999
    endloop
  endfacet
  facet normal 0 0 -1
    outer loop
      vertex 9.05801 -1.45623 0.589999
      vertex 9.05801 1.45623 0.589999
      vertex 9.27279 1.27279 0.589999
    endloop
  endfacet
  facet normal 0 0 -1
    outer loop
      vertex 8.81718 -1.60381 0.589999
      vertex 9.05801 1.45623 0.589999
      vertex 9.05801 -1.45623 0.589999
    endloop
  endfacet
  facet normal 0 0 -1
    outer loop
      vertex 8.81718 -1.60381 0.589999
      vertex 8.81718 1.60381 0.589999
      vertex 9.05801 1.45623 0.589999
    endloop
  endfacet
  facet normal 0 0 -1
    outer loop
      vertex 8.55623 -1.7119 0.589999
      vertex 8.81718 1.60381 0.589999
      vertex 8.81718 -1.60381 0.589999
    endloop
  endfacet
  facet normal 0 0 -1
    outer loop
      vertex 8.55623 -1.7119 0.589999
      vertex 8.55623 1.7119 0.589999
      vertex 8.81718 1.60381 0.589999
    endloop
  endfacet
  facet normal 0 0 -1
    outer loop
      vertex 8.28158 -1.77784 0.589999
      vertex 8.55623 1.7119 0.589999
      vertex 8.55623 -1.7119 0.589999
    endloop
  endfacet
  facet normal 0 0 -1
    outer loop
      vertex 8.28158 -1.77784 0.589999
      vertex 8.28158 1.77784 0.589999
      vertex 8.55623 1.7119 0.589999
    endloop
  endfacet
  facet normal 0 0 -1
    outer loop
      vertex 8 -1.8 0.589999
      vertex 8.28158 1.77784 0.589999
      vertex 8.28158 -1.77784 0.589999
    endloop
  endfacet
  facet normal 0 0 -1
    outer loop
      vertex 8 -1.8 0.589999
      vertex 8 1.8 0.589999
      vertex 8.28158 1.77784 0.589999
    endloop
  endfacet
  facet normal 0 0 -1
    outer loop
      vertex 7.71842 -1.77784 0.589999
      vertex 8 1.8 0.589999
      vertex 8 -1.8 0.589999
    endloop
  endfacet
  facet normal 0 0 -1
    outer loop
      vertex 7.71842 -1.77784 0.589999
      vertex 7.71842 1.77784 0.589999
      vertex 8 1.8 0.589999
    endloop
  endfacet
  facet normal 0 0 -1
    outer loop
      vertex 7.44377 -1.7119 0.589999
      vertex 7.71842 1.77784 0.589999
      vertex 7.71842 -1.77784 0.589999
    endloop
  endfacet
  facet normal 0 0 -1
    outer loop
      vertex 7.44377 -1.7119 0.589999
      vertex 7.44377 1.7119 0.589999
      vertex 7.71842 1.77784 0.589999
    endloop
  endfacet
  facet normal 0 0 -1
    outer loop
      vertex 7.18282 -1.60381 0.589999
      vertex 7.44377 1.7119 0.589999
      vertex 7.44377 -1.7119 0.589999
    endloop
  endfacet
  facet normal 0 0 -1
    outer loop
      vertex 7.18282 -1.60381 0.589999
      vertex 7.18282 1.60381 0.589999
      vertex 7.44377 1.7119 0.589999
    endloop
  endfacet
  facet normal 0 0 -1
    outer loop
      vertex 6.94199 -1.45623 0.589999
      vertex 7.18282 1.60381 0.589999
      vertex 7.18282 -1.60381 0.589999
    endloop
  endfacet
  facet normal 0 0 -1
    outer loop
      vertex 6.94199 -1.45623 0.589999
      vertex 6.94199 1.45623 0.589999
      vertex 7.18282 1.60381 0.589999
    endloop
  endfacet
  facet normal 0 0 -1
    outer loop
      vertex 6.72721 -1.27279 0.589999
      vertex 6.94199 1.45623 0.589999
      vertex 6.94199 -1.45623 0.589999
    endloop
  endfacet
  facet normal 0 0 -1
    outer loop
      vertex 6.72721 -1.27279 0.589999
      vertex 6.72721 1.27279 0.589999
      vertex 6.94199 1.45623 0.589999
    endloop
  endfacet
  facet normal 0 0 -1
    outer loop
      vertex 6.54377 -1.05801 0.589999
      vertex 6.72721 1.27279 0.589999
      vertex 6.72721 -1.27279 0.589999
    endloop
  endfacet
  facet normal 0 0 -1
    outer loop
      vertex 6.54377 -1.05801 0.589999
      vertex 6.54377 1.05801 0.589999
      vertex 6.72721 1.27279 0.589999
    endloop
  endfacet
  facet normal 0 0 -1
    outer loop
      vertex 6.39619 -0.817183 0.589999
      vertex 6.54377 1.05801 0.589999
      vertex 6.54377 -1.05801 0.589999
    endloop
  endfacet
  facet normal 0 0 -1
    outer loop
      vertex 6.39619 -0.817183 0.589999
      vertex 6.39619 0.817183 0.589999
      vertex 6.54377 1.05801 0.589999
    endloop
  endfacet
  facet normal 0 0 -1
    outer loop
      vertex 6.2881 -0.556231 0.589999
      vertex 6.39619 0.817183 0.589999
      vertex 6.39619 -0.817183 0.589999
    endloop
  endfacet
  facet normal 0 0 -1
    outer loop
      vertex 6.2881 -0.556231 0.589999
      vertex 6.2881 0.556231 0.589999
      vertex 6.39619 0.817183 0.589999
    endloop
  endfacet
  facet normal 0 0 -1
    outer loop
      vertex 6.22216 -0.281582 0.589999
      vertex 6.2881 0.556231 0.589999
      vertex 6.2881 -0.556231 0.589999
    endloop
  endfacet
  facet normal 0 0 -1
    outer loop
      vertex 6.22216 -0.281582 0.589999
      vertex 6.22216 0.281582 0.589999
      vertex 6.2881 0.556231 0.589999
    endloop
  endfacet
  facet normal 0 -0 -1
    outer loop
      vertex 6.22216 0.281582 0.589999
      vertex 6.22216 -0.281582 0.589999
      vertex 6.2 0 0.589999
    endloop
  endfacet
  facet normal 0.996918 0.0784556 0
    outer loop
      vertex 6.22216 -0.281582 0.589999
      vertex 6.2 0 0
      vertex 6.2 0 0.589999
    endloop
  endfacet
  facet normal 0.996918 0.0784556 0
    outer loop
      vertex 6.2 0 0
      vertex 6.22216 -0.281582 0.589999
      vertex 6.22216 -0.281582 0
    endloop
  endfacet
  facet normal -0.923879 -0.382684 0
    outer loop
      vertex 9.7119 0.556231 0
      vertex 9.60381 0.817183 0.589999
      vertex 9.60381 0.817183 0
    endloop
  endfacet
  facet normal -0.923879 -0.382684 0
    outer loop
      vertex 9.60381 0.817183 0.589999
      vertex 9.7119 0.556231 0
      vertex 9.7119 0.556231 0.589999
    endloop
  endfacet
  facet normal 0.852639 -0.522501 0
    outer loop
      vertex 6.39619 0.817183 0.589999
      vertex 6.54377 1.05801 0
      vertex 6.54377 1.05801 0.589999
    endloop
  endfacet
  facet normal 0.852639 -0.522501 0
    outer loop
      vertex 6.54377 1.05801 0
      vertex 6.39619 0.817183 0.589999
      vertex 6.39619 0.817183 0
    endloop
  endfacet
  facet normal 0.233453 0.972368 -0
    outer loop
      vertex 7.71842 -1.77784 0
      vertex 7.44377 -1.7119 0.589999
      vertex 7.71842 -1.77784 0.589999
    endloop
  endfacet
  facet normal 0.233453 0.972368 0
    outer loop
      vertex 7.44377 -1.7119 0.589999
      vertex 7.71842 -1.77784 0
      vertex 7.44377 -1.7119 0
    endloop
  endfacet
  facet normal -0.0784562 -0.996918 0
    outer loop
      vertex 8 1.8 0
      vertex 8.28158 1.77784 0.589999
      vertex 8 1.8 0.589999
    endloop
  endfacet
  facet normal -0.0784562 -0.996918 -0
    outer loop
      vertex 8.28158 1.77784 0.589999
      vertex 8 1.8 0
      vertex 8.28158 1.77784 0
    endloop
  endfacet
  facet normal 0.852639 0.522501 0
    outer loop
      vertex 6.54377 -1.05801 0.589999
      vertex 6.39619 -0.817183 0
      vertex 6.39619 -0.817183 0.589999
    endloop
  endfacet
  facet normal 0.852639 0.522501 0
    outer loop
      vertex 6.39619 -0.817183 0
      vertex 6.54377 -1.05801 0.589999
      vertex 6.54377 -1.05801 0
    endloop
  endfacet
  facet normal 0.649449 0.760405 -0
    outer loop
      vertex 6.94199 -1.45623 0
      vertex 6.72721 -1.27279 0.589999
      vertex 6.94199 -1.45623 0.589999
    endloop
  endfacet
  facet normal 0.649449 0.760405 0
    outer loop
      vertex 6.72721 -1.27279 0.589999
      vertex 6.94199 -1.45623 0
      vertex 6.72721 -1.27279 0
    endloop
  endfacet
  facet normal 0.923879 -0.382684 0
    outer loop
      vertex 6.2881 0.556231 0.589999
      vertex 6.39619 0.817183 0
      vertex 6.39619 0.817183 0.589999
    endloop
  endfacet
  facet normal 0.923879 -0.382684 0
    outer loop
      vertex 6.39619 0.817183 0
      vertex 6.2881 0.556231 0.589999
      vertex 6.2881 0.556231 0
    endloop
  endfacet
  facet normal 0.522496 0.852641 -0
    outer loop
      vertex 7.18282 -1.60381 0
      vertex 6.94199 -1.45623 0.589999
      vertex 7.18282 -1.60381 0.589999
    endloop
  endfacet
  facet normal 0.522496 0.852641 0
    outer loop
      vertex 6.94199 -1.45623 0.589999
      vertex 7.18282 -1.60381 0
      vertex 6.94199 -1.45623 0
    endloop
  endfacet
  facet normal -0.972358 -0.233495 0
    outer loop
      vertex 13.6224 -0.772542 0
      vertex 13.5308 -0.391086 3
      vertex 13.5308 -0.391086 0
    endloop
  endfacet
  facet normal -0.972358 -0.233495 0
    outer loop
      vertex 13.5308 -0.391086 3
      vertex 13.6224 -0.772542 0
      vertex 13.6224 -0.772542 3
    endloop
  endfacet
  facet normal 0.972358 0.233495 0
    outer loop
      vertex 18.4692 0.391086 3
      vertex 18.3776 0.772542 0
      vertex 18.3776 0.772542 3
    endloop
  endfacet
  facet normal 0.972358 0.233495 0
    outer loop
      vertex 18.3776 0.772542 0
      vertex 18.4692 0.391086 3
      vertex 18.4692 0.391086 0
    endloop
  endfacet
  facet normal 0.996913 0.078512 0
    outer loop
      vertex 18.5 0 3
      vertex 18.4692 0.391086 0
      vertex 18.4692 0.391086 3
    endloop
  endfacet
  facet normal 0.996913 0.078512 0
    outer loop
      vertex 18.4692 0.391086 0
      vertex 18.5 0 3
      vertex 18.5 0 0
    endloop
  endfacet
  facet normal 0.923904 0.382625 0
    outer loop
      vertex 18.3776 0.772542 3
      vertex 18.2275 1.13498 0
      vertex 18.2275 1.13498 3
    endloop
  endfacet
  facet normal 0.923904 0.382625 0
    outer loop
      vertex 18.2275 1.13498 0
      vertex 18.3776 0.772542 3
      vertex 18.3776 0.772542 0
    endloop
  endfacet
  facet normal 0.382613 -0.923909 0
    outer loop
      vertex 16.7725 -2.37764 0
      vertex 17.135 -2.22752 3
      vertex 16.7725 -2.37764 3
    endloop
  endfacet
  facet normal 0.382613 -0.923909 0
    outer loop
      vertex 17.135 -2.22752 3
      vertex 16.7725 -2.37764 0
      vertex 17.135 -2.22752 0
    endloop
  endfacet
  facet normal 0.852606 -0.522555 0
    outer loop
      vertex 18.0225 -1.46946 3
      vertex 18.2275 -1.13498 0
      vertex 18.2275 -1.13498 3
    endloop
  endfacet
  facet normal 0.852606 -0.522555 0
    outer loop
      vertex 18.2275 -1.13498 0
      vertex 18.0225 -1.46946 3
      vertex 18.0225 -1.46946 0
    endloop
  endfacet
  facet normal -0.649445 0.760409 0
    outer loop
      vertex 14.5305 2.02254 0
      vertex 14.2322 1.76777 3
      vertex 14.5305 2.02254 3
    endloop
  endfacet
  facet normal -0.649445 0.760409 0
    outer loop
      vertex 14.2322 1.76777 3
      vertex 14.5305 2.02254 0
      vertex 14.2322 1.76777 0
    endloop
  endfacet
  facet normal -0.382613 0.923909 0
    outer loop
      vertex 15.2275 2.37764 0
      vertex 14.865 2.22752 3
      vertex 15.2275 2.37764 3
    endloop
  endfacet
  facet normal -0.382613 0.923909 0
    outer loop
      vertex 14.865 2.22752 3
      vertex 15.2275 2.37764 0
      vertex 14.865 2.22752 0
    endloop
  endfacet
  facet normal 0.760508 -0.649329 0
    outer loop
      vertex 17.7678 -1.76777 3
      vertex 18.0225 -1.46946 0
      vertex 18.0225 -1.46946 3
    endloop
  endfacet
  facet normal 0.760508 -0.649329 0
    outer loop
      vertex 18.0225 -1.46946 0
      vertex 17.7678 -1.76777 3
      vertex 17.7678 -1.76777 0
    endloop
  endfacet
  facet normal 0.996913 -0.078512 0
    outer loop
      vertex 18.4692 -0.391086 3
      vertex 18.5 0 0
      vertex 18.5 0 3
    endloop
  endfacet
  facet normal 0.996913 -0.078512 0
    outer loop
      vertex 18.5 0 0
      vertex 18.4692 -0.391086 3
      vertex 18.4692 -0.391086 0
    endloop
  endfacet
  facet normal 0.923904 -0.382625 0
    outer loop
      vertex 18.2275 -1.13498 3
      vertex 18.3776 -0.772542 0
      vertex 18.3776 -0.772542 3
    endloop
  endfacet
  facet normal 0.923904 -0.382625 0
    outer loop
      vertex 18.3776 -0.772542 0
      vertex 18.2275 -1.13498 3
      vertex 18.2275 -1.13498 0
    endloop
  endfacet
  facet normal -0.923904 -0.382625 0
    outer loop
      vertex 13.7725 -1.13498 0
      vertex 13.6224 -0.772542 3
      vertex 13.6224 -0.772542 0
    endloop
  endfacet
  facet normal -0.923904 -0.382625 0
    outer loop
      vertex 13.6224 -0.772542 3
      vertex 13.7725 -1.13498 0
      vertex 13.7725 -1.13498 3
    endloop
  endfacet
  facet normal -0.996913 0.078512 0
    outer loop
      vertex 13.5 0 0
      vertex 13.5308 0.391086 3
      vertex 13.5308 0.391086 0
    endloop
  endfacet
  facet normal -0.996913 0.078512 0
    outer loop
      vertex 13.5308 0.391086 3
      vertex 13.5 0 0
      vertex 13.5 0 3
    endloop
  endfacet
  facet normal -0.972358 0.233495 0
    outer loop
      vertex 13.5308 0.391086 0
      vertex 13.6224 0.772542 3
      vertex 13.6224 0.772542 0
    endloop
  endfacet
  facet normal -0.972358 0.233495 0
    outer loop
      vertex 13.6224 0.772542 3
      vertex 13.5308 0.391086 0
      vertex 13.5308 0.391086 3
    endloop
  endfacet
  facet normal 0.233479 0.972362 -0
    outer loop
      vertex 16.7725 2.37764 0
      vertex 16.3911 2.46922 3
      vertex 16.7725 2.37764 3
    endloop
  endfacet
  facet normal 0.233479 0.972362 0
    outer loop
      vertex 16.3911 2.46922 3
      vertex 16.7725 2.37764 0
      vertex 16.3911 2.46922 0
    endloop
  endfacet
  facet normal -0.0784585 0.996917 0
    outer loop
      vertex 16 2.5 0
      vertex 15.6089 2.46922 3
      vertex 16 2.5 3
    endloop
  endfacet
  facet normal -0.0784585 0.996917 0
    outer loop
      vertex 15.6089 2.46922 3
      vertex 16 2.5 0
      vertex 15.6089 2.46922 0
    endloop
  endfacet
  facet normal -0.760508 -0.649329 0
    outer loop
      vertex 14.2322 -1.76777 0
      vertex 13.9775 -1.46946 3
      vertex 13.9775 -1.46946 0
    endloop
  endfacet
  facet normal -0.760508 -0.649329 0
    outer loop
      vertex 13.9775 -1.46946 3
      vertex 14.2322 -1.76777 0
      vertex 14.2322 -1.76777 3
    endloop
  endfacet
  facet normal -0.233479 -0.972362 0
    outer loop
      vertex 15.2275 -2.37764 0
      vertex 15.6089 -2.46922 3
      vertex 15.2275 -2.37764 3
    endloop
  endfacet
  facet normal -0.233479 -0.972362 -0
    outer loop
      vertex 15.6089 -2.46922 3
      vertex 15.2275 -2.37764 0
      vertex 15.6089 -2.46922 0
    endloop
  endfacet
  facet normal -0.649445 -0.760409 0
    outer loop
      vertex 14.2322 -1.76777 0
      vertex 14.5305 -2.02254 3
      vertex 14.2322 -1.76777 3
    endloop
  endfacet
  facet normal -0.649445 -0.760409 -0
    outer loop
      vertex 14.5305 -2.02254 3
      vertex 14.2322 -1.76777 0
      vertex 14.5305 -2.02254 0
    endloop
  endfacet
  facet normal 0.852606 0.522555 0
    outer loop
      vertex 18.2275 1.13498 3
      vertex 18.0225 1.46946 0
      vertex 18.0225 1.46946 3
    endloop
  endfacet
  facet normal 0.852606 0.522555 0
    outer loop
      vertex 18.0225 1.46946 0
      vertex 18.2275 1.13498 3
      vertex 18.2275 1.13498 0
    endloop
  endfacet
  facet normal -0.923904 0.382625 0
    outer loop
      vertex 13.6224 0.772542 0
      vertex 13.7725 1.13498 3
      vertex 13.7725 1.13498 0
    endloop
  endfacet
  facet normal -0.923904 0.382625 0
    outer loop
      vertex 13.7725 1.13498 3
      vertex 13.6224 0.772542 0
      vertex 13.6224 0.772542 3
    endloop
  endfacet
  facet normal -0.522495 0.852642 0
    outer loop
      vertex 14.865 2.22752 0
      vertex 14.5305 2.02254 3
      vertex 14.865 2.22752 3
    endloop
  endfacet
  facet normal -0.522495 0.852642 0
    outer loop
      vertex 14.5305 2.02254 3
      vertex 14.865 2.22752 0
      vertex 14.5305 2.02254 0
    endloop
  endfacet
  facet normal -0.0784585 -0.996917 0
    outer loop
      vertex 15.6089 -2.46922 0
      vertex 16 -2.5 3
      vertex 15.6089 -2.46922 3
    endloop
  endfacet
  facet normal -0.0784585 -0.996917 -0
    outer loop
      vertex 16 -2.5 3
      vertex 15.6089 -2.46922 0
      vertex 16 -2.5 0
    endloop
  endfacet
  facet normal 0.522495 0.852642 -0
    outer loop
      vertex 17.4695 2.02254 0
      vertex 17.135 2.22752 3
      vertex 17.4695 2.02254 3
    endloop
  endfacet
  facet normal 0.522495 0.852642 0
    outer loop
      vertex 17.135 2.22752 3
      vertex 17.4695 2.02254 0
      vertex 17.135 2.22752 0
    endloop
  endfacet
  facet normal 0.522495 -0.852642 0
    outer loop
      vertex 17.135 -2.22752 0
      vertex 17.4695 -2.02254 3
      vertex 17.135 -2.22752 3
    endloop
  endfacet
  facet normal 0.522495 -0.852642 0
    outer loop
      vertex 17.4695 -2.02254 3
      vertex 17.135 -2.22752 0
      vertex 17.4695 -2.02254 0
    endloop
  endfacet
  facet normal -0.760508 0.649329 0
    outer loop
      vertex 13.9775 1.46946 0
      vertex 14.2322 1.76777 3
      vertex 14.2322 1.76777 0
    endloop
  endfacet
  facet normal -0.760508 0.649329 0
    outer loop
      vertex 14.2322 1.76777 3
      vertex 13.9775 1.46946 0
      vertex 13.9775 1.46946 3
    endloop
  endfacet
  facet normal -0.233479 0.972362 0
    outer loop
      vertex 15.6089 2.46922 0
      vertex 15.2275 2.37764 3
      vertex 15.6089 2.46922 3
    endloop
  endfacet
  facet normal -0.233479 0.972362 0
    outer loop
      vertex 15.2275 2.37764 3
      vertex 15.6089 2.46922 0
      vertex 15.2275 2.37764 0
    endloop
  endfacet
  facet normal 0 0 -1
    outer loop
      vertex 17.8 0 0
      vertex 18.5 0 0
      vertex 18.4692 -0.391086 0
    endloop
  endfacet
  facet normal 0 0 -1
    outer loop
      vertex 17.7778 -0.281582 0
      vertex 18.4692 -0.391086 0
      vertex 18.3776 -0.772542 0
    endloop
  endfacet
  facet normal 0 0 -1
    outer loop
      vertex 18.5 0 0
      vertex 17.8 0 0
      vertex 18.4692 0.391086 0
    endloop
  endfacet
  facet normal 0 0 -1
    outer loop
      vertex 17.7119 -0.556231 0
      vertex 18.3776 -0.772542 0
      vertex 18.2275 -1.13498 0
    endloop
  endfacet
  facet normal 0 0 -1
    outer loop
      vertex 17.7778 0.281582 0
      vertex 18.4692 0.391086 0
      vertex 17.8 0 0
    endloop
  endfacet
  facet normal 0 0 -1
    outer loop
      vertex 17.6038 -0.817183 0
      vertex 18.2275 -1.13498 0
      vertex 18.0225 -1.46946 0
    endloop
  endfacet
  facet normal -0 0 -1
    outer loop
      vertex 18.4692 0.391086 0
      vertex 17.7778 0.281582 0
      vertex 18.3776 0.772542 0
    endloop
  endfacet
  facet normal 0 0 -1
    outer loop
      vertex 17.7119 0.556231 0
      vertex 18.3776 0.772542 0
      vertex 17.7778 0.281582 0
    endloop
  endfacet
  facet normal 0 0 -1
    outer loop
      vertex 18.4692 -0.391086 0
      vertex 17.7778 -0.281582 0
      vertex 17.8 0 0
    endloop
  endfacet
  facet normal 0 0 -1
    outer loop
      vertex 17.4562 -1.05801 0
      vertex 18.0225 -1.46946 0
      vertex 17.7678 -1.76777 0
    endloop
  endfacet
  facet normal 0 0 -1
    outer loop
      vertex 18.3776 -0.772542 0
      vertex 17.7119 -0.556231 0
      vertex 17.7778 -0.281582 0
    endloop
  endfacet
  facet normal 0 0 -1
    outer loop
      vertex 18.2275 -1.13498 0
      vertex 17.6038 -0.817183 0
      vertex 17.7119 -0.556231 0
    endloop
  endfacet
  facet normal 0 0 -1
    outer loop
      vertex 17.2728 -1.27279 0
      vertex 17.7678 -1.76777 0
      vertex 17.4695 -2.02254 0
    endloop
  endfacet
  facet normal 0 0 -1
    outer loop
      vertex 18.0225 -1.46946 0
      vertex 17.4562 -1.05801 0
      vertex 17.6038 -0.817183 0
    endloop
  endfacet
  facet normal 0 0 -1
    outer loop
      vertex 17.7678 -1.76777 0
      vertex 17.2728 -1.27279 0
      vertex 17.4562 -1.05801 0
    endloop
  endfacet
  facet normal 0 0 -1
    outer loop
      vertex 17.058 -1.45623 0
      vertex 17.4695 -2.02254 0
      vertex 17.135 -2.22752 0
    endloop
  endfacet
  facet normal 0 0 -1
    outer loop
      vertex 17.4695 -2.02254 0
      vertex 17.058 -1.45623 0
      vertex 17.2728 -1.27279 0
    endloop
  endfacet
  facet normal 0 0 -1
    outer loop
      vertex 17.135 -2.22752 0
      vertex 16.8172 -1.60381 0
      vertex 17.058 -1.45623 0
    endloop
  endfacet
  facet normal 0 0 -1
    outer loop
      vertex 16.7725 -2.37764 0
      vertex 16.8172 -1.60381 0
      vertex 17.135 -2.22752 0
    endloop
  endfacet
  facet normal 0 0 -1
    outer loop
      vertex 16.7725 -2.37764 0
      vertex 16.5562 -1.7119 0
      vertex 16.8172 -1.60381 0
    endloop
  endfacet
  facet normal 0 0 -1
    outer loop
      vertex 16.3911 -2.46922 0
      vertex 16.5562 -1.7119 0
      vertex 16.7725 -2.37764 0
    endloop
  endfacet
  facet normal 0 0 -1
    outer loop
      vertex 16.3911 -2.46922 0
      vertex 16.2816 -1.77784 0
      vertex 16.5562 -1.7119 0
    endloop
  endfacet
  facet normal 0 0 -1
    outer loop
      vertex 16 -2.5 0
      vertex 16.2816 -1.77784 0
      vertex 16.3911 -2.46922 0
    endloop
  endfacet
  facet normal 0 0 -1
    outer loop
      vertex 16 -2.5 0
      vertex 16 -1.8 0
      vertex 16.2816 -1.77784 0
    endloop
  endfacet
  facet normal 0 0 -1
    outer loop
      vertex 16 -2.5 0
      vertex 15.7184 -1.77784 0
      vertex 16 -1.8 0
    endloop
  endfacet
  facet normal 0 0 -1
    outer loop
      vertex 15.6089 -2.46922 0
      vertex 15.7184 -1.77784 0
      vertex 16 -2.5 0
    endloop
  endfacet
  facet normal 0 0 -1
    outer loop
      vertex 15.6089 -2.46922 0
      vertex 15.4438 -1.7119 0
      vertex 15.7184 -1.77784 0
    endloop
  endfacet
  facet normal 0 0 -1
    outer loop
      vertex 15.2275 -2.37764 0
      vertex 15.4438 -1.7119 0
      vertex 15.6089 -2.46922 0
    endloop
  endfacet
  facet normal 0 0 -1
    outer loop
      vertex 15.2275 -2.37764 0
      vertex 15.1828 -1.60381 0
      vertex 15.4438 -1.7119 0
    endloop
  endfacet
  facet normal 0 0 -1
    outer loop
      vertex 14.865 -2.22752 0
      vertex 15.1828 -1.60381 0
      vertex 15.2275 -2.37764 0
    endloop
  endfacet
  facet normal -0 0 -1
    outer loop
      vertex 15.1828 -1.60381 0
      vertex 14.865 -2.22752 0
      vertex 14.942 -1.45623 0
    endloop
  endfacet
  facet normal 0 0 -1
    outer loop
      vertex 14.5305 -2.02254 0
      vertex 14.942 -1.45623 0
      vertex 14.865 -2.22752 0
    endloop
  endfacet
  facet normal -0 0 -1
    outer loop
      vertex 14.942 -1.45623 0
      vertex 14.5305 -2.02254 0
      vertex 14.7272 -1.27279 0
    endloop
  endfacet
  facet normal 0 0 -1
    outer loop
      vertex 14.2322 -1.76777 0
      vertex 14.7272 -1.27279 0
      vertex 14.5305 -2.02254 0
    endloop
  endfacet
  facet normal -0 0 -1
    outer loop
      vertex 14.7272 -1.27279 0
      vertex 14.2322 -1.76777 0
      vertex 14.5438 -1.05801 0
    endloop
  endfacet
  facet normal 0 0 -1
    outer loop
      vertex 13.9775 -1.46946 0
      vertex 14.5438 -1.05801 0
      vertex 14.2322 -1.76777 0
    endloop
  endfacet
  facet normal -0 0 -1
    outer loop
      vertex 14.5438 -1.05801 0
      vertex 13.9775 -1.46946 0
      vertex 14.3962 -0.817183 0
    endloop
  endfacet
  facet normal 0 0 -1
    outer loop
      vertex 13.7725 -1.13498 0
      vertex 14.3962 -0.817183 0
      vertex 13.9775 -1.46946 0
    endloop
  endfacet
  facet normal -0 0 -1
    outer loop
      vertex 14.3962 -0.817183 0
      vertex 13.7725 -1.13498 0
      vertex 14.2881 -0.556231 0
    endloop
  endfacet
  facet normal 0 0 -1
    outer loop
      vertex 13.6224 -0.772542 0
      vertex 14.2881 -0.556231 0
      vertex 13.7725 -1.13498 0
    endloop
  endfacet
  facet normal -0 0 -1
    outer loop
      vertex 18.3776 0.772542 0
      vertex 17.7119 0.556231 0
      vertex 18.2275 1.13498 0
    endloop
  endfacet
  facet normal 0 0 -1
    outer loop
      vertex 17.6038 0.817183 0
      vertex 18.2275 1.13498 0
      vertex 17.7119 0.556231 0
    endloop
  endfacet
  facet normal -0 0 -1
    outer loop
      vertex 18.2275 1.13498 0
      vertex 17.6038 0.817183 0
      vertex 18.0225 1.46946 0
    endloop
  endfacet
  facet normal 0 0 -1
    outer loop
      vertex 17.4562 1.05801 0
      vertex 18.0225 1.46946 0
      vertex 17.6038 0.817183 0
    endloop
  endfacet
  facet normal -0 0 -1
    outer loop
      vertex 18.0225 1.46946 0
      vertex 17.4562 1.05801 0
      vertex 17.7678 1.76777 0
    endloop
  endfacet
  facet normal 0 0 -1
    outer loop
      vertex 17.2728 1.27279 0
      vertex 17.7678 1.76777 0
      vertex 17.4562 1.05801 0
    endloop
  endfacet
  facet normal -0 0 -1
    outer loop
      vertex 17.7678 1.76777 0
      vertex 17.2728 1.27279 0
      vertex 17.4695 2.02254 0
    endloop
  endfacet
  facet normal 0 0 -1
    outer loop
      vertex 17.058 1.45623 0
      vertex 17.4695 2.02254 0
      vertex 17.2728 1.27279 0
    endloop
  endfacet
  facet normal -0 0 -1
    outer loop
      vertex 17.4695 2.02254 0
      vertex 17.058 1.45623 0
      vertex 17.135 2.22752 0
    endloop
  endfacet
  facet normal 0 0 -1
    outer loop
      vertex 16.8172 1.60381 0
      vertex 17.135 2.22752 0
      vertex 17.058 1.45623 0
    endloop
  endfacet
  facet normal 0 0 -1
    outer loop
      vertex 16.8172 1.60381 0
      vertex 16.7725 2.37764 0
      vertex 17.135 2.22752 0
    endloop
  endfacet
  facet normal 0 0 -1
    outer loop
      vertex 16.5562 1.7119 0
      vertex 16.7725 2.37764 0
      vertex 16.8172 1.60381 0
    endloop
  endfacet
  facet normal 0 0 -1
    outer loop
      vertex 16.5562 1.7119 0
      vertex 16.3911 2.46922 0
      vertex 16.7725 2.37764 0
    endloop
  endfacet
  facet normal 0 0 -1
    outer loop
      vertex 16.2816 1.77784 0
      vertex 16.3911 2.46922 0
      vertex 16.5562 1.7119 0
    endloop
  endfacet
  facet normal 0 0 -1
    outer loop
      vertex 16 1.8 0
      vertex 16.3911 2.46922 0
      vertex 16.2816 1.77784 0
    endloop
  endfacet
  facet normal 0 0 -1
    outer loop
      vertex 16 1.8 0
      vertex 16 2.5 0
      vertex 16.3911 2.46922 0
    endloop
  endfacet
  facet normal 0 0 -1
    outer loop
      vertex 15.7184 1.77784 0
      vertex 16 2.5 0
      vertex 16 1.8 0
    endloop
  endfacet
  facet normal 0 0 -1
    outer loop
      vertex 15.7184 1.77784 0
      vertex 15.6089 2.46922 0
      vertex 16 2.5 0
    endloop
  endfacet
  facet normal 0 0 -1
    outer loop
      vertex 15.4438 1.7119 0
      vertex 15.6089 2.46922 0
      vertex 15.7184 1.77784 0
    endloop
  endfacet
  facet normal 0 0 -1
    outer loop
      vertex 15.4438 1.7119 0
      vertex 15.2275 2.37764 0
      vertex 15.6089 2.46922 0
    endloop
  endfacet
  facet normal 0 0 -1
    outer loop
      vertex 15.1828 1.60381 0
      vertex 15.2275 2.37764 0
      vertex 15.4438 1.7119 0
    endloop
  endfacet
  facet normal 0 0 -1
    outer loop
      vertex 14.865 2.22752 0
      vertex 15.1828 1.60381 0
      vertex 14.942 1.45623 0
    endloop
  endfacet
  facet normal 0 0 -1
    outer loop
      vertex 15.1828 1.60381 0
      vertex 14.865 2.22752 0
      vertex 15.2275 2.37764 0
    endloop
  endfacet
  facet normal 0 0 -1
    outer loop
      vertex 14.5305 2.02254 0
      vertex 14.942 1.45623 0
      vertex 14.7272 1.27279 0
    endloop
  endfacet
  facet normal 0 0 -1
    outer loop
      vertex 14.2322 1.76777 0
      vertex 14.7272 1.27279 0
      vertex 14.5438 1.05801 0
    endloop
  endfacet
  facet normal 0 0 -1
    outer loop
      vertex 14.942 1.45623 0
      vertex 14.5305 2.02254 0
      vertex 14.865 2.22752 0
    endloop
  endfacet
  facet normal 0 0 -1
    outer loop
      vertex 13.9775 1.46946 0
      vertex 14.5438 1.05801 0
      vertex 14.3962 0.817183 0
    endloop
  endfacet
  facet normal 0 0 -1
    outer loop
      vertex 13.7725 1.13498 0
      vertex 14.3962 0.817183 0
      vertex 14.2881 0.556231 0
    endloop
  endfacet
  facet normal 0 0 -1
    outer loop
      vertex 14.7272 1.27279 0
      vertex 14.2322 1.76777 0
      vertex 14.5305 2.02254 0
    endloop
  endfacet
  facet normal 0 0 -1
    outer loop
      vertex 13.6224 0.772542 0
      vertex 14.2881 0.556231 0
      vertex 14.2222 0.281582 0
    endloop
  endfacet
  facet normal 0 0 -1
    outer loop
      vertex 13.5308 0.391086 0
      vertex 14.2222 0.281582 0
      vertex 14.2 0 0
    endloop
  endfacet
  facet normal -0 0 -1
    outer loop
      vertex 14.2881 -0.556231 0
      vertex 13.6224 -0.772542 0
      vertex 14.2222 -0.281582 0
    endloop
  endfacet
  facet normal 0 0 -1
    outer loop
      vertex 14.5438 1.05801 0
      vertex 13.9775 1.46946 0
      vertex 14.2322 1.76777 0
    endloop
  endfacet
  facet normal 0 0 -1
    outer loop
      vertex 13.5308 -0.391086 0
      vertex 14.2222 -0.281582 0
      vertex 13.6224 -0.772542 0
    endloop
  endfacet
  facet normal 0 0 -1
    outer loop
      vertex 14.3962 0.817183 0
      vertex 13.7725 1.13498 0
      vertex 13.9775 1.46946 0
    endloop
  endfacet
  facet normal -0 0 -1
    outer loop
      vertex 14.2222 -0.281582 0
      vertex 13.5308 -0.391086 0
      vertex 14.2 0 0
    endloop
  endfacet
  facet normal 0 0 -1
    outer loop
      vertex 14.2881 0.556231 0
      vertex 13.6224 0.772542 0
      vertex 13.7725 1.13498 0
    endloop
  endfacet
  facet normal 0 0 -1
    outer loop
      vertex 13.5 0 0
      vertex 14.2 0 0
      vertex 13.5308 -0.391086 0
    endloop
  endfacet
  facet normal 0 0 -1
    outer loop
      vertex 14.2222 0.281582 0
      vertex 13.5308 0.391086 0
      vertex 13.6224 0.772542 0
    endloop
  endfacet
  facet normal 0 0 -1
    outer loop
      vertex 14.2 0 0
      vertex 13.5 0 0
      vertex 13.5308 0.391086 0
    endloop
  endfacet
  facet normal -0.522495 -0.852642 0
    outer loop
      vertex 14.5305 -2.02254 0
      vertex 14.865 -2.22752 3
      vertex 14.5305 -2.02254 3
    endloop
  endfacet
  facet normal -0.522495 -0.852642 -0
    outer loop
      vertex 14.865 -2.22752 3
      vertex 14.5305 -2.02254 0
      vertex 14.865 -2.22752 0
    endloop
  endfacet
  facet normal 0.760508 0.649329 0
    outer loop
      vertex 18.0225 1.46946 3
      vertex 17.7678 1.76777 0
      vertex 17.7678 1.76777 3
    endloop
  endfacet
  facet normal 0.760508 0.649329 0
    outer loop
      vertex 17.7678 1.76777 0
      vertex 18.0225 1.46946 3
      vertex 18.0225 1.46946 0
    endloop
  endfacet
  facet normal 0.649445 0.760409 -0
    outer loop
      vertex 17.7678 1.76777 0
      vertex 17.4695 2.02254 3
      vertex 17.7678 1.76777 3
    endloop
  endfacet
  facet normal 0.649445 0.760409 0
    outer loop
      vertex 17.4695 2.02254 3
      vertex 17.7678 1.76777 0
      vertex 17.4695 2.02254 0
    endloop
  endfacet
  facet normal 0 0 1
    outer loop
      vertex 18.4692 0.391086 3
      vertex 18.4692 -0.391086 3
      vertex 18.5 0 3
    endloop
  endfacet
  facet normal 0 0 1
    outer loop
      vertex 18.3776 0.772542 3
      vertex 18.4692 -0.391086 3
      vertex 18.4692 0.391086 3
    endloop
  endfacet
  facet normal 0 0 1
    outer loop
      vertex 18.3776 0.772542 3
      vertex 18.3776 -0.772542 3
      vertex 18.4692 -0.391086 3
    endloop
  endfacet
  facet normal 0 0 1
    outer loop
      vertex 18.2275 1.13498 3
      vertex 18.3776 -0.772542 3
      vertex 18.3776 0.772542 3
    endloop
  endfacet
  facet normal 0 0 1
    outer loop
      vertex 18.2275 1.13498 3
      vertex 18.2275 -1.13498 3
      vertex 18.3776 -0.772542 3
    endloop
  endfacet
  facet normal 0 0 1
    outer loop
      vertex 18.0225 1.46946 3
      vertex 18.2275 -1.13498 3
      vertex 18.2275 1.13498 3
    endloop
  endfacet
  facet normal 0 0 1
    outer loop
      vertex 18.0225 1.46946 3
      vertex 18.0225 -1.46946 3
      vertex 18.2275 -1.13498 3
    endloop
  endfacet
  facet normal 0 0 1
    outer loop
      vertex 17.7678 1.76777 3
      vertex 18.0225 -1.46946 3
      vertex 18.0225 1.46946 3
    endloop
  endfacet
  facet normal 0 0 1
    outer loop
      vertex 17.7678 1.76777 3
      vertex 17.7678 -1.76777 3
      vertex 18.0225 -1.46946 3
    endloop
  endfacet
  facet normal 0 0 1
    outer loop
      vertex 17.4695 2.02254 3
      vertex 17.7678 -1.76777 3
      vertex 17.7678 1.76777 3
    endloop
  endfacet
  facet normal 0 0 1
    outer loop
      vertex 17.4695 2.02254 3
      vertex 17.4695 -2.02254 3
      vertex 17.7678 -1.76777 3
    endloop
  endfacet
  facet normal 0 0 1
    outer loop
      vertex 17.135 2.22752 3
      vertex 17.4695 -2.02254 3
      vertex 17.4695 2.02254 3
    endloop
  endfacet
  facet normal 0 0 1
    outer loop
      vertex 17.135 2.22752 3
      vertex 17.135 -2.22752 3
      vertex 17.4695 -2.02254 3
    endloop
  endfacet
  facet normal 0 0 1
    outer loop
      vertex 16.7725 2.37764 3
      vertex 17.135 -2.22752 3
      vertex 17.135 2.22752 3
    endloop
  endfacet
  facet normal 0 0 1
    outer loop
      vertex 16.7725 2.37764 3
      vertex 16.7725 -2.37764 3
      vertex 17.135 -2.22752 3
    endloop
  endfacet
  facet normal 0 0 1
    outer loop
      vertex 16.3911 2.46922 3
      vertex 16.7725 -2.37764 3
      vertex 16.7725 2.37764 3
    endloop
  endfacet
  facet normal 0 0 1
    outer loop
      vertex 16.3911 2.46922 3
      vertex 16.3911 -2.46922 3
      vertex 16.7725 -2.37764 3
    endloop
  endfacet
  facet normal 0 0 1
    outer loop
      vertex 16 2.5 3
      vertex 16.3911 -2.46922 3
      vertex 16.3911 2.46922 3
    endloop
  endfacet
  facet normal 0 0 1
    outer loop
      vertex 16 2.5 3
      vertex 16 -2.5 3
      vertex 16.3911 -2.46922 3
    endloop
  endfacet
  facet normal -0 0 1
    outer loop
      vertex 15.6089 2.46922 3
      vertex 16 -2.5 3
      vertex 16 2.5 3
    endloop
  endfacet
  facet normal 0 0 1
    outer loop
      vertex 15.6089 2.46922 3
      vertex 15.6089 -2.46922 3
      vertex 16 -2.5 3
    endloop
  endfacet
  facet normal -0 0 1
    outer loop
      vertex 15.2275 2.37764 3
      vertex 15.6089 -2.46922 3
      vertex 15.6089 2.46922 3
    endloop
  endfacet
  facet normal 0 0 1
    outer loop
      vertex 15.2275 2.37764 3
      vertex 15.2275 -2.37764 3
      vertex 15.6089 -2.46922 3
    endloop
  endfacet
  facet normal -0 0 1
    outer loop
      vertex 14.865 2.22752 3
      vertex 15.2275 -2.37764 3
      vertex 15.2275 2.37764 3
    endloop
  endfacet
  facet normal 0 0 1
    outer loop
      vertex 14.865 2.22752 3
      vertex 14.865 -2.22752 3
      vertex 15.2275 -2.37764 3
    endloop
  endfacet
  facet normal -0 0 1
    outer loop
      vertex 14.5305 2.02254 3
      vertex 14.865 -2.22752 3
      vertex 14.865 2.22752 3
    endloop
  endfacet
  facet normal 0 0 1
    outer loop
      vertex 14.5305 2.02254 3
      vertex 14.5305 -2.02254 3
      vertex 14.865 -2.22752 3
    endloop
  endfacet
  facet normal -0 0 1
    outer loop
      vertex 14.2322 1.76777 3
      vertex 14.5305 -2.02254 3
      vertex 14.5305 2.02254 3
    endloop
  endfacet
  facet normal 0 0 1
    outer loop
      vertex 14.2322 1.76777 3
      vertex 14.2322 -1.76777 3
      vertex 14.5305 -2.02254 3
    endloop
  endfacet
  facet normal -0 0 1
    outer loop
      vertex 13.9775 1.46946 3
      vertex 14.2322 -1.76777 3
      vertex 14.2322 1.76777 3
    endloop
  endfacet
  facet normal 0 0 1
    outer loop
      vertex 13.9775 1.46946 3
      vertex 13.9775 -1.46946 3
      vertex 14.2322 -1.76777 3
    endloop
  endfacet
  facet normal -0 0 1
    outer loop
      vertex 13.7725 1.13498 3
      vertex 13.9775 -1.46946 3
      vertex 13.9775 1.46946 3
    endloop
  endfacet
  facet normal 0 0 1
    outer loop
      vertex 13.7725 1.13498 3
      vertex 13.7725 -1.13498 3
      vertex 13.9775 -1.46946 3
    endloop
  endfacet
  facet normal -0 0 1
    outer loop
      vertex 13.6224 0.772542 3
      vertex 13.7725 -1.13498 3
      vertex 13.7725 1.13498 3
    endloop
  endfacet
  facet normal 0 0 1
    outer loop
      vertex 13.6224 0.772542 3
      vertex 13.6224 -0.772542 3
      vertex 13.7725 -1.13498 3
    endloop
  endfacet
  facet normal -0 0 1
    outer loop
      vertex 13.5308 0.391086 3
      vertex 13.6224 -0.772542 3
      vertex 13.6224 0.772542 3
    endloop
  endfacet
  facet normal 0 0 1
    outer loop
      vertex 13.5308 0.391086 3
      vertex 13.5308 -0.391086 3
      vertex 13.6224 -0.772542 3
    endloop
  endfacet
  facet normal 0 -0 1
    outer loop
      vertex 13.5308 -0.391086 3
      vertex 13.5308 0.391086 3
      vertex 13.5 0 3
    endloop
  endfacet
  facet normal 0.0784585 -0.996917 0
    outer loop
      vertex 16 -2.5 0
      vertex 16.3911 -2.46922 3
      vertex 16 -2.5 3
    endloop
  endfacet
  facet normal 0.0784585 -0.996917 0
    outer loop
      vertex 16.3911 -2.46922 3
      vertex 16 -2.5 0
      vertex 16.3911 -2.46922 0
    endloop
  endfacet
  facet normal -0.382613 -0.923909 0
    outer loop
      vertex 14.865 -2.22752 0
      vertex 15.2275 -2.37764 3
      vertex 14.865 -2.22752 3
    endloop
  endfacet
  facet normal -0.382613 -0.923909 -0
    outer loop
      vertex 15.2275 -2.37764 3
      vertex 14.865 -2.22752 0
      vertex 15.2275 -2.37764 0
    endloop
  endfacet
  facet normal -0.852606 -0.522555 0
    outer loop
      vertex 13.9775 -1.46946 0
      vertex 13.7725 -1.13498 3
      vertex 13.7725 -1.13498 0
    endloop
  endfacet
  facet normal -0.852606 -0.522555 0
    outer loop
      vertex 13.7725 -1.13498 3
      vertex 13.9775 -1.46946 0
      vertex 13.9775 -1.46946 3
    endloop
  endfacet
  facet normal 0.233479 -0.972362 0
    outer loop
      vertex 16.3911 -2.46922 0
      vertex 16.7725 -2.37764 3
      vertex 16.3911 -2.46922 3
    endloop
  endfacet
  facet normal 0.233479 -0.972362 0
    outer loop
      vertex 16.7725 -2.37764 3
      vertex 16.3911 -2.46922 0
      vertex 16.7725 -2.37764 0
    endloop
  endfacet
  facet normal 0.649445 -0.760409 0
    outer loop
      vertex 17.4695 -2.02254 0
      vertex 17.7678 -1.76777 3
      vertex 17.4695 -2.02254 3
    endloop
  endfacet
  facet normal 0.649445 -0.760409 0
    outer loop
      vertex 17.7678 -1.76777 3
      vertex 17.4695 -2.02254 0
      vertex 17.7678 -1.76777 0
    endloop
  endfacet
  facet normal -0.996913 -0.078512 0
    outer loop
      vertex 13.5308 -0.391086 0
      vertex 13.5 0 3
      vertex 13.5 0 0
    endloop
  endfacet
  facet normal -0.996913 -0.078512 0
    outer loop
      vertex 13.5 0 3
      vertex 13.5308 -0.391086 0
      vertex 13.5308 -0.391086 3
    endloop
  endfacet
  facet normal 0.972358 -0.233495 0
    outer loop
      vertex 18.3776 -0.772542 3
      vertex 18.4692 -0.391086 0
      vertex 18.4692 -0.391086 3
    endloop
  endfacet
  facet normal 0.972358 -0.233495 0
    outer loop
      vertex 18.4692 -0.391086 0
      vertex 18.3776 -0.772542 3
      vertex 18.3776 -0.772542 0
    endloop
  endfacet
  facet normal 0.382613 0.923909 -0
    outer loop
      vertex 17.135 2.22752 0
      vertex 16.7725 2.37764 3
      vertex 17.135 2.22752 3
    endloop
  endfacet
  facet normal 0.382613 0.923909 0
    outer loop
      vertex 16.7725 2.37764 3
      vertex 17.135 2.22752 0
      vertex 16.7725 2.37764 0
    endloop
  endfacet
  facet normal 0.0784585 0.996917 -0
    outer loop
      vertex 16.3911 2.46922 0
      vertex 16 2.5 3
      vertex 16.3911 2.46922 3
    endloop
  endfacet
  facet normal 0.0784585 0.996917 0
    outer loop
      vertex 16 2.5 3
      vertex 16.3911 2.46922 0
      vertex 16 2.5 0
    endloop
  endfacet
  facet normal -0.852606 0.522555 0
    outer loop
      vertex 13.7725 1.13498 0
      vertex 13.9775 1.46946 3
      vertex 13.9775 1.46946 0
    endloop
  endfacet
  facet normal -0.852606 0.522555 0
    outer loop
      vertex 13.9775 1.46946 3
      vertex 13.7725 1.13498 0
      vertex 13.7725 1.13498 3
    endloop
  endfacet
  facet normal -0.9724 -0.23332 0
    outer loop
      vertex 17.7778 0.281582 0
      vertex 17.7119 0.556231 0.589999
      vertex 17.7119 0.556231 0
    endloop
  endfacet
  facet normal -0.9724 -0.23332 0
    outer loop
      vertex 17.7119 0.556231 0.589999
      vertex 17.7778 0.281582 0
      vertex 17.7778 0.281582 0.589999
    endloop
  endfacet
  facet normal -0.996907 -0.0785964 0
    outer loop
      vertex 17.8 0 0
      vertex 17.7778 0.281582 0.589999
      vertex 17.7778 0.281582 0
    endloop
  endfacet
  facet normal -0.996907 -0.0785964 0
    outer loop
      vertex 17.7778 0.281582 0.589999
      vertex 17.8 0 0
      vertex 17.8 0 0.589999
    endloop
  endfacet
  facet normal -0.760475 -0.649367 0
    outer loop
      vertex 17.4562 1.05801 0
      vertex 17.2728 1.27279 0.589999
      vertex 17.2728 1.27279 0
    endloop
  endfacet
  facet normal -0.760475 -0.649367 0
    outer loop
      vertex 17.2728 1.27279 0.589999
      vertex 17.4562 1.05801 0
      vertex 17.4562 1.05801 0.589999
    endloop
  endfacet
  facet normal 0.923867 0.382714 0
    outer loop
      vertex 14.3962 -0.817183 0.589999
      vertex 14.2881 -0.556231 0
      vertex 14.2881 -0.556231 0.589999
    endloop
  endfacet
  facet normal 0.923867 0.382714 0
    outer loop
      vertex 14.2881 -0.556231 0
      vertex 14.3962 -0.817183 0.589999
      vertex 14.3962 -0.817183 0
    endloop
  endfacet
  facet normal 0.760475 0.649367 0
    outer loop
      vertex 14.7272 -1.27279 0.589999
      vertex 14.5438 -1.05801 0
      vertex 14.5438 -1.05801 0.589999
    endloop
  endfacet
  facet normal 0.760475 0.649367 0
    outer loop
      vertex 14.5438 -1.05801 0
      vertex 14.7272 -1.27279 0.589999
      vertex 14.7272 -1.27279 0
    endloop
  endfacet
  facet normal -0.996907 0.0785964 0
    outer loop
      vertex 17.7778 -0.281582 0
      vertex 17.8 0 0.589999
      vertex 17.8 0 0
    endloop
  endfacet
  facet normal -0.996907 0.0785964 0
    outer loop
      vertex 17.8 0 0.589999
      vertex 17.7778 -0.281582 0
      vertex 17.7778 -0.281582 0.589999
    endloop
  endfacet
  facet normal 0.760475 -0.649367 0
    outer loop
      vertex 14.5438 1.05801 0.589999
      vertex 14.7272 1.27279 0
      vertex 14.7272 1.27279 0.589999
    endloop
  endfacet
  facet normal 0.760475 -0.649367 0
    outer loop
      vertex 14.7272 1.27279 0
      vertex 14.5438 1.05801 0.589999
      vertex 14.5438 1.05801 0
    endloop
  endfacet
  facet normal 0.9724 0.23332 0
    outer loop
      vertex 14.2881 -0.556231 0.589999
      vertex 14.2222 -0.281582 0
      vertex 14.2222 -0.281582 0.589999
    endloop
  endfacet
  facet normal 0.9724 0.23332 0
    outer loop
      vertex 14.2222 -0.281582 0
      vertex 14.2881 -0.556231 0.589999
      vertex 14.2881 -0.556231 0
    endloop
  endfacet
  facet normal 0.9724 -0.23332 0
    outer loop
      vertex 14.2222 0.281582 0.589999
      vertex 14.2881 0.556231 0
      vertex 14.2881 0.556231 0.589999
    endloop
  endfacet
  facet normal 0.9724 -0.23332 0
    outer loop
      vertex 14.2881 0.556231 0
      vertex 14.2222 0.281582 0.589999
      vertex 14.2222 0.281582 0
    endloop
  endfacet
  facet normal -0.233493 -0.972358 0
    outer loop
      vertex 16.2816 1.77784 0
      vertex 16.5562 1.7119 0.589999
      vertex 16.2816 1.77784 0.589999
    endloop
  endfacet
  facet normal -0.233493 -0.972358 -0
    outer loop
      vertex 16.5562 1.7119 0.589999
      vertex 16.2816 1.77784 0
      vertex 16.5562 1.7119 0
    endloop
  endfacet
  facet normal 0.382624 -0.923904 0
    outer loop
      vertex 15.1828 1.60381 0
      vertex 15.4438 1.7119 0.589999
      vertex 15.1828 1.60381 0.589999
    endloop
  endfacet
  facet normal 0.382624 -0.923904 0
    outer loop
      vertex 15.4438 1.7119 0.589999
      vertex 15.1828 1.60381 0
      vertex 15.4438 1.7119 0
    endloop
  endfacet
  facet normal -0.522544 0.852612 0
    outer loop
      vertex 17.058 -1.45623 0
      vertex 16.8172 -1.60381 0.589999
      vertex 17.058 -1.45623 0.589999
    endloop
  endfacet
  facet normal -0.522544 0.852612 0
    outer loop
      vertex 16.8172 -1.60381 0.589999
      vertex 17.058 -1.45623 0
      vertex 16.8172 -1.60381 0
    endloop
  endfacet
  facet normal -0.382624 -0.923904 0
    outer loop
      vertex 16.5562 1.7119 0
      vertex 16.8172 1.60381 0.589999
      vertex 16.5562 1.7119 0.589999
    endloop
  endfacet
  facet normal -0.382624 -0.923904 -0
    outer loop
      vertex 16.8172 1.60381 0.589999
      vertex 16.5562 1.7119 0
      vertex 16.8172 1.60381 0
    endloop
  endfacet
  facet normal -0.760475 0.649367 0
    outer loop
      vertex 17.2728 -1.27279 0
      vertex 17.4562 -1.05801 0.589999
      vertex 17.4562 -1.05801 0
    endloop
  endfacet
  facet normal -0.760475 0.649367 0
    outer loop
      vertex 17.4562 -1.05801 0.589999
      vertex 17.2728 -1.27279 0
      vertex 17.2728 -1.27279 0.589999
    endloop
  endfacet
  facet normal 0.522544 -0.852612 0
    outer loop
      vertex 14.942 1.45623 0
      vertex 15.1828 1.60381 0.589999
      vertex 14.942 1.45623 0.589999
    endloop
  endfacet
  facet normal 0.522544 -0.852612 0
    outer loop
      vertex 15.1828 1.60381 0.589999
      vertex 14.942 1.45623 0
      vertex 15.1828 1.60381 0
    endloop
  endfacet
  facet normal -0.0784506 0.996918 0
    outer loop
      vertex 16.2816 -1.77784 0
      vertex 16 -1.8 0.589999
      vertex 16.2816 -1.77784 0.589999
    endloop
  endfacet
  facet normal -0.0784506 0.996918 0
    outer loop
      vertex 16 -1.8 0.589999
      vertex 16.2816 -1.77784 0
      vertex 16 -1.8 0
    endloop
  endfacet
  facet normal -0.233493 0.972358 0
    outer loop
      vertex 16.5562 -1.7119 0
      vertex 16.2816 -1.77784 0.589999
      vertex 16.5562 -1.7119 0.589999
    endloop
  endfacet
  facet normal -0.233493 0.972358 0
    outer loop
      vertex 16.2816 -1.77784 0.589999
      vertex 16.5562 -1.7119 0
      vertex 16.2816 -1.77784 0
    endloop
  endfacet
  facet normal 0.382624 0.923904 -0
    outer loop
      vertex 15.4438 -1.7119 0
      vertex 15.1828 -1.60381 0.589999
      vertex 15.4438 -1.7119 0.589999
    endloop
  endfacet
  facet normal 0.382624 0.923904 0
    outer loop
      vertex 15.1828 -1.60381 0.589999
      vertex 15.4438 -1.7119 0
      vertex 15.1828 -1.60381 0
    endloop
  endfacet
  facet normal -0.923867 0.382714 0
    outer loop
      vertex 17.6038 -0.817183 0
      vertex 17.7119 -0.556231 0.589999
      vertex 17.7119 -0.556231 0
    endloop
  endfacet
  facet normal -0.923867 0.382714 0
    outer loop
      vertex 17.7119 -0.556231 0.589999
      vertex 17.6038 -0.817183 0
      vertex 17.6038 -0.817183 0.589999
    endloop
  endfacet
  facet normal -0.852607 0.522553 0
    outer loop
      vertex 17.4562 -1.05801 0
      vertex 17.6038 -0.817183 0.589999
      vertex 17.6038 -0.817183 0
    endloop
  endfacet
  facet normal -0.852607 0.522553 0
    outer loop
      vertex 17.6038 -0.817183 0.589999
      vertex 17.4562 -1.05801 0
      vertex 17.4562 -1.05801 0.589999
    endloop
  endfacet
  facet normal -0.9724 0.23332 0
    outer loop
      vertex 17.7119 -0.556231 0
      vertex 17.7778 -0.281582 0.589999
      vertex 17.7778 -0.281582 0
    endloop
  endfacet
  facet normal -0.9724 0.23332 0
    outer loop
      vertex 17.7778 -0.281582 0.589999
      vertex 17.7119 -0.556231 0
      vertex 17.7119 -0.556231 0.589999
    endloop
  endfacet
  facet normal 0.0784506 0.996918 -0
    outer loop
      vertex 16 -1.8 0
      vertex 15.7184 -1.77784 0.589999
      vertex 16 -1.8 0.589999
    endloop
  endfacet
  facet normal 0.0784506 0.996918 0
    outer loop
      vertex 15.7184 -1.77784 0.589999
      vertex 16 -1.8 0
      vertex 15.7184 -1.77784 0
    endloop
  endfacet
  facet normal -0.852607 -0.522553 0
    outer loop
      vertex 17.6038 0.817183 0
      vertex 17.4562 1.05801 0.589999
      vertex 17.4562 1.05801 0
    endloop
  endfacet
  facet normal -0.852607 -0.522553 0
    outer loop
      vertex 17.4562 1.05801 0.589999
      vertex 17.6038 0.817183 0
      vertex 17.6038 0.817183 0.589999
    endloop
  endfacet
  facet normal -0.649414 0.760435 0
    outer loop
      vertex 17.2728 -1.27279 0
      vertex 17.058 -1.45623 0.589999
      vertex 17.2728 -1.27279 0.589999
    endloop
  endfacet
  facet normal -0.649414 0.760435 0
    outer loop
      vertex 17.058 -1.45623 0.589999
      vertex 17.2728 -1.27279 0
      vertex 17.058 -1.45623 0
    endloop
  endfacet
  facet normal 0.996907 -0.0785964 0
    outer loop
      vertex 14.2 0 0.589999
      vertex 14.2222 0.281582 0
      vertex 14.2222 0.281582 0.589999
    endloop
  endfacet
  facet normal 0.996907 -0.0785964 0
    outer loop
      vertex 14.2222 0.281582 0
      vertex 14.2 0 0.589999
      vertex 14.2 0 0
    endloop
  endfacet
  facet normal 0.649414 -0.760435 0
    outer loop
      vertex 14.7272 1.27279 0
      vertex 14.942 1.45623 0.589999
      vertex 14.7272 1.27279 0.589999
    endloop
  endfacet
  facet normal 0.649414 -0.760435 0
    outer loop
      vertex 14.942 1.45623 0.589999
      vertex 14.7272 1.27279 0
      vertex 14.942 1.45623 0
    endloop
  endfacet
  facet normal -0.649414 -0.760435 0
    outer loop
      vertex 17.058 1.45623 0
      vertex 17.2728 1.27279 0.589999
      vertex 17.058 1.45623 0.589999
    endloop
  endfacet
  facet normal -0.649414 -0.760435 -0
    outer loop
      vertex 17.2728 1.27279 0.589999
      vertex 17.058 1.45623 0
      vertex 17.2728 1.27279 0
    endloop
  endfacet
  facet normal -0.382624 0.923904 0
    outer loop
      vertex 16.8172 -1.60381 0
      vertex 16.5562 -1.7119 0.589999
      vertex 16.8172 -1.60381 0.589999
    endloop
  endfacet
  facet normal -0.382624 0.923904 0
    outer loop
      vertex 16.5562 -1.7119 0.589999
      vertex 16.8172 -1.60381 0
      vertex 16.5562 -1.7119 0
    endloop
  endfacet
  facet normal -0.522544 -0.852612 0
    outer loop
      vertex 16.8172 1.60381 0
      vertex 17.058 1.45623 0.589999
      vertex 16.8172 1.60381 0.589999
    endloop
  endfacet
  facet normal -0.522544 -0.852612 -0
    outer loop
      vertex 17.058 1.45623 0.589999
      vertex 16.8172 1.60381 0
      vertex 17.058 1.45623 0
    endloop
  endfacet
  facet normal 0.233493 -0.972358 0
    outer loop
      vertex 15.4438 1.7119 0
      vertex 15.7184 1.77784 0.589999
      vertex 15.4438 1.7119 0.589999
    endloop
  endfacet
  facet normal 0.233493 -0.972358 0
    outer loop
      vertex 15.7184 1.77784 0.589999
      vertex 15.4438 1.7119 0
      vertex 15.7184 1.77784 0
    endloop
  endfacet
  facet normal 0.0784506 -0.996918 0
    outer loop
      vertex 15.7184 1.77784 0
      vertex 16 1.8 0.589999
      vertex 15.7184 1.77784 0.589999
    endloop
  endfacet
  facet normal 0.0784506 -0.996918 0
    outer loop
      vertex 16 1.8 0.589999
      vertex 15.7184 1.77784 0
      vertex 16 1.8 0
    endloop
  endfacet
  facet normal 0 0 -1
    outer loop
      vertex 17.7778 -0.281582 0.589999
      vertex 17.7778 0.281582 0.589999
      vertex 17.8 0 0.589999
    endloop
  endfacet
  facet normal 0 0 -1
    outer loop
      vertex 17.7119 -0.556231 0.589999
      vertex 17.7778 0.281582 0.589999
      vertex 17.7778 -0.281582 0.589999
    endloop
  endfacet
  facet normal 0 0 -1
    outer loop
      vertex 17.7119 -0.556231 0.589999
      vertex 17.7119 0.556231 0.589999
      vertex 17.7778 0.281582 0.589999
    endloop
  endfacet
  facet normal 0 0 -1
    outer loop
      vertex 17.6038 -0.817183 0.589999
      vertex 17.7119 0.556231 0.589999
      vertex 17.7119 -0.556231 0.589999
    endloop
  endfacet
  facet normal 0 0 -1
    outer loop
      vertex 17.6038 -0.817183 0.589999
      vertex 17.6038 0.817183 0.589999
      vertex 17.7119 0.556231 0.589999
    endloop
  endfacet
  facet normal 0 0 -1
    outer loop
      vertex 17.4562 -1.05801 0.589999
      vertex 17.6038 0.817183 0.589999
      vertex 17.6038 -0.817183 0.589999
    endloop
  endfacet
  facet normal 0 0 -1
    outer loop
      vertex 17.4562 -1.05801 0.589999
      vertex 17.4562 1.05801 0.589999
      vertex 17.6038 0.817183 0.589999
    endloop
  endfacet
  facet normal 0 0 -1
    outer loop
      vertex 17.2728 -1.27279 0.589999
      vertex 17.4562 1.05801 0.589999
      vertex 17.4562 -1.05801 0.589999
    endloop
  endfacet
  facet normal 0 0 -1
    outer loop
      vertex 17.2728 -1.27279 0.589999
      vertex 17.2728 1.27279 0.589999
      vertex 17.4562 1.05801 0.589999
    endloop
  endfacet
  facet normal 0 0 -1
    outer loop
      vertex 17.058 -1.45623 0.589999
      vertex 17.2728 1.27279 0.589999
      vertex 17.2728 -1.27279 0.589999
    endloop
  endfacet
  facet normal 0 0 -1
    outer loop
      vertex 17.058 -1.45623 0.589999
      vertex 17.058 1.45623 0.589999
      vertex 17.2728 1.27279 0.589999
    endloop
  endfacet
  facet normal 0 0 -1
    outer loop
      vertex 16.8172 -1.60381 0.589999
      vertex 17.058 1.45623 0.589999
      vertex 17.058 -1.45623 0.589999
    endloop
  endfacet
  facet normal 0 0 -1
    outer loop
      vertex 16.8172 -1.60381 0.589999
      vertex 16.8172 1.60381 0.589999
      vertex 17.058 1.45623 0.589999
    endloop
  endfacet
  facet normal 0 0 -1
    outer loop
      vertex 16.5562 -1.7119 0.589999
      vertex 16.8172 1.60381 0.589999
      vertex 16.8172 -1.60381 0.589999
    endloop
  endfacet
  facet normal 0 0 -1
    outer loop
      vertex 16.5562 -1.7119 0.589999
      vertex 16.5562 1.7119 0.589999
      vertex 16.8172 1.60381 0.589999
    endloop
  endfacet
  facet normal 0 0 -1
    outer loop
      vertex 16.2816 -1.77784 0.589999
      vertex 16.5562 1.7119 0.589999
      vertex 16.5562 -1.7119 0.589999
    endloop
  endfacet
  facet normal 0 0 -1
    outer loop
      vertex 16.2816 -1.77784 0.589999
      vertex 16.2816 1.77784 0.589999
      vertex 16.5562 1.7119 0.589999
    endloop
  endfacet
  facet normal 0 0 -1
    outer loop
      vertex 16 -1.8 0.589999
      vertex 16.2816 1.77784 0.589999
      vertex 16.2816 -1.77784 0.589999
    endloop
  endfacet
  facet normal 0 0 -1
    outer loop
      vertex 16 -1.8 0.589999
      vertex 16 1.8 0.589999
      vertex 16.2816 1.77784 0.589999
    endloop
  endfacet
  facet normal 0 0 -1
    outer loop
      vertex 15.7184 -1.77784 0.589999
      vertex 16 1.8 0.589999
      vertex 16 -1.8 0.589999
    endloop
  endfacet
  facet normal 0 0 -1
    outer loop
      vertex 15.7184 -1.77784 0.589999
      vertex 15.7184 1.77784 0.589999
      vertex 16 1.8 0.589999
    endloop
  endfacet
  facet normal 0 0 -1
    outer loop
      vertex 15.4438 -1.7119 0.589999
      vertex 15.7184 1.77784 0.589999
      vertex 15.7184 -1.77784 0.589999
    endloop
  endfacet
  facet normal 0 0 -1
    outer loop
      vertex 15.4438 -1.7119 0.589999
      vertex 15.4438 1.7119 0.589999
      vertex 15.7184 1.77784 0.589999
    endloop
  endfacet
  facet normal 0 0 -1
    outer loop
      vertex 15.1828 -1.60381 0.589999
      vertex 15.4438 1.7119 0.589999
      vertex 15.4438 -1.7119 0.589999
    endloop
  endfacet
  facet normal 0 0 -1
    outer loop
      vertex 15.1828 -1.60381 0.589999
      vertex 15.1828 1.60381 0.589999
      vertex 15.4438 1.7119 0.589999
    endloop
  endfacet
  facet normal 0 0 -1
    outer loop
      vertex 14.942 -1.45623 0.589999
      vertex 15.1828 1.60381 0.589999
      vertex 15.1828 -1.60381 0.589999
    endloop
  endfacet
  facet normal 0 0 -1
    outer loop
      vertex 14.942 -1.45623 0.589999
      vertex 14.942 1.45623 0.589999
      vertex 15.1828 1.60381 0.589999
    endloop
  endfacet
  facet normal 0 0 -1
    outer loop
      vertex 14.7272 -1.27279 0.589999
      vertex 14.942 1.45623 0.589999
      vertex 14.942 -1.45623 0.589999
    endloop
  endfacet
  facet normal 0 0 -1
    outer loop
      vertex 14.7272 -1.27279 0.589999
      vertex 14.7272 1.27279 0.589999
      vertex 14.942 1.45623 0.589999
    endloop
  endfacet
  facet normal 0 0 -1
    outer loop
      vertex 14.5438 -1.05801 0.589999
      vertex 14.7272 1.27279 0.589999
      vertex 14.7272 -1.27279 0.589999
    endloop
  endfacet
  facet normal 0 0 -1
    outer loop
      vertex 14.5438 -1.05801 0.589999
      vertex 14.5438 1.05801 0.589999
      vertex 14.7272 1.27279 0.589999
    endloop
  endfacet
  facet normal 0 0 -1
    outer loop
      vertex 14.3962 -0.817183 0.589999
      vertex 14.5438 1.05801 0.589999
      vertex 14.5438 -1.05801 0.589999
    endloop
  endfacet
  facet normal 0 0 -1
    outer loop
      vertex 14.3962 -0.817183 0.589999
      vertex 14.3962 0.817183 0.589999
      vertex 14.5438 1.05801 0.589999
    endloop
  endfacet
  facet normal 0 0 -1
    outer loop
      vertex 14.2881 -0.556231 0.589999
      vertex 14.3962 0.817183 0.589999
      vertex 14.3962 -0.817183 0.589999
    endloop
  endfacet
  facet normal 0 0 -1
    outer loop
      vertex 14.2881 -0.556231 0.589999
      vertex 14.2881 0.556231 0.589999
      vertex 14.3962 0.817183 0.589999
    endloop
  endfacet
  facet normal 0 0 -1
    outer loop
      vertex 14.2222 -0.281582 0.589999
      vertex 14.2881 0.556231 0.589999
      vertex 14.2881 -0.556231 0.589999
    endloop
  endfacet
  facet normal 0 0 -1
    outer loop
      vertex 14.2222 -0.281582 0.589999
      vertex 14.2222 0.281582 0.589999
      vertex 14.2881 0.556231 0.589999
    endloop
  endfacet
  facet normal 0 -0 -1
    outer loop
      vertex 14.2222 0.281582 0.589999
      vertex 14.2222 -0.281582 0.589999
      vertex 14.2 0 0.589999
    endloop
  endfacet
  facet normal 0.996907 0.0785964 0
    outer loop
      vertex 14.2222 -0.281582 0.589999
      vertex 14.2 0 0
      vertex 14.2 0 0.589999
    endloop
  endfacet
  facet normal 0.996907 0.0785964 0
    outer loop
      vertex 14.2 0 0
      vertex 14.2222 -0.281582 0.589999
      vertex 14.2222 -0.281582 0
    endloop
  endfacet
  facet normal -0.923867 -0.382714 0
    outer loop
      vertex 17.7119 0.556231 0
      vertex 17.6038 0.817183 0.589999
      vertex 17.6038 0.817183 0
    endloop
  endfacet
  facet normal -0.923867 -0.382714 0
    outer loop
      vertex 17.6038 0.817183 0.589999
      vertex 17.7119 0.556231 0
      vertex 17.7119 0.556231 0.589999
    endloop
  endfacet
  facet normal 0.852607 -0.522553 0
    outer loop
      vertex 14.3962 0.817183 0.589999
      vertex 14.5438 1.05801 0
      vertex 14.5438 1.05801 0.589999
    endloop
  endfacet
  facet normal 0.852607 -0.522553 0
    outer loop
      vertex 14.5438 1.05801 0
      vertex 14.3962 0.817183 0.589999
      vertex 14.3962 0.817183 0
    endloop
  endfacet
  facet normal 0.233493 0.972358 -0
    outer loop
      vertex 15.7184 -1.77784 0
      vertex 15.4438 -1.7119 0.589999
      vertex 15.7184 -1.77784 0.589999
    endloop
  endfacet
  facet normal 0.233493 0.972358 0
    outer loop
      vertex 15.4438 -1.7119 0.589999
      vertex 15.7184 -1.77784 0
      vertex 15.4438 -1.7119 0
    endloop
  endfacet
  facet normal -0.0784506 -0.996918 0
    outer loop
      vertex 16 1.8 0
      vertex 16.2816 1.77784 0.589999
      vertex 16 1.8 0.589999
    endloop
  endfacet
  facet normal -0.0784506 -0.996918 -0
    outer loop
      vertex 16.2816 1.77784 0.589999
      vertex 16 1.8 0
      vertex 16.2816 1.77784 0
    endloop
  endfacet
  facet normal 0.852607 0.522553 0
    outer loop
      vertex 14.5438 -1.05801 0.589999
      vertex 14.3962 -0.817183 0
      vertex 14.3962 -0.817183 0.589999
    endloop
  endfacet
  facet normal 0.852607 0.522553 0
    outer loop
      vertex 14.3962 -0.817183 0
      vertex 14.5438 -1.05801 0.589999
      vertex 14.5438 -1.05801 0
    endloop
  endfacet
  facet normal 0.649414 0.760435 -0
    outer loop
      vertex 14.942 -1.45623 0
      vertex 14.7272 -1.27279 0.589999
      vertex 14.942 -1.45623 0.589999
    endloop
  endfacet
  facet normal 0.649414 0.760435 0
    outer loop
      vertex 14.7272 -1.27279 0.589999
      vertex 14.942 -1.45623 0
      vertex 14.7272 -1.27279 0
    endloop
  endfacet
  facet normal 0.923867 -0.382714 0
    outer loop
      vertex 14.2881 0.556231 0.589999
      vertex 14.3962 0.817183 0
      vertex 14.3962 0.817183 0.589999
    endloop
  endfacet
  facet normal 0.923867 -0.382714 0
    outer loop
      vertex 14.3962 0.817183 0
      vertex 14.2881 0.556231 0.589999
      vertex 14.2881 0.556231 0
    endloop
  endfacet
  facet normal 0.522544 0.852612 -0
    outer loop
      vertex 15.1828 -1.60381 0
      vertex 14.942 -1.45623 0.589999
      vertex 15.1828 -1.60381 0.589999
    endloop
  endfacet
  facet normal 0.522544 0.852612 0
    outer loop
      vertex 14.942 -1.45623 0.589999
      vertex 15.1828 -1.60381 0
      vertex 14.942 -1.45623 0
    endloop
  endfacet
  facet normal -0.972358 -0.233495 0
    outer loop
      vertex 21.6224 -0.772542 0
      vertex 21.5308 -0.391086 2
      vertex 21.5308 -0.391086 0
    endloop
  endfacet
  facet normal -0.972358 -0.233495 0
    outer loop
      vertex 21.5308 -0.391086 2
      vertex 21.6224 -0.772542 0
      vertex 21.6224 -0.772542 2
    endloop
  endfacet
  facet normal 0.972358 0.233495 0
    outer loop
      vertex 26.4692 0.391086 2
      vertex 26.3776 0.772542 0
      vertex 26.3776 0.772542 2
    endloop
  endfacet
  facet normal 0.972358 0.233495 0
    outer loop
      vertex 26.3776 0.772542 0
      vertex 26.4692 0.391086 2
      vertex 26.4692 0.391086 0
    endloop
  endfacet
  facet normal 0.996913 0.078512 0
    outer loop
      vertex 26.5 0 2
      vertex 26.4692 0.391086 0
      vertex 26.4692 0.391086 2
    endloop
  endfacet
  facet normal 0.996913 0.078512 0
    outer loop
      vertex 26.4692 0.391086 0
      vertex 26.5 0 2
      vertex 26.5 0 0
    endloop
  endfacet
  facet normal 0.923904 0.382625 0
    outer loop
      vertex 26.3776 0.772542 2
      vertex 26.2275 1.13498 0
      vertex 26.2275 1.13498 2
    endloop
  endfacet
  facet normal 0.923904 0.382625 0
    outer loop
      vertex 26.2275 1.13498 0
      vertex 26.3776 0.772542 2
      vertex 26.3776 0.772542 0
    endloop
  endfacet
  facet normal 0.382613 -0.923909 0
    outer loop
      vertex 24.7725 -2.37764 0
      vertex 25.135 -2.22752 2
      vertex 24.7725 -2.37764 2
    endloop
  endfacet
  facet normal 0.382613 -0.923909 0
    outer loop
      vertex 25.135 -2.22752 2
      vertex 24.7725 -2.37764 0
      vertex 25.135 -2.22752 0
    endloop
  endfacet
  facet normal 0.852606 -0.522555 0
    outer loop
      vertex 26.0225 -1.46946 2
      vertex 26.2275 -1.13498 0
      vertex 26.2275 -1.13498 2
    endloop
  endfacet
  facet normal 0.852606 -0.522555 0
    outer loop
      vertex 26.2275 -1.13498 0
      vertex 26.0225 -1.46946 2
      vertex 26.0225 -1.46946 0
    endloop
  endfacet
  facet normal -0.649445 0.760409 0
    outer loop
      vertex 22.5305 2.02254 0
      vertex 22.2322 1.76777 2
      vertex 22.5305 2.02254 2
    endloop
  endfacet
  facet normal -0.649445 0.760409 0
    outer loop
      vertex 22.2322 1.76777 2
      vertex 22.5305 2.02254 0
      vertex 22.2322 1.76777 0
    endloop
  endfacet
  facet normal -0.382613 0.923909 0
    outer loop
      vertex 23.2275 2.37764 0
      vertex 22.865 2.22752 2
      vertex 23.2275 2.37764 2
    endloop
  endfacet
  facet normal -0.382613 0.923909 0
    outer loop
      vertex 22.865 2.22752 2
      vertex 23.2275 2.37764 0
      vertex 22.865 2.22752 0
    endloop
  endfacet
  facet normal 0.760508 -0.649329 0
    outer loop
      vertex 25.7678 -1.76777 2
      vertex 26.0225 -1.46946 0
      vertex 26.0225 -1.46946 2
    endloop
  endfacet
  facet normal 0.760508 -0.649329 0
    outer loop
      vertex 26.0225 -1.46946 0
      vertex 25.7678 -1.76777 2
      vertex 25.7678 -1.76777 0
    endloop
  endfacet
  facet normal 0.996913 -0.078512 0
    outer loop
      vertex 26.4692 -0.391086 2
      vertex 26.5 0 0
      vertex 26.5 0 2
    endloop
  endfacet
  facet normal 0.996913 -0.078512 0
    outer loop
      vertex 26.5 0 0
      vertex 26.4692 -0.391086 2
      vertex 26.4692 -0.391086 0
    endloop
  endfacet
  facet normal 0.923904 -0.382625 0
    outer loop
      vertex 26.2275 -1.13498 2
      vertex 26.3776 -0.772542 0
      vertex 26.3776 -0.772542 2
    endloop
  endfacet
  facet normal 0.923904 -0.382625 0
    outer loop
      vertex 26.3776 -0.772542 0
      vertex 26.2275 -1.13498 2
      vertex 26.2275 -1.13498 0
    endloop
  endfacet
  facet normal -0.923904 -0.382625 0
    outer loop
      vertex 21.7725 -1.13498 0
      vertex 21.6224 -0.772542 2
      vertex 21.6224 -0.772542 0
    endloop
  endfacet
  facet normal -0.923904 -0.382625 0
    outer loop
      vertex 21.6224 -0.772542 2
      vertex 21.7725 -1.13498 0
      vertex 21.7725 -1.13498 2
    endloop
  endfacet
  facet normal -0.996913 0.078512 0
    outer loop
      vertex 21.5 0 0
      vertex 21.5308 0.391086 2
      vertex 21.5308 0.391086 0
    endloop
  endfacet
  facet normal -0.996913 0.078512 0
    outer loop
      vertex 21.5308 0.391086 2
      vertex 21.5 0 0
      vertex 21.5 0 2
    endloop
  endfacet
  facet normal -0.972358 0.233495 0
    outer loop
      vertex 21.5308 0.391086 0
      vertex 21.6224 0.772542 2
      vertex 21.6224 0.772542 0
    endloop
  endfacet
  facet normal -0.972358 0.233495 0
    outer loop
      vertex 21.6224 0.772542 2
      vertex 21.5308 0.391086 0
      vertex 21.5308 0.391086 2
    endloop
  endfacet
  facet normal 0.233479 0.972362 -0
    outer loop
      vertex 24.7725 2.37764 0
      vertex 24.3911 2.46922 2
      vertex 24.7725 2.37764 2
    endloop
  endfacet
  facet normal 0.233479 0.972362 0
    outer loop
      vertex 24.3911 2.46922 2
      vertex 24.7725 2.37764 0
      vertex 24.3911 2.46922 0
    endloop
  endfacet
  facet normal -0.0784585 0.996917 0
    outer loop
      vertex 24 2.5 0
      vertex 23.6089 2.46922 2
      vertex 24 2.5 2
    endloop
  endfacet
  facet normal -0.0784585 0.996917 0
    outer loop
      vertex 23.6089 2.46922 2
      vertex 24 2.5 0
      vertex 23.6089 2.46922 0
    endloop
  endfacet
  facet normal -0.760508 -0.649329 0
    outer loop
      vertex 22.2322 -1.76777 0
      vertex 21.9775 -1.46946 2
      vertex 21.9775 -1.46946 0
    endloop
  endfacet
  facet normal -0.760508 -0.649329 0
    outer loop
      vertex 21.9775 -1.46946 2
      vertex 22.2322 -1.76777 0
      vertex 22.2322 -1.76777 2
    endloop
  endfacet
  facet normal -0.233479 -0.972362 0
    outer loop
      vertex 23.2275 -2.37764 0
      vertex 23.6089 -2.46922 2
      vertex 23.2275 -2.37764 2
    endloop
  endfacet
  facet normal -0.233479 -0.972362 -0
    outer loop
      vertex 23.6089 -2.46922 2
      vertex 23.2275 -2.37764 0
      vertex 23.6089 -2.46922 0
    endloop
  endfacet
  facet normal -0.649445 -0.760409 0
    outer loop
      vertex 22.2322 -1.76777 0
      vertex 22.5305 -2.02254 2
      vertex 22.2322 -1.76777 2
    endloop
  endfacet
  facet normal -0.649445 -0.760409 -0
    outer loop
      vertex 22.5305 -2.02254 2
      vertex 22.2322 -1.76777 0
      vertex 22.5305 -2.02254 0
    endloop
  endfacet
  facet normal 0.852606 0.522555 0
    outer loop
      vertex 26.2275 1.13498 2
      vertex 26.0225 1.46946 0
      vertex 26.0225 1.46946 2
    endloop
  endfacet
  facet normal 0.852606 0.522555 0
    outer loop
      vertex 26.0225 1.46946 0
      vertex 26.2275 1.13498 2
      vertex 26.2275 1.13498 0
    endloop
  endfacet
  facet normal -0.923904 0.382625 0
    outer loop
      vertex 21.6224 0.772542 0
      vertex 21.7725 1.13498 2
      vertex 21.7725 1.13498 0
    endloop
  endfacet
  facet normal -0.923904 0.382625 0
    outer loop
      vertex 21.7725 1.13498 2
      vertex 21.6224 0.772542 0
      vertex 21.6224 0.772542 2
    endloop
  endfacet
  facet normal -0.522495 0.852642 0
    outer loop
      vertex 22.865 2.22752 0
      vertex 22.5305 2.02254 2
      vertex 22.865 2.22752 2
    endloop
  endfacet
  facet normal -0.522495 0.852642 0
    outer loop
      vertex 22.5305 2.02254 2
      vertex 22.865 2.22752 0
      vertex 22.5305 2.02254 0
    endloop
  endfacet
  facet normal -0.0784585 -0.996917 0
    outer loop
      vertex 23.6089 -2.46922 0
      vertex 24 -2.5 2
      vertex 23.6089 -2.46922 2
    endloop
  endfacet
  facet normal -0.0784585 -0.996917 -0
    outer loop
      vertex 24 -2.5 2
      vertex 23.6089 -2.46922 0
      vertex 24 -2.5 0
    endloop
  endfacet
  facet normal 0.522495 0.852642 -0
    outer loop
      vertex 25.4695 2.02254 0
      vertex 25.135 2.22752 2
      vertex 25.4695 2.02254 2
    endloop
  endfacet
  facet normal 0.522495 0.852642 0
    outer loop
      vertex 25.135 2.22752 2
      vertex 25.4695 2.02254 0
      vertex 25.135 2.22752 0
    endloop
  endfacet
  facet normal 0.522495 -0.852642 0
    outer loop
      vertex 25.135 -2.22752 0
      vertex 25.4695 -2.02254 2
      vertex 25.135 -2.22752 2
    endloop
  endfacet
  facet normal 0.522495 -0.852642 0
    outer loop
      vertex 25.4695 -2.02254 2
      vertex 25.135 -2.22752 0
      vertex 25.4695 -2.02254 0
    endloop
  endfacet
  facet normal -0.760508 0.649329 0
    outer loop
      vertex 21.9775 1.46946 0
      vertex 22.2322 1.76777 2
      vertex 22.2322 1.76777 0
    endloop
  endfacet
  facet normal -0.760508 0.649329 0
    outer loop
      vertex 22.2322 1.76777 2
      vertex 21.9775 1.46946 0
      vertex 21.9775 1.46946 2
    endloop
  endfacet
  facet normal -0.233479 0.972362 0
    outer loop
      vertex 23.6089 2.46922 0
      vertex 23.2275 2.37764 2
      vertex 23.6089 2.46922 2
    endloop
  endfacet
  facet normal -0.233479 0.972362 0
    outer loop
      vertex 23.2275 2.37764 2
      vertex 23.6089 2.46922 0
      vertex 23.2275 2.37764 0
    endloop
  endfacet
  facet normal 0 0 -1
    outer loop
      vertex 25.8 0 0
      vertex 26.5 0 0
      vertex 26.4692 -0.391086 0
    endloop
  endfacet
  facet normal 0 0 -1
    outer loop
      vertex 25.7778 -0.281582 0
      vertex 26.4692 -0.391086 0
      vertex 26.3776 -0.772542 0
    endloop
  endfacet
  facet normal 0 0 -1
    outer loop
      vertex 26.5 0 0
      vertex 25.8 0 0
      vertex 26.4692 0.391086 0
    endloop
  endfacet
  facet normal 0 0 -1
    outer loop
      vertex 25.7119 -0.556231 0
      vertex 26.3776 -0.772542 0
      vertex 26.2275 -1.13498 0
    endloop
  endfacet
  facet normal 0 0 -1
    outer loop
      vertex 25.7778 0.281582 0
      vertex 26.4692 0.391086 0
      vertex 25.8 0 0
    endloop
  endfacet
  facet normal 0 0 -1
    outer loop
      vertex 25.6038 -0.817183 0
      vertex 26.2275 -1.13498 0
      vertex 26.0225 -1.46946 0
    endloop
  endfacet
  facet normal -0 0 -1
    outer loop
      vertex 26.4692 0.391086 0
      vertex 25.7778 0.281582 0
      vertex 26.3776 0.772542 0
    endloop
  endfacet
  facet normal 0 0 -1
    outer loop
      vertex 25.7119 0.556231 0
      vertex 26.3776 0.772542 0
      vertex 25.7778 0.281582 0
    endloop
  endfacet
  facet normal 0 0 -1
    outer loop
      vertex 26.4692 -0.391086 0
      vertex 25.7778 -0.281582 0
      vertex 25.8 0 0
    endloop
  endfacet
  facet normal 0 0 -1
    outer loop
      vertex 25.4562 -1.05801 0
      vertex 26.0225 -1.46946 0
      vertex 25.7678 -1.76777 0
    endloop
  endfacet
  facet normal 0 0 -1
    outer loop
      vertex 26.3776 -0.772542 0
      vertex 25.7119 -0.556231 0
      vertex 25.7778 -0.281582 0
    endloop
  endfacet
  facet normal 0 0 -1
    outer loop
      vertex 26.2275 -1.13498 0
      vertex 25.6038 -0.817183 0
      vertex 25.7119 -0.556231 0
    endloop
  endfacet
  facet normal 0 0 -1
    outer loop
      vertex 25.2728 -1.27279 0
      vertex 25.7678 -1.76777 0
      vertex 25.4695 -2.02254 0
    endloop
  endfacet
  facet normal 0 0 -1
    outer loop
      vertex 26.0225 -1.46946 0
      vertex 25.4562 -1.05801 0
      vertex 25.6038 -0.817183 0
    endloop
  endfacet
  facet normal 0 0 -1
    outer loop
      vertex 25.7678 -1.76777 0
      vertex 25.2728 -1.27279 0
      vertex 25.4562 -1.05801 0
    endloop
  endfacet
  facet normal 0 0 -1
    outer loop
      vertex 25.058 -1.45623 0
      vertex 25.4695 -2.02254 0
      vertex 25.135 -2.22752 0
    endloop
  endfacet
  facet normal 0 0 -1
    outer loop
      vertex 25.4695 -2.02254 0
      vertex 25.058 -1.45623 0
      vertex 25.2728 -1.27279 0
    endloop
  endfacet
  facet normal 0 0 -1
    outer loop
      vertex 25.135 -2.22752 0
      vertex 24.8172 -1.60381 0
      vertex 25.058 -1.45623 0
    endloop
  endfacet
  facet normal 0 0 -1
    outer loop
      vertex 24.7725 -2.37764 0
      vertex 24.8172 -1.60381 0
      vertex 25.135 -2.22752 0
    endloop
  endfacet
  facet normal 0 0 -1
    outer loop
      vertex 24.7725 -2.37764 0
      vertex 24.5562 -1.7119 0
      vertex 24.8172 -1.60381 0
    endloop
  endfacet
  facet normal 0 0 -1
    outer loop
      vertex 24.3911 -2.46922 0
      vertex 24.5562 -1.7119 0
      vertex 24.7725 -2.37764 0
    endloop
  endfacet
  facet normal 0 0 -1
    outer loop
      vertex 24.3911 -2.46922 0
      vertex 24.2816 -1.77784 0
      vertex 24.5562 -1.7119 0
    endloop
  endfacet
  facet normal 0 0 -1
    outer loop
      vertex 24 -2.5 0
      vertex 24.2816 -1.77784 0
      vertex 24.3911 -2.46922 0
    endloop
  endfacet
  facet normal 0 0 -1
    outer loop
      vertex 24 -2.5 0
      vertex 24 -1.8 0
      vertex 24.2816 -1.77784 0
    endloop
  endfacet
  facet normal 0 0 -1
    outer loop
      vertex 24 -2.5 0
      vertex 23.7184 -1.77784 0
      vertex 24 -1.8 0
    endloop
  endfacet
  facet normal 0 0 -1
    outer loop
      vertex 23.6089 -2.46922 0
      vertex 23.7184 -1.77784 0
      vertex 24 -2.5 0
    endloop
  endfacet
  facet normal 0 0 -1
    outer loop
      vertex 23.6089 -2.46922 0
      vertex 23.4438 -1.7119 0
      vertex 23.7184 -1.77784 0
    endloop
  endfacet
  facet normal 0 0 -1
    outer loop
      vertex 23.2275 -2.37764 0
      vertex 23.4438 -1.7119 0
      vertex 23.6089 -2.46922 0
    endloop
  endfacet
  facet normal 0 0 -1
    outer loop
      vertex 23.2275 -2.37764 0
      vertex 23.1828 -1.60381 0
      vertex 23.4438 -1.7119 0
    endloop
  endfacet
  facet normal 0 0 -1
    outer loop
      vertex 22.865 -2.22752 0
      vertex 23.1828 -1.60381 0
      vertex 23.2275 -2.37764 0
    endloop
  endfacet
  facet normal -0 0 -1
    outer loop
      vertex 23.1828 -1.60381 0
      vertex 22.865 -2.22752 0
      vertex 22.942 -1.45623 0
    endloop
  endfacet
  facet normal 0 0 -1
    outer loop
      vertex 22.5305 -2.02254 0
      vertex 22.942 -1.45623 0
      vertex 22.865 -2.22752 0
    endloop
  endfacet
  facet normal -0 0 -1
    outer loop
      vertex 22.942 -1.45623 0
      vertex 22.5305 -2.02254 0
      vertex 22.7272 -1.27279 0
    endloop
  endfacet
  facet normal 0 0 -1
    outer loop
      vertex 22.2322 -1.76777 0
      vertex 22.7272 -1.27279 0
      vertex 22.5305 -2.02254 0
    endloop
  endfacet
  facet normal -0 0 -1
    outer loop
      vertex 22.7272 -1.27279 0
      vertex 22.2322 -1.76777 0
      vertex 22.5438 -1.05801 0
    endloop
  endfacet
  facet normal 0 0 -1
    outer loop
      vertex 21.9775 -1.46946 0
      vertex 22.5438 -1.05801 0
      vertex 22.2322 -1.76777 0
    endloop
  endfacet
  facet normal -0 0 -1
    outer loop
      vertex 22.5438 -1.05801 0
      vertex 21.9775 -1.46946 0
      vertex 22.3962 -0.817183 0
    endloop
  endfacet
  facet normal 0 0 -1
    outer loop
      vertex 21.7725 -1.13498 0
      vertex 22.3962 -0.817183 0
      vertex 21.9775 -1.46946 0
    endloop
  endfacet
  facet normal -0 0 -1
    outer loop
      vertex 22.3962 -0.817183 0
      vertex 21.7725 -1.13498 0
      vertex 22.2881 -0.556231 0
    endloop
  endfacet
  facet normal 0 0 -1
    outer loop
      vertex 21.6224 -0.772542 0
      vertex 22.2881 -0.556231 0
      vertex 21.7725 -1.13498 0
    endloop
  endfacet
  facet normal -0 0 -1
    outer loop
      vertex 26.3776 0.772542 0
      vertex 25.7119 0.556231 0
      vertex 26.2275 1.13498 0
    endloop
  endfacet
  facet normal 0 0 -1
    outer loop
      vertex 25.6038 0.817183 0
      vertex 26.2275 1.13498 0
      vertex 25.7119 0.556231 0
    endloop
  endfacet
  facet normal -0 0 -1
    outer loop
      vertex 26.2275 1.13498 0
      vertex 25.6038 0.817183 0
      vertex 26.0225 1.46946 0
    endloop
  endfacet
  facet normal 0 0 -1
    outer loop
      vertex 25.4562 1.05801 0
      vertex 26.0225 1.46946 0
      vertex 25.6038 0.817183 0
    endloop
  endfacet
  facet normal -0 0 -1
    outer loop
      vertex 26.0225 1.46946 0
      vertex 25.4562 1.05801 0
      vertex 25.7678 1.76777 0
    endloop
  endfacet
  facet normal 0 0 -1
    outer loop
      vertex 25.2728 1.27279 0
      vertex 25.7678 1.76777 0
      vertex 25.4562 1.05801 0
    endloop
  endfacet
  facet normal -0 0 -1
    outer loop
      vertex 25.7678 1.76777 0
      vertex 25.2728 1.27279 0
      vertex 25.4695 2.02254 0
    endloop
  endfacet
  facet normal 0 0 -1
    outer loop
      vertex 25.058 1.45623 0
      vertex 25.4695 2.02254 0
      vertex 25.2728 1.27279 0
    endloop
  endfacet
  facet normal -0 0 -1
    outer loop
      vertex 25.4695 2.02254 0
      vertex 25.058 1.45623 0
      vertex 25.135 2.22752 0
    endloop
  endfacet
  facet normal 0 0 -1
    outer loop
      vertex 24.8172 1.60381 0
      vertex 25.135 2.22752 0
      vertex 25.058 1.45623 0
    endloop
  endfacet
  facet normal 0 0 -1
    outer loop
      vertex 24.8172 1.60381 0
      vertex 24.7725 2.37764 0
      vertex 25.135 2.22752 0
    endloop
  endfacet
  facet normal 0 0 -1
    outer loop
      vertex 24.5562 1.7119 0
      vertex 24.7725 2.37764 0
      vertex 24.8172 1.60381 0
    endloop
  endfacet
  facet normal 0 0 -1
    outer loop
      vertex 24.5562 1.7119 0
      vertex 24.3911 2.46922 0
      vertex 24.7725 2.37764 0
    endloop
  endfacet
  facet normal 0 0 -1
    outer loop
      vertex 24.2816 1.77784 0
      vertex 24.3911 2.46922 0
      vertex 24.5562 1.7119 0
    endloop
  endfacet
  facet normal 0 0 -1
    outer loop
      vertex 24 1.8 0
      vertex 24.3911 2.46922 0
      vertex 24.2816 1.77784 0
    endloop
  endfacet
  facet normal 0 0 -1
    outer loop
      vertex 24 1.8 0
      vertex 24 2.5 0
      vertex 24.3911 2.46922 0
    endloop
  endfacet
  facet normal 0 0 -1
    outer loop
      vertex 23.7184 1.77784 0
      vertex 24 2.5 0
      vertex 24 1.8 0
    endloop
  endfacet
  facet normal 0 0 -1
    outer loop
      vertex 23.7184 1.77784 0
      vertex 23.6089 2.46922 0
      vertex 24 2.5 0
    endloop
  endfacet
  facet normal 0 0 -1
    outer loop
      vertex 23.4438 1.7119 0
      vertex 23.6089 2.46922 0
      vertex 23.7184 1.77784 0
    endloop
  endfacet
  facet normal 0 0 -1
    outer loop
      vertex 23.4438 1.7119 0
      vertex 23.2275 2.37764 0
      vertex 23.6089 2.46922 0
    endloop
  endfacet
  facet normal 0 0 -1
    outer loop
      vertex 23.1828 1.60381 0
      vertex 23.2275 2.37764 0
      vertex 23.4438 1.7119 0
    endloop
  endfacet
  facet normal 0 0 -1
    outer loop
      vertex 22.865 2.22752 0
      vertex 23.1828 1.60381 0
      vertex 22.942 1.45623 0
    endloop
  endfacet
  facet normal 0 0 -1
    outer loop
      vertex 23.1828 1.60381 0
      vertex 22.865 2.22752 0
      vertex 23.2275 2.37764 0
    endloop
  endfacet
  facet normal 0 0 -1
    outer loop
      vertex 22.5305 2.02254 0
      vertex 22.942 1.45623 0
      vertex 22.7272 1.27279 0
    endloop
  endfacet
  facet normal 0 0 -1
    outer loop
      vertex 22.2322 1.76777 0
      vertex 22.7272 1.27279 0
      vertex 22.5438 1.05801 0
    endloop
  endfacet
  facet normal 0 0 -1
    outer loop
      vertex 22.942 1.45623 0
      vertex 22.5305 2.02254 0
      vertex 22.865 2.22752 0
    endloop
  endfacet
  facet normal 0 0 -1
    outer loop
      vertex 21.9775 1.46946 0
      vertex 22.5438 1.05801 0
      vertex 22.3962 0.817183 0
    endloop
  endfacet
  facet normal 0 0 -1
    outer loop
      vertex 21.7725 1.13498 0
      vertex 22.3962 0.817183 0
      vertex 22.2881 0.556231 0
    endloop
  endfacet
  facet normal 0 0 -1
    outer loop
      vertex 22.7272 1.27279 0
      vertex 22.2322 1.76777 0
      vertex 22.5305 2.02254 0
    endloop
  endfacet
  facet normal 0 0 -1
    outer loop
      vertex 21.6224 0.772542 0
      vertex 22.2881 0.556231 0
      vertex 22.2222 0.281582 0
    endloop
  endfacet
  facet normal 0 0 -1
    outer loop
      vertex 21.5308 0.391086 0
      vertex 22.2222 0.281582 0
      vertex 22.2 0 0
    endloop
  endfacet
  facet normal -0 0 -1
    outer loop
      vertex 22.2881 -0.556231 0
      vertex 21.6224 -0.772542 0
      vertex 22.2222 -0.281582 0
    endloop
  endfacet
  facet normal 0 0 -1
    outer loop
      vertex 22.5438 1.05801 0
      vertex 21.9775 1.46946 0
      vertex 22.2322 1.76777 0
    endloop
  endfacet
  facet normal 0 0 -1
    outer loop
      vertex 21.5308 -0.391086 0
      vertex 22.2222 -0.281582 0
      vertex 21.6224 -0.772542 0
    endloop
  endfacet
  facet normal 0 0 -1
    outer loop
      vertex 22.3962 0.817183 0
      vertex 21.7725 1.13498 0
      vertex 21.9775 1.46946 0
    endloop
  endfacet
  facet normal -0 0 -1
    outer loop
      vertex 22.2222 -0.281582 0
      vertex 21.5308 -0.391086 0
      vertex 22.2 0 0
    endloop
  endfacet
  facet normal 0 0 -1
    outer loop
      vertex 22.2881 0.556231 0
      vertex 21.6224 0.772542 0
      vertex 21.7725 1.13498 0
    endloop
  endfacet
  facet normal 0 0 -1
    outer loop
      vertex 21.5 0 0
      vertex 22.2 0 0
      vertex 21.5308 -0.391086 0
    endloop
  endfacet
  facet normal 0 0 -1
    outer loop
      vertex 22.2222 0.281582 0
      vertex 21.5308 0.391086 0
      vertex 21.6224 0.772542 0
    endloop
  endfacet
  facet normal 0 0 -1
    outer loop
      vertex 22.2 0 0
      vertex 21.5 0 0
      vertex 21.5308 0.391086 0
    endloop
  endfacet
  facet normal -0.522495 -0.852642 0
    outer loop
      vertex 22.5305 -2.02254 0
      vertex 22.865 -2.22752 2
      vertex 22.5305 -2.02254 2
    endloop
  endfacet
  facet normal -0.522495 -0.852642 -0
    outer loop
      vertex 22.865 -2.22752 2
      vertex 22.5305 -2.02254 0
      vertex 22.865 -2.22752 0
    endloop
  endfacet
  facet normal 0.760508 0.649329 0
    outer loop
      vertex 26.0225 1.46946 2
      vertex 25.7678 1.76777 0
      vertex 25.7678 1.76777 2
    endloop
  endfacet
  facet normal 0.760508 0.649329 0
    outer loop
      vertex 25.7678 1.76777 0
      vertex 26.0225 1.46946 2
      vertex 26.0225 1.46946 0
    endloop
  endfacet
  facet normal 0.649445 0.760409 -0
    outer loop
      vertex 25.7678 1.76777 0
      vertex 25.4695 2.02254 2
      vertex 25.7678 1.76777 2
    endloop
  endfacet
  facet normal 0.649445 0.760409 0
    outer loop
      vertex 25.4695 2.02254 2
      vertex 25.7678 1.76777 0
      vertex 25.4695 2.02254 0
    endloop
  endfacet
  facet normal 0 0 1
    outer loop
      vertex 26.4692 0.391086 2
      vertex 26.4692 -0.391086 2
      vertex 26.5 0 2
    endloop
  endfacet
  facet normal 0 0 1
    outer loop
      vertex 26.3776 0.772542 2
      vertex 26.4692 -0.391086 2
      vertex 26.4692 0.391086 2
    endloop
  endfacet
  facet normal 0 0 1
    outer loop
      vertex 26.3776 0.772542 2
      vertex 26.3776 -0.772542 2
      vertex 26.4692 -0.391086 2
    endloop
  endfacet
  facet normal 0 0 1
    outer loop
      vertex 26.2275 1.13498 2
      vertex 26.3776 -0.772542 2
      vertex 26.3776 0.772542 2
    endloop
  endfacet
  facet normal 0 0 1
    outer loop
      vertex 26.2275 1.13498 2
      vertex 26.2275 -1.13498 2
      vertex 26.3776 -0.772542 2
    endloop
  endfacet
  facet normal 0 0 1
    outer loop
      vertex 26.0225 1.46946 2
      vertex 26.2275 -1.13498 2
      vertex 26.2275 1.13498 2
    endloop
  endfacet
  facet normal 0 0 1
    outer loop
      vertex 26.0225 1.46946 2
      vertex 26.0225 -1.46946 2
      vertex 26.2275 -1.13498 2
    endloop
  endfacet
  facet normal 0 0 1
    outer loop
      vertex 25.7678 1.76777 2
      vertex 26.0225 -1.46946 2
      vertex 26.0225 1.46946 2
    endloop
  endfacet
  facet normal 0 0 1
    outer loop
      vertex 25.7678 1.76777 2
      vertex 25.7678 -1.76777 2
      vertex 26.0225 -1.46946 2
    endloop
  endfacet
  facet normal 0 0 1
    outer loop
      vertex 25.4695 2.02254 2
      vertex 25.7678 -1.76777 2
      vertex 25.7678 1.76777 2
    endloop
  endfacet
  facet normal 0 0 1
    outer loop
      vertex 25.4695 2.02254 2
      vertex 25.4695 -2.02254 2
      vertex 25.7678 -1.76777 2
    endloop
  endfacet
  facet normal 0 0 1
    outer loop
      vertex 25.135 2.22752 2
      vertex 25.4695 -2.02254 2
      vertex 25.4695 2.02254 2
    endloop
  endfacet
  facet normal 0 0 1
    outer loop
      vertex 25.135 2.22752 2
      vertex 25.135 -2.22752 2
      vertex 25.4695 -2.02254 2
    endloop
  endfacet
  facet normal 0 0 1
    outer loop
      vertex 24.7725 2.37764 2
      vertex 25.135 -2.22752 2
      vertex 25.135 2.22752 2
    endloop
  endfacet
  facet normal 0 0 1
    outer loop
      vertex 24.7725 2.37764 2
      vertex 24.7725 -2.37764 2
      vertex 25.135 -2.22752 2
    endloop
  endfacet
  facet normal 0 0 1
    outer loop
      vertex 24.3911 2.46922 2
      vertex 24.7725 -2.37764 2
      vertex 24.7725 2.37764 2
    endloop
  endfacet
  facet normal 0 0 1
    outer loop
      vertex 24.3911 2.46922 2
      vertex 24.3911 -2.46922 2
      vertex 24.7725 -2.37764 2
    endloop
  endfacet
  facet normal 0 0 1
    outer loop
      vertex 24 2.5 2
      vertex 24.3911 -2.46922 2
      vertex 24.3911 2.46922 2
    endloop
  endfacet
  facet normal 0 0 1
    outer loop
      vertex 24 2.5 2
      vertex 24 -2.5 2
      vertex 24.3911 -2.46922 2
    endloop
  endfacet
  facet normal -0 0 1
    outer loop
      vertex 23.6089 2.46922 2
      vertex 24 -2.5 2
      vertex 24 2.5 2
    endloop
  endfacet
  facet normal 0 0 1
    outer loop
      vertex 23.6089 2.46922 2
      vertex 23.6089 -2.46922 2
      vertex 24 -2.5 2
    endloop
  endfacet
  facet normal -0 0 1
    outer loop
      vertex 23.2275 2.37764 2
      vertex 23.6089 -2.46922 2
      vertex 23.6089 2.46922 2
    endloop
  endfacet
  facet normal 0 0 1
    outer loop
      vertex 23.2275 2.37764 2
      vertex 23.2275 -2.37764 2
      vertex 23.6089 -2.46922 2
    endloop
  endfacet
  facet normal -0 0 1
    outer loop
      vertex 22.865 2.22752 2
      vertex 23.2275 -2.37764 2
      vertex 23.2275 2.37764 2
    endloop
  endfacet
  facet normal 0 0 1
    outer loop
      vertex 22.865 2.22752 2
      vertex 22.865 -2.22752 2
      vertex 23.2275 -2.37764 2
    endloop
  endfacet
  facet normal -0 0 1
    outer loop
      vertex 22.5305 2.02254 2
      vertex 22.865 -2.22752 2
      vertex 22.865 2.22752 2
    endloop
  endfacet
  facet normal 0 0 1
    outer loop
      vertex 22.5305 2.02254 2
      vertex 22.5305 -2.02254 2
      vertex 22.865 -2.22752 2
    endloop
  endfacet
  facet normal -0 0 1
    outer loop
      vertex 22.2322 1.76777 2
      vertex 22.5305 -2.02254 2
      vertex 22.5305 2.02254 2
    endloop
  endfacet
  facet normal 0 0 1
    outer loop
      vertex 22.2322 1.76777 2
      vertex 22.2322 -1.76777 2
      vertex 22.5305 -2.02254 2
    endloop
  endfacet
  facet normal -0 0 1
    outer loop
      vertex 21.9775 1.46946 2
      vertex 22.2322 -1.76777 2
      vertex 22.2322 1.76777 2
    endloop
  endfacet
  facet normal 0 0 1
    outer loop
      vertex 21.9775 1.46946 2
      vertex 21.9775 -1.46946 2
      vertex 22.2322 -1.76777 2
    endloop
  endfacet
  facet normal -0 0 1
    outer loop
      vertex 21.7725 1.13498 2
      vertex 21.9775 -1.46946 2
      vertex 21.9775 1.46946 2
    endloop
  endfacet
  facet normal 0 0 1
    outer loop
      vertex 21.7725 1.13498 2
      vertex 21.7725 -1.13498 2
      vertex 21.9775 -1.46946 2
    endloop
  endfacet
  facet normal -0 0 1
    outer loop
      vertex 21.6224 0.772542 2
      vertex 21.7725 -1.13498 2
      vertex 21.7725 1.13498 2
    endloop
  endfacet
  facet normal 0 0 1
    outer loop
      vertex 21.6224 0.772542 2
      vertex 21.6224 -0.772542 2
      vertex 21.7725 -1.13498 2
    endloop
  endfacet
  facet normal -0 0 1
    outer loop
      vertex 21.5308 0.391086 2
      vertex 21.6224 -0.772542 2
      vertex 21.6224 0.772542 2
    endloop
  endfacet
  facet normal 0 0 1
    outer loop
      vertex 21.5308 0.391086 2
      vertex 21.5308 -0.391086 2
      vertex 21.6224 -0.772542 2
    endloop
  endfacet
  facet normal 0 -0 1
    outer loop
      vertex 21.5308 -0.391086 2
      vertex 21.5308 0.391086 2
      vertex 21.5 0 2
    endloop
  endfacet
  facet normal 0.0784585 -0.996917 0
    outer loop
      vertex 24 -2.5 0
      vertex 24.3911 -2.46922 2
      vertex 24 -2.5 2
    endloop
  endfacet
  facet normal 0.0784585 -0.996917 0
    outer loop
      vertex 24.3911 -2.46922 2
      vertex 24 -2.5 0
      vertex 24.3911 -2.46922 0
    endloop
  endfacet
  facet normal -0.382613 -0.923909 0
    outer loop
      vertex 22.865 -2.22752 0
      vertex 23.2275 -2.37764 2
      vertex 22.865 -2.22752 2
    endloop
  endfacet
  facet normal -0.382613 -0.923909 -0
    outer loop
      vertex 23.2275 -2.37764 2
      vertex 22.865 -2.22752 0
      vertex 23.2275 -2.37764 0
    endloop
  endfacet
  facet normal -0.852606 -0.522555 0
    outer loop
      vertex 21.9775 -1.46946 0
      vertex 21.7725 -1.13498 2
      vertex 21.7725 -1.13498 0
    endloop
  endfacet
  facet normal -0.852606 -0.522555 0
    outer loop
      vertex 21.7725 -1.13498 2
      vertex 21.9775 -1.46946 0
      vertex 21.9775 -1.46946 2
    endloop
  endfacet
  facet normal 0.233479 -0.972362 0
    outer loop
      vertex 24.3911 -2.46922 0
      vertex 24.7725 -2.37764 2
      vertex 24.3911 -2.46922 2
    endloop
  endfacet
  facet normal 0.233479 -0.972362 0
    outer loop
      vertex 24.7725 -2.37764 2
      vertex 24.3911 -2.46922 0
      vertex 24.7725 -2.37764 0
    endloop
  endfacet
  facet normal 0.649445 -0.760409 0
    outer loop
      vertex 25.4695 -2.02254 0
      vertex 25.7678 -1.76777 2
      vertex 25.4695 -2.02254 2
    endloop
  endfacet
  facet normal 0.649445 -0.760409 0
    outer loop
      vertex 25.7678 -1.76777 2
      vertex 25.4695 -2.02254 0
      vertex 25.7678 -1.76777 0
    endloop
  endfacet
  facet normal -0.996913 -0.078512 0
    outer loop
      vertex 21.5308 -0.391086 0
      vertex 21.5 0 2
      vertex 21.5 0 0
    endloop
  endfacet
  facet normal -0.996913 -0.078512 0
    outer loop
      vertex 21.5 0 2
      vertex 21.5308 -0.391086 0
      vertex 21.5308 -0.391086 2
    endloop
  endfacet
  facet normal 0.972358 -0.233495 0
    outer loop
      vertex 26.3776 -0.772542 2
      vertex 26.4692 -0.391086 0
      vertex 26.4692 -0.391086 2
    endloop
  endfacet
  facet normal 0.972358 -0.233495 0
    outer loop
      vertex 26.4692 -0.391086 0
      vertex 26.3776 -0.772542 2
      vertex 26.3776 -0.772542 0
    endloop
  endfacet
  facet normal 0.382613 0.923909 -0
    outer loop
      vertex 25.135 2.22752 0
      vertex 24.7725 2.37764 2
      vertex 25.135 2.22752 2
    endloop
  endfacet
  facet normal 0.382613 0.923909 0
    outer loop
      vertex 24.7725 2.37764 2
      vertex 25.135 2.22752 0
      vertex 24.7725 2.37764 0
    endloop
  endfacet
  facet normal 0.0784585 0.996917 -0
    outer loop
      vertex 24.3911 2.46922 0
      vertex 24 2.5 2
      vertex 24.3911 2.46922 2
    endloop
  endfacet
  facet normal 0.0784585 0.996917 0
    outer loop
      vertex 24 2.5 2
      vertex 24.3911 2.46922 0
      vertex 24 2.5 0
    endloop
  endfacet
  facet normal -0.852606 0.522555 0
    outer loop
      vertex 21.7725 1.13498 0
      vertex 21.9775 1.46946 2
      vertex 21.9775 1.46946 0
    endloop
  endfacet
  facet normal -0.852606 0.522555 0
    outer loop
      vertex 21.9775 1.46946 2
      vertex 21.7725 1.13498 0
      vertex 21.7725 1.13498 2
    endloop
  endfacet
  facet normal -0.9724 -0.23332 0
    outer loop
      vertex 25.7778 0.281582 0
      vertex 25.7119 0.556231 0.589999
      vertex 25.7119 0.556231 0
    endloop
  endfacet
  facet normal -0.9724 -0.23332 0
    outer loop
      vertex 25.7119 0.556231 0.589999
      vertex 25.7778 0.281582 0
      vertex 25.7778 0.281582 0.589999
    endloop
  endfacet
  facet normal -0.996907 -0.0785964 0
    outer loop
      vertex 25.8 0 0
      vertex 25.7778 0.281582 0.589999
      vertex 25.7778 0.281582 0
    endloop
  endfacet
  facet normal -0.996907 -0.0785964 0
    outer loop
      vertex 25.7778 0.281582 0.589999
      vertex 25.8 0 0
      vertex 25.8 0 0.589999
    endloop
  endfacet
  facet normal -0.760475 -0.649367 0
    outer loop
      vertex 25.4562 1.05801 0
      vertex 25.2728 1.27279 0.589999
      vertex 25.2728 1.27279 0
    endloop
  endfacet
  facet normal -0.760475 -0.649367 0
    outer loop
      vertex 25.2728 1.27279 0.589999
      vertex 25.4562 1.05801 0
      vertex 25.4562 1.05801 0.589999
    endloop
  endfacet
  facet normal 0.923867 0.382714 0
    outer loop
      vertex 22.3962 -0.817183 0.589999
      vertex 22.2881 -0.556231 0
      vertex 22.2881 -0.556231 0.589999
    endloop
  endfacet
  facet normal 0.923867 0.382714 0
    outer loop
      vertex 22.2881 -0.556231 0
      vertex 22.3962 -0.817183 0.589999
      vertex 22.3962 -0.817183 0
    endloop
  endfacet
  facet normal 0.760475 0.649367 0
    outer loop
      vertex 22.7272 -1.27279 0.589999
      vertex 22.5438 -1.05801 0
      vertex 22.5438 -1.05801 0.589999
    endloop
  endfacet
  facet normal 0.760475 0.649367 0
    outer loop
      vertex 22.5438 -1.05801 0
      vertex 22.7272 -1.27279 0.589999
      vertex 22.7272 -1.27279 0
    endloop
  endfacet
  facet normal -0.996907 0.0785964 0
    outer loop
      vertex 25.7778 -0.281582 0
      vertex 25.8 0 0.589999
      vertex 25.8 0 0
    endloop
  endfacet
  facet normal -0.996907 0.0785964 0
    outer loop
      vertex 25.8 0 0.589999
      vertex 25.7778 -0.281582 0
      vertex 25.7778 -0.281582 0.589999
    endloop
  endfacet
  facet normal 0.760475 -0.649367 0
    outer loop
      vertex 22.5438 1.05801 0.589999
      vertex 22.7272 1.27279 0
      vertex 22.7272 1.27279 0.589999
    endloop
  endfacet
  facet normal 0.760475 -0.649367 0
    outer loop
      vertex 22.7272 1.27279 0
      vertex 22.5438 1.05801 0.589999
      vertex 22.5438 1.05801 0
    endloop
  endfacet
  facet normal 0.9724 0.23332 0
    outer loop
      vertex 22.2881 -0.556231 0.589999
      vertex 22.2222 -0.281582 0
      vertex 22.2222 -0.281582 0.589999
    endloop
  endfacet
  facet normal 0.9724 0.23332 0
    outer loop
      vertex 22.2222 -0.281582 0
      vertex 22.2881 -0.556231 0.589999
      vertex 22.2881 -0.556231 0
    endloop
  endfacet
  facet normal 0.9724 -0.23332 0
    outer loop
      vertex 22.2222 0.281582 0.589999
      vertex 22.2881 0.556231 0
      vertex 22.2881 0.556231 0.589999
    endloop
  endfacet
  facet normal 0.9724 -0.23332 0
    outer loop
      vertex 22.2881 0.556231 0
      vertex 22.2222 0.281582 0.589999
      vertex 22.2222 0.281582 0
    endloop
  endfacet
  facet normal -0.233493 -0.972358 0
    outer loop
      vertex 24.2816 1.77784 0
      vertex 24.5562 1.7119 0.589999
      vertex 24.2816 1.77784 0.589999
    endloop
  endfacet
  facet normal -0.233493 -0.972358 -0
    outer loop
      vertex 24.5562 1.7119 0.589999
      vertex 24.2816 1.77784 0
      vertex 24.5562 1.7119 0
    endloop
  endfacet
  facet normal 0.382624 -0.923904 0
    outer loop
      vertex 23.1828 1.60381 0
      vertex 23.4438 1.7119 0.589999
      vertex 23.1828 1.60381 0.589999
    endloop
  endfacet
  facet normal 0.382624 -0.923904 0
    outer loop
      vertex 23.4438 1.7119 0.589999
      vertex 23.1828 1.60381 0
      vertex 23.4438 1.7119 0
    endloop
  endfacet
  facet normal -0.522544 0.852612 0
    outer loop
      vertex 25.058 -1.45623 0
      vertex 24.8172 -1.60381 0.589999
      vertex 25.058 -1.45623 0.589999
    endloop
  endfacet
  facet normal -0.522544 0.852612 0
    outer loop
      vertex 24.8172 -1.60381 0.589999
      vertex 25.058 -1.45623 0
      vertex 24.8172 -1.60381 0
    endloop
  endfacet
  facet normal -0.382624 -0.923904 0
    outer loop
      vertex 24.5562 1.7119 0
      vertex 24.8172 1.60381 0.589999
      vertex 24.5562 1.7119 0.589999
    endloop
  endfacet
  facet normal -0.382624 -0.923904 -0
    outer loop
      vertex 24.8172 1.60381 0.589999
      vertex 24.5562 1.7119 0
      vertex 24.8172 1.60381 0
    endloop
  endfacet
  facet normal -0.760475 0.649367 0
    outer loop
      vertex 25.2728 -1.27279 0
      vertex 25.4562 -1.05801 0.589999
      vertex 25.4562 -1.05801 0
    endloop
  endfacet
  facet normal -0.760475 0.649367 0
    outer loop
      vertex 25.4562 -1.05801 0.589999
      vertex 25.2728 -1.27279 0
      vertex 25.2728 -1.27279 0.589999
    endloop
  endfacet
  facet normal 0.522544 -0.852612 0
    outer loop
      vertex 22.942 1.45623 0
      vertex 23.1828 1.60381 0.589999
      vertex 22.942 1.45623 0.589999
    endloop
  endfacet
  facet normal 0.522544 -0.852612 0
    outer loop
      vertex 23.1828 1.60381 0.589999
      vertex 22.942 1.45623 0
      vertex 23.1828 1.60381 0
    endloop
  endfacet
  facet normal -0.0784506 0.996918 0
    outer loop
      vertex 24.2816 -1.77784 0
      vertex 24 -1.8 0.589999
      vertex 24.2816 -1.77784 0.589999
    endloop
  endfacet
  facet normal -0.0784506 0.996918 0
    outer loop
      vertex 24 -1.8 0.589999
      vertex 24.2816 -1.77784 0
      vertex 24 -1.8 0
    endloop
  endfacet
  facet normal -0.233493 0.972358 0
    outer loop
      vertex 24.5562 -1.7119 0
      vertex 24.2816 -1.77784 0.589999
      vertex 24.5562 -1.7119 0.589999
    endloop
  endfacet
  facet normal -0.233493 0.972358 0
    outer loop
      vertex 24.2816 -1.77784 0.589999
      vertex 24.5562 -1.7119 0
      vertex 24.2816 -1.77784 0
    endloop
  endfacet
  facet normal 0.382624 0.923904 -0
    outer loop
      vertex 23.4438 -1.7119 0
      vertex 23.1828 -1.60381 0.589999
      vertex 23.4438 -1.7119 0.589999
    endloop
  endfacet
  facet normal 0.382624 0.923904 0
    outer loop
      vertex 23.1828 -1.60381 0.589999
      vertex 23.4438 -1.7119 0
      vertex 23.1828 -1.60381 0
    endloop
  endfacet
  facet normal -0.852607 0.522553 0
    outer loop
      vertex 25.4562 -1.05801 0
      vertex 25.6038 -0.817183 0.589999
      vertex 25.6038 -0.817183 0
    endloop
  endfacet
  facet normal -0.852607 0.522553 0
    outer loop
      vertex 25.6038 -0.817183 0.589999
      vertex 25.4562 -1.05801 0
      vertex 25.4562 -1.05801 0.589999
    endloop
  endfacet
  facet normal -0.9724 0.23332 0
    outer loop
      vertex 25.7119 -0.556231 0
      vertex 25.7778 -0.281582 0.589999
      vertex 25.7778 -0.281582 0
    endloop
  endfacet
  facet normal -0.9724 0.23332 0
    outer loop
      vertex 25.7778 -0.281582 0.589999
      vertex 25.7119 -0.556231 0
      vertex 25.7119 -0.556231 0.589999
    endloop
  endfacet
  facet normal -0.923867 0.382714 0
    outer loop
      vertex 25.6038 -0.817183 0
      vertex 25.7119 -0.556231 0.589999
      vertex 25.7119 -0.556231 0
    endloop
  endfacet
  facet normal -0.923867 0.382714 0
    outer loop
      vertex 25.7119 -0.556231 0.589999
      vertex 25.6038 -0.817183 0
      vertex 25.6038 -0.817183 0.589999
    endloop
  endfacet
  facet normal 0.0784506 0.996918 -0
    outer loop
      vertex 24 -1.8 0
      vertex 23.7184 -1.77784 0.589999
      vertex 24 -1.8 0.589999
    endloop
  endfacet
  facet normal 0.0784506 0.996918 0
    outer loop
      vertex 23.7184 -1.77784 0.589999
      vertex 24 -1.8 0
      vertex 23.7184 -1.77784 0
    endloop
  endfacet
  facet normal -0.852607 -0.522553 0
    outer loop
      vertex 25.6038 0.817183 0
      vertex 25.4562 1.05801 0.589999
      vertex 25.4562 1.05801 0
    endloop
  endfacet
  facet normal -0.852607 -0.522553 0
    outer loop
      vertex 25.4562 1.05801 0.589999
      vertex 25.6038 0.817183 0
      vertex 25.6038 0.817183 0.589999
    endloop
  endfacet
  facet normal -0.649414 0.760435 0
    outer loop
      vertex 25.2728 -1.27279 0
      vertex 25.058 -1.45623 0.589999
      vertex 25.2728 -1.27279 0.589999
    endloop
  endfacet
  facet normal -0.649414 0.760435 0
    outer loop
      vertex 25.058 -1.45623 0.589999
      vertex 25.2728 -1.27279 0
      vertex 25.058 -1.45623 0
    endloop
  endfacet
  facet normal 0.996907 -0.0785964 0
    outer loop
      vertex 22.2 0 0.589999
      vertex 22.2222 0.281582 0
      vertex 22.2222 0.281582 0.589999
    endloop
  endfacet
  facet normal 0.996907 -0.0785964 0
    outer loop
      vertex 22.2222 0.281582 0
      vertex 22.2 0 0.589999
      vertex 22.2 0 0
    endloop
  endfacet
  facet normal 0.649414 -0.760435 0
    outer loop
      vertex 22.7272 1.27279 0
      vertex 22.942 1.45623 0.589999
      vertex 22.7272 1.27279 0.589999
    endloop
  endfacet
  facet normal 0.649414 -0.760435 0
    outer loop
      vertex 22.942 1.45623 0.589999
      vertex 22.7272 1.27279 0
      vertex 22.942 1.45623 0
    endloop
  endfacet
  facet normal -0.649414 -0.760435 0
    outer loop
      vertex 25.058 1.45623 0
      vertex 25.2728 1.27279 0.589999
      vertex 25.058 1.45623 0.589999
    endloop
  endfacet
  facet normal -0.649414 -0.760435 -0
    outer loop
      vertex 25.2728 1.27279 0.589999
      vertex 25.058 1.45623 0
      vertex 25.2728 1.27279 0
    endloop
  endfacet
  facet normal -0.382624 0.923904 0
    outer loop
      vertex 24.8172 -1.60381 0
      vertex 24.5562 -1.7119 0.589999
      vertex 24.8172 -1.60381 0.589999
    endloop
  endfacet
  facet normal -0.382624 0.923904 0
    outer loop
      vertex 24.5562 -1.7119 0.589999
      vertex 24.8172 -1.60381 0
      vertex 24.5562 -1.7119 0
    endloop
  endfacet
  facet normal -0.522544 -0.852612 0
    outer loop
      vertex 24.8172 1.60381 0
      vertex 25.058 1.45623 0.589999
      vertex 24.8172 1.60381 0.589999
    endloop
  endfacet
  facet normal -0.522544 -0.852612 -0
    outer loop
      vertex 25.058 1.45623 0.589999
      vertex 24.8172 1.60381 0
      vertex 25.058 1.45623 0
    endloop
  endfacet
  facet normal 0.233493 -0.972358 0
    outer loop
      vertex 23.4438 1.7119 0
      vertex 23.7184 1.77784 0.589999
      vertex 23.4438 1.7119 0.589999
    endloop
  endfacet
  facet normal 0.233493 -0.972358 0
    outer loop
      vertex 23.7184 1.77784 0.589999
      vertex 23.4438 1.7119 0
      vertex 23.7184 1.77784 0
    endloop
  endfacet
  facet normal 0.0784506 -0.996918 0
    outer loop
      vertex 23.7184 1.77784 0
      vertex 24 1.8 0.589999
      vertex 23.7184 1.77784 0.589999
    endloop
  endfacet
  facet normal 0.0784506 -0.996918 0
    outer loop
      vertex 24 1.8 0.589999
      vertex 23.7184 1.77784 0
      vertex 24 1.8 0
    endloop
  endfacet
  facet normal 0 0 -1
    outer loop
      vertex 25.7778 -0.281582 0.589999
      vertex 25.7778 0.281582 0.589999
      vertex 25.8 0 0.589999
    endloop
  endfacet
  facet normal 0 0 -1
    outer loop
      vertex 25.7119 -0.556231 0.589999
      vertex 25.7778 0.281582 0.589999
      vertex 25.7778 -0.281582 0.589999
    endloop
  endfacet
  facet normal 0 0 -1
    outer loop
      vertex 25.7119 -0.556231 0.589999
      vertex 25.7119 0.556231 0.589999
      vertex 25.7778 0.281582 0.589999
    endloop
  endfacet
  facet normal 0 0 -1
    outer loop
      vertex 25.6038 -0.817183 0.589999
      vertex 25.7119 0.556231 0.589999
      vertex 25.7119 -0.556231 0.589999
    endloop
  endfacet
  facet normal 0 0 -1
    outer loop
      vertex 25.6038 -0.817183 0.589999
      vertex 25.6038 0.817183 0.589999
      vertex 25.7119 0.556231 0.589999
    endloop
  endfacet
  facet normal 0 0 -1
    outer loop
      vertex 25.4562 -1.05801 0.589999
      vertex 25.6038 0.817183 0.589999
      vertex 25.6038 -0.817183 0.589999
    endloop
  endfacet
  facet normal 0 0 -1
    outer loop
      vertex 25.4562 -1.05801 0.589999
      vertex 25.4562 1.05801 0.589999
      vertex 25.6038 0.817183 0.589999
    endloop
  endfacet
  facet normal 0 0 -1
    outer loop
      vertex 25.2728 -1.27279 0.589999
      vertex 25.4562 1.05801 0.589999
      vertex 25.4562 -1.05801 0.589999
    endloop
  endfacet
  facet normal 0 0 -1
    outer loop
      vertex 25.2728 -1.27279 0.589999
      vertex 25.2728 1.27279 0.589999
      vertex 25.4562 1.05801 0.589999
    endloop
  endfacet
  facet normal 0 0 -1
    outer loop
      vertex 25.058 -1.45623 0.589999
      vertex 25.2728 1.27279 0.589999
      vertex 25.2728 -1.27279 0.589999
    endloop
  endfacet
  facet normal 0 0 -1
    outer loop
      vertex 25.058 -1.45623 0.589999
      vertex 25.058 1.45623 0.589999
      vertex 25.2728 1.27279 0.589999
    endloop
  endfacet
  facet normal 0 0 -1
    outer loop
      vertex 24.8172 -1.60381 0.589999
      vertex 25.058 1.45623 0.589999
      vertex 25.058 -1.45623 0.589999
    endloop
  endfacet
  facet normal 0 0 -1
    outer loop
      vertex 24.8172 -1.60381 0.589999
      vertex 24.8172 1.60381 0.589999
      vertex 25.058 1.45623 0.589999
    endloop
  endfacet
  facet normal 0 0 -1
    outer loop
      vertex 24.5562 -1.7119 0.589999
      vertex 24.8172 1.60381 0.589999
      vertex 24.8172 -1.60381 0.589999
    endloop
  endfacet
  facet normal 0 0 -1
    outer loop
      vertex 24.5562 -1.7119 0.589999
      vertex 24.5562 1.7119 0.589999
      vertex 24.8172 1.60381 0.589999
    endloop
  endfacet
  facet normal 0 0 -1
    outer loop
      vertex 24.2816 -1.77784 0.589999
      vertex 24.5562 1.7119 0.589999
      vertex 24.5562 -1.7119 0.589999
    endloop
  endfacet
  facet normal 0 0 -1
    outer loop
      vertex 24.2816 -1.77784 0.589999
      vertex 24.2816 1.77784 0.589999
      vertex 24.5562 1.7119 0.589999
    endloop
  endfacet
  facet normal 0 0 -1
    outer loop
      vertex 24 -1.8 0.589999
      vertex 24.2816 1.77784 0.589999
      vertex 24.2816 -1.77784 0.589999
    endloop
  endfacet
  facet normal 0 0 -1
    outer loop
      vertex 24 -1.8 0.589999
      vertex 24 1.8 0.589999
      vertex 24.2816 1.77784 0.589999
    endloop
  endfacet
  facet normal 0 0 -1
    outer loop
      vertex 23.7184 -1.77784 0.589999
      vertex 24 1.8 0.589999
      vertex 24 -1.8 0.589999
    endloop
  endfacet
  facet normal 0 0 -1
    outer loop
      vertex 23.7184 -1.77784 0.589999
      vertex 23.7184 1.77784 0.589999
      vertex 24 1.8 0.589999
    endloop
  endfacet
  facet normal 0 0 -1
    outer loop
      vertex 23.4438 -1.7119 0.589999
      vertex 23.7184 1.77784 0.589999
      vertex 23.7184 -1.77784 0.589999
    endloop
  endfacet
  facet normal 0 0 -1
    outer loop
      vertex 23.4438 -1.7119 0.589999
      vertex 23.4438 1.7119 0.589999
      vertex 23.7184 1.77784 0.589999
    endloop
  endfacet
  facet normal 0 0 -1
    outer loop
      vertex 23.1828 -1.60381 0.589999
      vertex 23.4438 1.7119 0.589999
      vertex 23.4438 -1.7119 0.589999
    endloop
  endfacet
  facet normal 0 0 -1
    outer loop
      vertex 23.1828 -1.60381 0.589999
      vertex 23.1828 1.60381 0.589999
      vertex 23.4438 1.7119 0.589999
    endloop
  endfacet
  facet normal 0 0 -1
    outer loop
      vertex 22.942 -1.45623 0.589999
      vertex 23.1828 1.60381 0.589999
      vertex 23.1828 -1.60381 0.589999
    endloop
  endfacet
  facet normal 0 0 -1
    outer loop
      vertex 22.942 -1.45623 0.589999
      vertex 22.942 1.45623 0.589999
      vertex 23.1828 1.60381 0.589999
    endloop
  endfacet
  facet normal 0 0 -1
    outer loop
      vertex 22.7272 -1.27279 0.589999
      vertex 22.942 1.45623 0.589999
      vertex 22.942 -1.45623 0.589999
    endloop
  endfacet
  facet normal 0 0 -1
    outer loop
      vertex 22.7272 -1.27279 0.589999
      vertex 22.7272 1.27279 0.589999
      vertex 22.942 1.45623 0.589999
    endloop
  endfacet
  facet normal 0 0 -1
    outer loop
      vertex 22.5438 -1.05801 0.589999
      vertex 22.7272 1.27279 0.589999
      vertex 22.7272 -1.27279 0.589999
    endloop
  endfacet
  facet normal 0 0 -1
    outer loop
      vertex 22.5438 -1.05801 0.589999
      vertex 22.5438 1.05801 0.589999
      vertex 22.7272 1.27279 0.589999
    endloop
  endfacet
  facet normal 0 0 -1
    outer loop
      vertex 22.3962 -0.817183 0.589999
      vertex 22.5438 1.05801 0.589999
      vertex 22.5438 -1.05801 0.589999
    endloop
  endfacet
  facet normal 0 0 -1
    outer loop
      vertex 22.3962 -0.817183 0.589999
      vertex 22.3962 0.817183 0.589999
      vertex 22.5438 1.05801 0.589999
    endloop
  endfacet
  facet normal 0 0 -1
    outer loop
      vertex 22.2881 -0.556231 0.589999
      vertex 22.3962 0.817183 0.589999
      vertex 22.3962 -0.817183 0.589999
    endloop
  endfacet
  facet normal 0 0 -1
    outer loop
      vertex 22.2881 -0.556231 0.589999
      vertex 22.2881 0.556231 0.589999
      vertex 22.3962 0.817183 0.589999
    endloop
  endfacet
  facet normal 0 0 -1
    outer loop
      vertex 22.2222 -0.281582 0.589999
      vertex 22.2881 0.556231 0.589999
      vertex 22.2881 -0.556231 0.589999
    endloop
  endfacet
  facet normal 0 0 -1
    outer loop
      vertex 22.2222 -0.281582 0.589999
      vertex 22.2222 0.281582 0.589999
      vertex 22.2881 0.556231 0.589999
    endloop
  endfacet
  facet normal 0 -0 -1
    outer loop
      vertex 22.2222 0.281582 0.589999
      vertex 22.2222 -0.281582 0.589999
      vertex 22.2 0 0.589999
    endloop
  endfacet
  facet normal 0.996907 0.0785964 0
    outer loop
      vertex 22.2222 -0.281582 0.589999
      vertex 22.2 0 0
      vertex 22.2 0 0.589999
    endloop
  endfacet
  facet normal 0.996907 0.0785964 0
    outer loop
      vertex 22.2 0 0
      vertex 22.2222 -0.281582 0.589999
      vertex 22.2222 -0.281582 0
    endloop
  endfacet
  facet normal -0.923867 -0.382714 0
    outer loop
      vertex 25.7119 0.556231 0
      vertex 25.6038 0.817183 0.589999
      vertex 25.6038 0.817183 0
    endloop
  endfacet
  facet normal -0.923867 -0.382714 0
    outer loop
      vertex 25.6038 0.817183 0.589999
      vertex 25.7119 0.556231 0
      vertex 25.7119 0.556231 0.589999
    endloop
  endfacet
  facet normal 0.852607 -0.522553 0
    outer loop
      vertex 22.3962 0.817183 0.589999
      vertex 22.5438 1.05801 0
      vertex 22.5438 1.05801 0.589999
    endloop
  endfacet
  facet normal 0.852607 -0.522553 0
    outer loop
      vertex 22.5438 1.05801 0
      vertex 22.3962 0.817183 0.589999
      vertex 22.3962 0.817183 0
    endloop
  endfacet
  facet normal 0.233493 0.972358 -0
    outer loop
      vertex 23.7184 -1.77784 0
      vertex 23.4438 -1.7119 0.589999
      vertex 23.7184 -1.77784 0.589999
    endloop
  endfacet
  facet normal 0.233493 0.972358 0
    outer loop
      vertex 23.4438 -1.7119 0.589999
      vertex 23.7184 -1.77784 0
      vertex 23.4438 -1.7119 0
    endloop
  endfacet
  facet normal -0.0784506 -0.996918 0
    outer loop
      vertex 24 1.8 0
      vertex 24.2816 1.77784 0.589999
      vertex 24 1.8 0.589999
    endloop
  endfacet
  facet normal -0.0784506 -0.996918 -0
    outer loop
      vertex 24.2816 1.77784 0.589999
      vertex 24 1.8 0
      vertex 24.2816 1.77784 0
    endloop
  endfacet
  facet normal 0.852607 0.522553 0
    outer loop
      vertex 22.5438 -1.05801 0.589999
      vertex 22.3962 -0.817183 0
      vertex 22.3962 -0.817183 0.589999
    endloop
  endfacet
  facet normal 0.852607 0.522553 0
    outer loop
      vertex 22.3962 -0.817183 0
      vertex 22.5438 -1.05801 0.589999
      vertex 22.5438 -1.05801 0
    endloop
  endfacet
  facet normal 0.649414 0.760435 -0
    outer loop
      vertex 22.942 -1.45623 0
      vertex 22.7272 -1.27279 0.589999
      vertex 22.942 -1.45623 0.589999
    endloop
  endfacet
  facet normal 0.649414 0.760435 0
    outer loop
      vertex 22.7272 -1.27279 0.589999
      vertex 22.942 -1.45623 0
      vertex 22.7272 -1.27279 0
    endloop
  endfacet
  facet normal 0.923867 -0.382714 0
    outer loop
      vertex 22.2881 0.556231 0.589999
      vertex 22.3962 0.817183 0
      vertex 22.3962 0.817183 0.589999
    endloop
  endfacet
  facet normal 0.923867 -0.382714 0
    outer loop
      vertex 22.3962 0.817183 0
      vertex 22.2881 0.556231 0.589999
      vertex 22.2881 0.556231 0
    endloop
  endfacet
  facet normal 0.522544 0.852612 -0
    outer loop
      vertex 23.1828 -1.60381 0
      vertex 22.942 -1.45623 0.589999
      vertex 23.1828 -1.60381 0.589999
    endloop
  endfacet
  facet normal 0.522544 0.852612 0
    outer loop
      vertex 22.942 -1.45623 0.589999
      vertex 23.1828 -1.60381 0
      vertex 22.942 -1.45623 0
    endloop
  endfacet
endsolid OpenSCAD_Model
